dataset,dataset_variant,file,ablation_variant,psnr,ssim,lpips,lpips_resize
LOL-v2,Synthetic,r00816405t.png,full,28.193476859848154,0.9653388261795044,0.030080780386924744,0.024135097861289978
LOL-v2,Synthetic,r00816405t.png,retinex_base_only,10.578469801686587,0.5447604656219482,0.20591482520103455,0.19026917219161987
LOL-v2,Synthetic,r00816405t.png,without_residual_refinement,19.455462040249614,0.9197972416877747,0.047768060117959976,0.038306351751089096
LOL-v2,Synthetic,r00816405t.png,without_tapetum_update,12.582915647364688,0.6879474520683289,0.1823708862066269,0.16718733310699463
LOL-v2,Synthetic,r00816405t.png,without_attention_modulation,28.193468187932304,0.9653387665748596,0.03008079156279564,0.024135150015354156
LOL-v2,Synthetic,r00816405t.png,without_spatial_amplification,10.927195473792883,0.564128577709198,0.2155337780714035,0.21103475987911224
LOL-v2,Synthetic,r00816405t.png,without_high_frequency_cue,28.191816503732344,0.9653032422065735,0.030310997739434242,0.02440796047449112
LOL-v2,Synthetic,r00816405t.png,without_darkness_gate,23.545364495886467,0.9480404853820801,0.0545123815536499,0.04343924671411514
LOL-v2,Synthetic,r00869422t.png,full,28.278567447234742,0.9117896556854248,0.06686414778232574,0.059145912528038025
LOL-v2,Synthetic,r00869422t.png,retinex_base_only,12.865561203478329,0.49455761909484863,0.17111919820308685,0.1765112280845642
LOL-v2,Synthetic,r00869422t.png,without_residual_refinement,20.18915246898727,0.820194661617279,0.08140980452299118,0.07613454759120941
LOL-v2,Synthetic,r00869422t.png,without_tapetum_update,15.040056190557987,0.6710739731788635,0.15351064503192902,0.15678086876869202
LOL-v2,Synthetic,r00869422t.png,without_attention_modulation,28.278566426830153,0.91178959608078,0.06686411798000336,0.059145860373973846
LOL-v2,Synthetic,r00869422t.png,without_spatial_amplification,13.322738240093255,0.49784767627716064,0.16408339142799377,0.16977661848068237
LOL-v2,Synthetic,r00869422t.png,without_high_frequency_cue,28.28463629088632,0.9122076034545898,0.06674452126026154,0.058768078684806824
LOL-v2,Synthetic,r00869422t.png,without_darkness_gate,22.905225331037627,0.877665638923645,0.08011692017316818,0.07585657387971878
LOL-v2,Synthetic,r00879054t.png,full,25.359881480624296,0.941085696220398,0.05669959634542465,0.05444274842739105
LOL-v2,Synthetic,r00879054t.png,retinex_base_only,9.74525455942333,0.6394863724708557,0.2951354682445526,0.298107773065567
LOL-v2,Synthetic,r00879054t.png,without_residual_refinement,18.542534742211867,0.888033390045166,0.096982941031456,0.09622672200202942
LOL-v2,Synthetic,r00879054t.png,without_tapetum_update,11.551042393643225,0.769376277923584,0.24116696417331696,0.2359342873096466
LOL-v2,Synthetic,r00879054t.png,without_attention_modulation,25.359881480624296,0.941085696220398,0.056699469685554504,0.05444240942597389
LOL-v2,Synthetic,r00879054t.png,without_spatial_amplification,10.68589454531283,0.7147728204727173,0.26969045400619507,0.26647353172302246
LOL-v2,Synthetic,r00879054t.png,without_high_frequency_cue,25.360231312646206,0.9411072134971619,0.05662460997700691,0.05438680946826935
LOL-v2,Synthetic,r00879054t.png,without_darkness_gate,19.140490820094985,0.9137662053108215,0.1217321902513504,0.1300543248653412
LOL-v2,Synthetic,r01058910t.png,full,12.574279855814465,0.8478591442108154,0.10670380294322968,0.11284126341342926
LOL-v2,Synthetic,r01058910t.png,retinex_base_only,26.13508150730434,0.980464518070221,0.0184033066034317,0.017950493842363358
LOL-v2,Synthetic,r01058910t.png,without_residual_refinement,12.922532976838276,0.8714273571968079,0.08070467412471771,0.08055492490530014
LOL-v2,Synthetic,r01058910t.png,without_tapetum_update,31.63536585460224,0.9832691550254822,0.02020055055618286,0.020690949633717537
LOL-v2,Synthetic,r01058910t.png,without_attention_modulation,12.574277514486308,0.8478590846061707,0.10670380294322968,0.11284127831459045
LOL-v2,Synthetic,r01058910t.png,without_spatial_amplification,32.45209399883339,0.9809037446975708,0.020744986832141876,0.021029582247138023
LOL-v2,Synthetic,r01058910t.png,without_high_frequency_cue,12.590851456765071,0.8481268882751465,0.1061697006225586,0.11241848021745682
LOL-v2,Synthetic,r01058910t.png,without_darkness_gate,6.754876775423257,0.5959075093269348,0.4219886362552643,0.4077479839324951
LOL-v2,Synthetic,r01170470t.png,full,28.800011183494046,0.9728384613990784,0.02877546288073063,0.020689357072114944
LOL-v2,Synthetic,r01170470t.png,retinex_base_only,10.605657530208655,0.7227845191955566,0.18202875554561615,0.17015714943408966
LOL-v2,Synthetic,r01170470t.png,without_residual_refinement,22.90301935502868,0.9546474814414978,0.03685355931520462,0.028718531131744385
LOL-v2,Synthetic,r01170470t.png,without_tapetum_update,12.231006925647485,0.8169985413551331,0.1635209023952484,0.150648832321167
LOL-v2,Synthetic,r01170470t.png,without_attention_modulation,28.800003896493376,0.9728385210037231,0.028775513172149658,0.02068934589624405
LOL-v2,Synthetic,r01170470t.png,without_spatial_amplification,11.316643632532672,0.7844974398612976,0.17385390400886536,0.159275084733963
LOL-v2,Synthetic,r01170470t.png,without_high_frequency_cue,28.789762030652867,0.9728713035583496,0.028747878968715668,0.0206268560141325
LOL-v2,Synthetic,r01170470t.png,without_darkness_gate,17.512389020231407,0.939516544342041,0.08721382170915604,0.0738346055150032
LOL-v2,Synthetic,r01474187t.png,full,22.474753501492167,0.9584437012672424,0.03540670871734619,0.029073566198349
LOL-v2,Synthetic,r01474187t.png,retinex_base_only,12.70823693425591,0.7111361622810364,0.16076481342315674,0.15282690525054932
LOL-v2,Synthetic,r01474187t.png,without_residual_refinement,21.255306438686887,0.9410058259963989,0.06081762537360191,0.05135779082775116
LOL-v2,Synthetic,r01474187t.png,without_tapetum_update,12.295129282465487,0.6628034710884094,0.1619221270084381,0.15599197149276733
LOL-v2,Synthetic,r01474187t.png,without_attention_modulation,22.474754216580727,0.9584437012672424,0.03540670871734619,0.0290735624730587
LOL-v2,Synthetic,r01474187t.png,without_spatial_amplification,11.648928387112292,0.6229992508888245,0.1710072010755539,0.16493718326091766
LOL-v2,Synthetic,r01474187t.png,without_high_frequency_cue,22.42113952560502,0.9577954411506653,0.03965457156300545,0.03291976451873779
LOL-v2,Synthetic,r01474187t.png,without_darkness_gate,16.701098756339437,0.8148177862167358,0.1882352977991104,0.16019542515277863
LOL-v2,Synthetic,r0150031ft.png,full,27.090125754200226,0.9700500965118408,0.03012380376458168,0.021625280380249023
LOL-v2,Synthetic,r0150031ft.png,retinex_base_only,9.860655476927926,0.6506476998329163,0.18215018510818481,0.16274048388004303
LOL-v2,Synthetic,r0150031ft.png,without_residual_refinement,20.0964290890413,0.9442496299743652,0.04333474859595299,0.03491295874118805
LOL-v2,Synthetic,r0150031ft.png,without_tapetum_update,9.8908850566274,0.6680400371551514,0.19232358038425446,0.16979803144931793
LOL-v2,Synthetic,r0150031ft.png,without_attention_modulation,27.09012678902561,0.9700500965118408,0.03012368083000183,0.021625354886054993
LOL-v2,Synthetic,r0150031ft.png,without_spatial_amplification,9.090519047311963,0.5808714628219604,0.19155286252498627,0.17297887802124023
LOL-v2,Synthetic,r0150031ft.png,without_high_frequency_cue,27.08354046475787,0.9699649214744568,0.030349107459187508,0.021829204633831978
LOL-v2,Synthetic,r0150031ft.png,without_darkness_gate,20.371759540080486,0.9440249800682068,0.05084051564335823,0.04172399267554283
LOL-v2,Synthetic,r01559391t.png,full,21.229631587008804,0.8528449535369873,0.09111230075359344,0.08327671140432358
LOL-v2,Synthetic,r01559391t.png,retinex_base_only,19.484724914061996,0.7141969799995422,0.12205633521080017,0.12090566754341125
LOL-v2,Synthetic,r01559391t.png,without_residual_refinement,29.08908858703044,0.9201330542564392,0.06434427201747894,0.0566314198076725
LOL-v2,Synthetic,r01559391t.png,without_tapetum_update,23.57178156770809,0.8262248635292053,0.12383753061294556,0.11292338371276855
LOL-v2,Synthetic,r01559391t.png,without_attention_modulation,21.22963078174381,0.8528448939323425,0.09111231565475464,0.08327670395374298
LOL-v2,Synthetic,r01559391t.png,without_spatial_amplification,20.61690016732225,0.7052486538887024,0.144087553024292,0.13681024312973022
LOL-v2,Synthetic,r01559391t.png,without_high_frequency_cue,21.22927003804385,0.8530470132827759,0.09084402024745941,0.08299282193183899
LOL-v2,Synthetic,r01559391t.png,without_darkness_gate,17.517296376016283,0.8051906228065491,0.10554174333810806,0.09772403538227081
LOL-v2,Synthetic,r02189767t.png,full,24.26954848738282,0.9157836437225342,0.06107708439230919,0.04237186163663864
LOL-v2,Synthetic,r02189767t.png,retinex_base_only,10.36970102882112,0.48221924901008606,0.24110761284828186,0.21139392256736755
LOL-v2,Synthetic,r02189767t.png,without_residual_refinement,18.036618018391394,0.7848334312438965,0.08892089873552322,0.07188919186592102
LOL-v2,Synthetic,r02189767t.png,without_tapetum_update,11.519320601969728,0.6306217312812805,0.21299582719802856,0.18238791823387146
LOL-v2,Synthetic,r02189767t.png,without_attention_modulation,24.26954875764129,0.915783703327179,0.061077047139406204,0.042371850460767746
LOL-v2,Synthetic,r02189767t.png,without_spatial_amplification,10.0862250933843,0.4884308874607086,0.23715785145759583,0.20970387756824493
LOL-v2,Synthetic,r02189767t.png,without_high_frequency_cue,24.27001741112688,0.9157765507698059,0.0611594021320343,0.042438097298145294
LOL-v2,Synthetic,r02189767t.png,without_darkness_gate,22.322873391122915,0.9095261693000793,0.08493101596832275,0.06331022083759308
LOL-v2,Synthetic,r02354285t.png,full,24.10354396431933,0.8917510509490967,0.0788579210639,0.0722712054848671
LOL-v2,Synthetic,r02354285t.png,retinex_base_only,12.217680080013217,0.548324465751648,0.2540031373500824,0.2705543637275696
LOL-v2,Synthetic,r02354285t.png,without_residual_refinement,18.41062820552939,0.8170269727706909,0.10774201899766922,0.10988985002040863
LOL-v2,Synthetic,r02354285t.png,without_tapetum_update,14.155284356240312,0.6907447576522827,0.2177351713180542,0.21554185450077057
LOL-v2,Synthetic,r02354285t.png,without_attention_modulation,24.10354396431933,0.8917510509490967,0.0788579210639,0.0722712054848671
LOL-v2,Synthetic,r02354285t.png,without_spatial_amplification,13.10818961674583,0.6274584531784058,0.2392648309469223,0.2469647079706192
LOL-v2,Synthetic,r02354285t.png,without_high_frequency_cue,24.103297374663594,0.8917059898376465,0.07902860641479492,0.07243149727582932
LOL-v2,Synthetic,r02354285t.png,without_darkness_gate,24.809433112033282,0.8928366899490356,0.10341373831033707,0.09498780965805054
LOL-v2,Synthetic,r02508493t.png,full,21.875779366398977,0.9422680735588074,0.043565161526203156,0.03784814476966858
LOL-v2,Synthetic,r02508493t.png,retinex_base_only,9.64725888462257,0.5114785432815552,0.23922398686408997,0.2514979839324951
LOL-v2,Synthetic,r02508493t.png,without_residual_refinement,16.105275966891362,0.8497432470321655,0.08022008836269379,0.07807941734790802
LOL-v2,Synthetic,r02508493t.png,without_tapetum_update,11.587843586412344,0.6772370338439941,0.1951068788766861,0.2075939178466797
LOL-v2,Synthetic,r02508493t.png,without_attention_modulation,21.875781546770654,0.9422680735588074,0.04356518015265465,0.03784812241792679
LOL-v2,Synthetic,r02508493t.png,without_spatial_amplification,9.927742189056676,0.5415224432945251,0.2435305416584015,0.25559040904045105
LOL-v2,Synthetic,r02508493t.png,without_high_frequency_cue,21.875462601174753,0.9422234296798706,0.04371199384331703,0.03804536163806915
LOL-v2,Synthetic,r02508493t.png,without_darkness_gate,23.940587640128477,0.9243450164794922,0.07224486023187637,0.06566287577152252
LOL-v2,Synthetic,r0287344at.png,full,31.6349171857726,0.9761573076248169,0.01939944177865982,0.015120558440685272
LOL-v2,Synthetic,r0287344at.png,retinex_base_only,11.618009472240704,0.7140348553657532,0.1619340479373932,0.16540050506591797
LOL-v2,Synthetic,r0287344at.png,without_residual_refinement,23.684019846179343,0.965918779373169,0.02713865041732788,0.026483532041311264
LOL-v2,Synthetic,r0287344at.png,without_tapetum_update,11.503504547307337,0.7304015159606934,0.16493520140647888,0.16490384936332703
LOL-v2,Synthetic,r0287344at.png,without_attention_modulation,31.6349175541188,0.9761573672294617,0.01939944177865982,0.015120557509362698
LOL-v2,Synthetic,r0287344at.png,without_spatial_amplification,10.745472300434066,0.6720561385154724,0.17537496984004974,0.17807261645793915
LOL-v2,Synthetic,r0287344at.png,without_high_frequency_cue,31.656816339828012,0.9767807126045227,0.018939215689897537,0.01471730601042509
LOL-v2,Synthetic,r0287344at.png,without_darkness_gate,17.807510691406225,0.8532737493515015,0.10803040862083435,0.091258205473423
LOL-v2,Synthetic,r02897203t.png,full,17.043933975527533,0.9291861057281494,0.05681492015719414,0.05080706998705864
LOL-v2,Synthetic,r02897203t.png,retinex_base_only,8.442447647986848,0.5171616673469543,0.2564826011657715,0.2677825093269348
LOL-v2,Synthetic,r02897203t.png,without_residual_refinement,13.40274635429413,0.8483187556266785,0.09256803244352341,0.08641937375068665
LOL-v2,Synthetic,r02897203t.png,without_tapetum_update,8.729378371450386,0.5464293956756592,0.24965447187423706,0.2644137144088745
LOL-v2,Synthetic,r02897203t.png,without_attention_modulation,17.043936842384447,0.9291861057281494,0.056815050542354584,0.05080714076757431
LOL-v2,Synthetic,r02897203t.png,without_spatial_amplification,7.920055674789175,0.4617709219455719,0.27326470613479614,0.2854439616203308
LOL-v2,Synthetic,r02897203t.png,without_high_frequency_cue,17.0428619037282,0.9291805624961853,0.05686189606785774,0.050806790590286255
LOL-v2,Synthetic,r02897203t.png,without_darkness_gate,20.48351862360162,0.949923038482666,0.06339551508426666,0.05273236334323883
LOL-v2,Synthetic,r03193652t.png,full,15.765295186140946,0.8217433094978333,0.10591276735067368,0.10166160762310028
LOL-v2,Synthetic,r03193652t.png,retinex_base_only,8.420601318479958,0.46212664246559143,0.29871174693107605,0.3110082745552063
LOL-v2,Synthetic,r03193652t.png,without_residual_refinement,12.975845505594803,0.7241305708885193,0.15648770332336426,0.16396169364452362
LOL-v2,Synthetic,r03193652t.png,without_tapetum_update,8.895119118409436,0.5136356353759766,0.26568374037742615,0.2748163640499115
LOL-v2,Synthetic,r03193652t.png,without_attention_modulation,15.765297626951455,0.8217433094978333,0.10591282695531845,0.10166160762310028
LOL-v2,Synthetic,r03193652t.png,without_spatial_amplification,8.16037930176009,0.4288158416748047,0.28764835000038147,0.2954116463661194
LOL-v2,Synthetic,r03193652t.png,without_high_frequency_cue,15.766092183674738,0.8213925361633301,0.10666962713003159,0.10230579227209091
LOL-v2,Synthetic,r03193652t.png,without_darkness_gate,17.94087558405121,0.7997304201126099,0.13447429239749908,0.12280779331922531
LOL-v2,Synthetic,r0341853dt.png,full,22.128787303910382,0.9430117607116699,0.06324580311775208,0.04917137324810028
LOL-v2,Synthetic,r0341853dt.png,retinex_base_only,9.52865545249302,0.6038191318511963,0.2373642921447754,0.2330496609210968
LOL-v2,Synthetic,r0341853dt.png,without_residual_refinement,16.46465806020798,0.8889031410217285,0.08978253602981567,0.07744291424751282
LOL-v2,Synthetic,r0341853dt.png,without_tapetum_update,11.549241004490034,0.7461098432540894,0.19384193420410156,0.1872461885213852
LOL-v2,Synthetic,r0341853dt.png,without_attention_modulation,22.128792586579667,0.9430117607116699,0.06324583292007446,0.049171317368745804
LOL-v2,Synthetic,r0341853dt.png,without_spatial_amplification,11.169123344772542,0.7264481782913208,0.2110886424779892,0.205675408244133
LOL-v2,Synthetic,r0341853dt.png,without_high_frequency_cue,22.129210928356034,0.9429913759231567,0.06317207217216492,0.049130942672491074
LOL-v2,Synthetic,r0341853dt.png,without_darkness_gate,21.992589760446478,0.8993136286735535,0.12734541296958923,0.11362064629793167
LOL-v2,Synthetic,r0372042dt.png,full,25.516895160920924,0.8926404118537903,0.08657076209783554,0.07827512919902802
LOL-v2,Synthetic,r0372042dt.png,retinex_base_only,18.20665005996396,0.6508811116218567,0.12003913521766663,0.11869749426841736
LOL-v2,Synthetic,r0372042dt.png,without_residual_refinement,32.66855690406019,0.900606095790863,0.04101037234067917,0.03641354292631149
LOL-v2,Synthetic,r0372042dt.png,without_tapetum_update,19.093756111065318,0.7414748072624207,0.10174572467803955,0.10461331158876419
LOL-v2,Synthetic,r0372042dt.png,without_attention_modulation,25.516893720219826,0.8926404118537903,0.0865708738565445,0.0782751590013504
LOL-v2,Synthetic,r0372042dt.png,without_spatial_amplification,17.650987757552258,0.5632167458534241,0.1290483921766281,0.1344539225101471
LOL-v2,Synthetic,r0372042dt.png,without_high_frequency_cue,25.520457675200845,0.8929572105407715,0.08655465394258499,0.07822880893945694
LOL-v2,Synthetic,r0372042dt.png,without_darkness_gate,18.232844040407517,0.8502389192581177,0.13535071909427643,0.12138604372739792
LOL-v2,Synthetic,r04317453t.png,full,26.46390949562187,0.9713550209999084,0.03241894021630287,0.025012487545609474
LOL-v2,Synthetic,r04317453t.png,retinex_base_only,10.156575743524671,0.5778598189353943,0.23724019527435303,0.21684518456459045
LOL-v2,Synthetic,r04317453t.png,without_residual_refinement,18.291528015700898,0.9154585599899292,0.05518478900194168,0.046205971390008926
LOL-v2,Synthetic,r04317453t.png,without_tapetum_update,12.254502873633339,0.7553744912147522,0.1950206160545349,0.17452195286750793
LOL-v2,Synthetic,r04317453t.png,without_attention_modulation,26.463919350212166,0.9713550209999084,0.03241896629333496,0.02501247078180313
LOL-v2,Synthetic,r04317453t.png,without_spatial_amplification,11.275909668338272,0.6987711787223816,0.18495479226112366,0.1603550910949707
LOL-v2,Synthetic,r04317453t.png,without_high_frequency_cue,26.45984951560257,0.9712134003639221,0.03245808556675911,0.025072015821933746
LOL-v2,Synthetic,r04317453t.png,without_darkness_gate,26.467099070868873,0.9709228277206421,0.03481065854430199,0.02566426433622837
LOL-v2,Synthetic,r0465565ct.png,full,25.71180351890439,0.9633941650390625,0.04010733962059021,0.02985416352748871
LOL-v2,Synthetic,r0465565ct.png,retinex_base_only,9.723349238198855,0.5947985649108887,0.23223838210105896,0.2342771589756012
LOL-v2,Synthetic,r0465565ct.png,without_residual_refinement,18.368430963492195,0.9165531396865845,0.05765697732567787,0.049411285668611526
LOL-v2,Synthetic,r0465565ct.png,without_tapetum_update,11.274535168377554,0.7106699347496033,0.21315224468708038,0.2040741741657257
LOL-v2,Synthetic,r0465565ct.png,without_attention_modulation,25.711806909277396,0.9633941650390625,0.04010713845491409,0.029853956773877144
LOL-v2,Synthetic,r0465565ct.png,without_spatial_amplification,9.790846374304877,0.6095661520957947,0.24158962070941925,0.23360271751880646
LOL-v2,Synthetic,r0465565ct.png,without_high_frequency_cue,25.708480342874687,0.9633177518844604,0.04026760160923004,0.029940342530608177
LOL-v2,Synthetic,r0465565ct.png,without_darkness_gate,20.780899005174618,0.9393410086631775,0.07825034856796265,0.064658023416996
LOL-v2,Synthetic,r05243256t.png,full,24.398835669205408,0.9214240312576294,0.06958545744419098,0.07198307663202286
LOL-v2,Synthetic,r05243256t.png,retinex_base_only,15.377187961019786,0.5959678888320923,0.1624850332736969,0.1826428323984146
LOL-v2,Synthetic,r05243256t.png,without_residual_refinement,22.93174151800882,0.8650586009025574,0.08124798536300659,0.08632282167673111
LOL-v2,Synthetic,r05243256t.png,without_tapetum_update,17.040577365561425,0.7222462892532349,0.13361810147762299,0.14633312821388245
LOL-v2,Synthetic,r05243256t.png,without_attention_modulation,24.39883539078055,0.9214239716529846,0.06958545744419098,0.07198308408260345
LOL-v2,Synthetic,r05243256t.png,without_spatial_amplification,15.118248682922255,0.5830965638160706,0.1621774137020111,0.1799185872077942
LOL-v2,Synthetic,r05243256t.png,without_high_frequency_cue,24.380839428586224,0.9212611317634583,0.06997568160295486,0.07233856618404388
LOL-v2,Synthetic,r05243256t.png,without_darkness_gate,18.187549243875342,0.8535642623901367,0.11231201887130737,0.12242806702852249
LOL-v2,Synthetic,r05772356t.png,full,16.042484532758934,0.911241888999939,0.11514261364936829,0.10124833881855011
LOL-v2,Synthetic,r05772356t.png,retinex_base_only,8.155354771715238,0.5535645484924316,0.34001100063323975,0.33022770285606384
LOL-v2,Synthetic,r05772356t.png,without_residual_refinement,13.113019218110168,0.8421387672424316,0.15779699385166168,0.1466890126466751
LOL-v2,Synthetic,r05772356t.png,without_tapetum_update,8.116138888533035,0.5611512064933777,0.34301045536994934,0.33519911766052246
LOL-v2,Synthetic,r05772356t.png,without_attention_modulation,16.042486809224282,0.911241888999939,0.1151425689458847,0.10124833881855011
LOL-v2,Synthetic,r05772356t.png,without_spatial_amplification,7.651153267173726,0.5224419236183167,0.35542479157447815,0.35107994079589844
LOL-v2,Synthetic,r05772356t.png,without_high_frequency_cue,16.038190317068924,0.9103673100471497,0.1176784560084343,0.10268321633338928
LOL-v2,Synthetic,r05772356t.png,without_darkness_gate,20.773604730413318,0.8994806408882141,0.1529475599527359,0.13142715394496918
LOL-v2,Synthetic,r05839451t.png,full,27.172105938912697,0.965721845626831,0.01782698556780815,0.015407005324959755
LOL-v2,Synthetic,r05839451t.png,retinex_base_only,13.256222006837309,0.7346975803375244,0.14835208654403687,0.1445758044719696
LOL-v2,Synthetic,r05839451t.png,without_residual_refinement,22.329160571220612,0.9374343156814575,0.041609324514865875,0.041636619716882706
LOL-v2,Synthetic,r05839451t.png,without_tapetum_update,12.916348837075617,0.7235046625137329,0.15076303482055664,0.14330099523067474
LOL-v2,Synthetic,r05839451t.png,without_attention_modulation,27.172106202548907,0.965721845626831,0.017827073112130165,0.015407085418701172
LOL-v2,Synthetic,r05839451t.png,without_spatial_amplification,12.31822237811378,0.681110680103302,0.15903331339359283,0.1547309309244156
LOL-v2,Synthetic,r05839451t.png,without_high_frequency_cue,27.16796961182783,0.9656054973602295,0.018838735297322273,0.016186829656362534
LOL-v2,Synthetic,r05839451t.png,without_darkness_gate,18.460907413775725,0.918857991695404,0.11328873038291931,0.10813494771718979
LOL-v2,Synthetic,r0589558at.png,full,24.360963984747258,0.9432032704353333,0.042879268527030945,0.03763839602470398
LOL-v2,Synthetic,r0589558at.png,retinex_base_only,14.566510230530225,0.6613771915435791,0.13748900592327118,0.1281791627407074
LOL-v2,Synthetic,r0589558at.png,without_residual_refinement,30.306138454939685,0.9604021310806274,0.03757595270872116,0.03135930374264717
LOL-v2,Synthetic,r0589558at.png,without_tapetum_update,18.364790848672683,0.8312773704528809,0.11383158713579178,0.10389439761638641
LOL-v2,Synthetic,r0589558at.png,without_attention_modulation,24.36095487651004,0.9432032108306885,0.04287927970290184,0.03763839974999428
LOL-v2,Synthetic,r0589558at.png,without_spatial_amplification,17.706115320646084,0.8147516846656799,0.11870518326759338,0.10556166619062424
LOL-v2,Synthetic,r0589558at.png,without_high_frequency_cue,24.361829354400804,0.9432825446128845,0.04288008064031601,0.037474267184734344
LOL-v2,Synthetic,r0589558at.png,without_darkness_gate,19.121810755178323,0.9073290228843689,0.06310561299324036,0.05793008208274841
LOL-v2,Synthetic,r0603031et.png,full,30.05632109521382,0.9312628507614136,0.043880559504032135,0.036785323172807693
LOL-v2,Synthetic,r0603031et.png,retinex_base_only,13.11118972861532,0.519811749458313,0.2326132357120514,0.2577322721481323
LOL-v2,Synthetic,r0603031et.png,without_residual_refinement,21.34220050678804,0.8531042337417603,0.07437865436077118,0.07160145789384842
LOL-v2,Synthetic,r0603031et.png,without_tapetum_update,14.885835502094874,0.6552103757858276,0.20522354543209076,0.21181486546993256
LOL-v2,Synthetic,r0603031et.png,without_attention_modulation,30.056310851532775,0.9312627911567688,0.043880559504032135,0.03678535297513008
LOL-v2,Synthetic,r0603031et.png,without_spatial_amplification,13.256917187094515,0.5162950158119202,0.23522819578647614,0.2537063956260681
LOL-v2,Synthetic,r0603031et.png,without_high_frequency_cue,30.050348009712756,0.9312344789505005,0.044055428355932236,0.036902282387018204
LOL-v2,Synthetic,r0603031et.png,without_darkness_gate,25.72331551341236,0.9250993728637695,0.05197148770093918,0.04680776596069336
LOL-v2,Synthetic,r068812d7t.png,full,26.27427335265129,0.9337534308433533,0.03448159992694855,0.02665596269071102
LOL-v2,Synthetic,r068812d7t.png,retinex_base_only,12.087622445575253,0.7099187970161438,0.15125097334384918,0.1433214247226715
LOL-v2,Synthetic,r068812d7t.png,without_residual_refinement,26.14350266102086,0.9591628909111023,0.03399587422609329,0.0247750636190176
LOL-v2,Synthetic,r068812d7t.png,without_tapetum_update,13.375004004918951,0.8340900540351868,0.1505199670791626,0.14208966493606567
LOL-v2,Synthetic,r068812d7t.png,without_attention_modulation,26.27427463904262,0.9337534308433533,0.03448166698217392,0.026655875146389008
LOL-v2,Synthetic,r068812d7t.png,without_spatial_amplification,11.708076297363345,0.7317814826965332,0.16420109570026398,0.15849846601486206
LOL-v2,Synthetic,r068812d7t.png,without_high_frequency_cue,26.275786412171755,0.9340111017227173,0.034095607697963715,0.02622278779745102
LOL-v2,Synthetic,r068812d7t.png,without_darkness_gate,18.058345854565562,0.8940240144729614,0.11376193910837173,0.09715963900089264
LOL-v2,Synthetic,r0703243bt.png,full,22.616168728032655,0.9648962020874023,0.07479455322027206,0.07294012606143951
LOL-v2,Synthetic,r0703243bt.png,retinex_base_only,9.398415900656783,0.5837482810020447,0.25041109323501587,0.25028014183044434
LOL-v2,Synthetic,r0703243bt.png,without_residual_refinement,16.76595850135086,0.9172759056091309,0.10437842458486557,0.10514113306999207
LOL-v2,Synthetic,r0703243bt.png,without_tapetum_update,9.782128521423791,0.606393039226532,0.23689956963062286,0.23594675958156586
LOL-v2,Synthetic,r0703243bt.png,without_attention_modulation,22.616172791195297,0.9648962020874023,0.07479456067085266,0.07294011861085892
LOL-v2,Synthetic,r0703243bt.png,without_spatial_amplification,8.821800207687406,0.5333464741706848,0.2512059807777405,0.251228928565979
LOL-v2,Synthetic,r0703243bt.png,without_high_frequency_cue,22.613168935394448,0.9643124341964722,0.07620886713266373,0.07394324243068695
LOL-v2,Synthetic,r0703243bt.png,without_darkness_gate,20.215190533166822,0.8978351950645447,0.14479508996009827,0.12719883024692535
LOL-v2,Synthetic,r0708431at.png,full,29.83614388741517,0.9589110016822815,0.023299284279346466,0.019645661115646362
LOL-v2,Synthetic,r0708431at.png,retinex_base_only,13.626572754156012,0.5792024731636047,0.16192683577537537,0.17997655272483826
LOL-v2,Synthetic,r0708431at.png,without_residual_refinement,25.00157834549895,0.920050859451294,0.03309909999370575,0.03075045347213745
LOL-v2,Synthetic,r0708431at.png,without_tapetum_update,16.172218140214596,0.717513918876648,0.14512531459331512,0.15771301090717316
LOL-v2,Synthetic,r0708431at.png,without_attention_modulation,29.836134636983882,0.9589109420776367,0.02329929731786251,0.01964567042887211
LOL-v2,Synthetic,r0708431at.png,without_spatial_amplification,14.002134479799736,0.5628319978713989,0.17987275123596191,0.19652849435806274
LOL-v2,Synthetic,r0708431at.png,without_high_frequency_cue,29.841771800589125,0.9590938091278076,0.023198407143354416,0.0195716954767704
LOL-v2,Synthetic,r0708431at.png,without_darkness_gate,22.121001693938815,0.9291526079177856,0.0328664630651474,0.03054937534034252
LOL-v2,Synthetic,r072421a1t.png,full,26.73917323535775,0.9554676413536072,0.05990353226661682,0.049812257289886475
LOL-v2,Synthetic,r072421a1t.png,retinex_base_only,11.429800639681034,0.7374553084373474,0.2313317209482193,0.21511191129684448
LOL-v2,Synthetic,r072421a1t.png,without_residual_refinement,23.783071503830733,0.9499178528785706,0.08465714007616043,0.07477445900440216
LOL-v2,Synthetic,r072421a1t.png,without_tapetum_update,11.162646858094586,0.7499891519546509,0.2220909595489502,0.20796343684196472
LOL-v2,Synthetic,r072421a1t.png,without_attention_modulation,26.73916798566125,0.9554676413536072,0.05990356206893921,0.049812253564596176
LOL-v2,Synthetic,r072421a1t.png,without_spatial_amplification,10.490770239828567,0.6909180879592896,0.2297574281692505,0.2149624228477478
LOL-v2,Synthetic,r072421a1t.png,without_high_frequency_cue,26.727743942463004,0.9552218317985535,0.06125875562429428,0.050502218306064606
LOL-v2,Synthetic,r072421a1t.png,without_darkness_gate,14.75363125966779,0.8761042952537537,0.1742853820323944,0.13644754886627197
LOL-v2,Synthetic,r072649fdt.png,full,29.628330378750526,0.965514600276947,0.02854093164205551,0.022289786487817764
LOL-v2,Synthetic,r072649fdt.png,retinex_base_only,13.752422448192513,0.5674838423728943,0.14997568726539612,0.14344649016857147
LOL-v2,Synthetic,r072649fdt.png,without_residual_refinement,24.251151287350197,0.9024345278739929,0.03625863045454025,0.030270855873823166
LOL-v2,Synthetic,r072649fdt.png,without_tapetum_update,16.06929770877614,0.7768192887306213,0.1154991090297699,0.11117994785308838
LOL-v2,Synthetic,r072649fdt.png,without_attention_modulation,29.62832759404932,0.965514600276947,0.028540942817926407,0.022289786487817764
LOL-v2,Synthetic,r072649fdt.png,without_spatial_amplification,13.631604332202059,0.5736820101737976,0.1531178206205368,0.14786812663078308
LOL-v2,Synthetic,r072649fdt.png,without_high_frequency_cue,29.6263638961107,0.9655571579933167,0.028616076335310936,0.022448234260082245
LOL-v2,Synthetic,r072649fdt.png,without_darkness_gate,20.88803924588387,0.9374765753746033,0.047120437026023865,0.04185983166098595
LOL-v2,Synthetic,r07598392t.png,full,21.648019777222906,0.9165571928024292,0.08107838779687881,0.0599261075258255
LOL-v2,Synthetic,r07598392t.png,retinex_base_only,9.760129055993804,0.5357409119606018,0.21941490471363068,0.201198011636734
LOL-v2,Synthetic,r07598392t.png,without_residual_refinement,16.3077074144276,0.8361998796463013,0.10410970449447632,0.0829751044511795
LOL-v2,Synthetic,r07598392t.png,without_tapetum_update,11.729405600463581,0.7081668972969055,0.18439677357673645,0.16655641794204712
LOL-v2,Synthetic,r07598392t.png,without_attention_modulation,21.64801829938652,0.9165569543838501,0.08107864111661911,0.059926196932792664
LOL-v2,Synthetic,r07598392t.png,without_spatial_amplification,11.320175372582764,0.6725886464118958,0.19178995490074158,0.17109939455986023
LOL-v2,Synthetic,r07598392t.png,without_high_frequency_cue,21.646909472717518,0.9164385199546814,0.08116920292377472,0.06000976264476776
LOL-v2,Synthetic,r07598392t.png,without_darkness_gate,23.665633239202286,0.9144497513771057,0.1014280840754509,0.0740959644317627
LOL-v2,Synthetic,r0773471dt.png,full,20.796168113740574,0.9005563855171204,0.09596994519233704,0.08792559802532196
LOL-v2,Synthetic,r0773471dt.png,retinex_base_only,14.300068743514744,0.6918671727180481,0.1758926808834076,0.15920041501522064
LOL-v2,Synthetic,r0773471dt.png,without_residual_refinement,27.986580484402776,0.9214717745780945,0.0831398069858551,0.06947038322687149
LOL-v2,Synthetic,r0773471dt.png,without_tapetum_update,16.905495252158936,0.7815204858779907,0.20878581702709198,0.19018420577049255
LOL-v2,Synthetic,r0773471dt.png,without_attention_modulation,20.79616519864796,0.9005562663078308,0.09597016125917435,0.08792567998170853
LOL-v2,Synthetic,r0773471dt.png,without_spatial_amplification,14.544214563489074,0.6876571178436279,0.23915155231952667,0.21841195225715637
LOL-v2,Synthetic,r0773471dt.png,without_high_frequency_cue,20.79559679297676,0.9007042646408081,0.09589312970638275,0.08784283697605133
LOL-v2,Synthetic,r0773471dt.png,without_darkness_gate,15.382410702030835,0.854249119758606,0.11411663144826889,0.10639612376689911
LOL-v2,Synthetic,r077507cat.png,full,29.19310791802498,0.9407269358634949,0.041878413408994675,0.03202230483293533
LOL-v2,Synthetic,r077507cat.png,retinex_base_only,14.225291832329535,0.5835602879524231,0.14960725605487823,0.14688289165496826
LOL-v2,Synthetic,r077507cat.png,without_residual_refinement,24.31642228285802,0.8771452903747559,0.05031805858016014,0.0411759577691555
LOL-v2,Synthetic,r077507cat.png,without_tapetum_update,16.643115573661,0.7783953547477722,0.13114404678344727,0.1273743361234665
LOL-v2,Synthetic,r077507cat.png,without_attention_modulation,29.193097001659982,0.9407269358634949,0.041878439486026764,0.03202231228351593
LOL-v2,Synthetic,r077507cat.png,without_spatial_amplification,14.9765472263383,0.677665650844574,0.14649944007396698,0.13901536166667938
LOL-v2,Synthetic,r077507cat.png,without_high_frequency_cue,29.19764898569533,0.9407721757888794,0.0418693833053112,0.03205077722668648
LOL-v2,Synthetic,r077507cat.png,without_darkness_gate,22.726693099019567,0.9175441861152649,0.06656892597675323,0.053879622370004654
LOL-v2,Synthetic,r08079988t.png,full,25.768164543010627,0.9448350071907043,0.05529085546731949,0.039162807166576385
LOL-v2,Synthetic,r08079988t.png,retinex_base_only,14.223206117875137,0.5832114219665527,0.16936209797859192,0.15372440218925476
LOL-v2,Synthetic,r08079988t.png,without_residual_refinement,24.235580461045764,0.8641207814216614,0.07308007776737213,0.049876563251018524
LOL-v2,Synthetic,r08079988t.png,without_tapetum_update,16.837021344944585,0.7793156504631042,0.13250666856765747,0.12186037003993988
LOL-v2,Synthetic,r08079988t.png,without_attention_modulation,25.76816301649653,0.94483482837677,0.055290862917900085,0.03916281834244728
LOL-v2,Synthetic,r08079988t.png,without_spatial_amplification,15.127086122449287,0.6670041084289551,0.15418007969856262,0.14243894815444946
LOL-v2,Synthetic,r08079988t.png,without_high_frequency_cue,25.747912629201906,0.944769561290741,0.05543956160545349,0.03925519064068794
LOL-v2,Synthetic,r08079988t.png,without_darkness_gate,17.491259233916047,0.8963819742202759,0.10107946395874023,0.08246544003486633
LOL-v2,Synthetic,r0809811bt.png,full,29.17090877370012,0.8937195539474487,0.1389741152524948,0.1110917404294014
LOL-v2,Synthetic,r0809811bt.png,retinex_base_only,12.485448221737183,0.5777615904808044,0.3069114685058594,0.29399609565734863
LOL-v2,Synthetic,r0809811bt.png,without_residual_refinement,21.145183887915024,0.8378380537033081,0.1473229080438614,0.1254337579011917
LOL-v2,Synthetic,r0809811bt.png,without_tapetum_update,15.108641205268341,0.7541507482528687,0.2656235694885254,0.24249586462974548
LOL-v2,Synthetic,r0809811bt.png,without_attention_modulation,29.1708962421164,0.8937195539474487,0.13897410035133362,0.11109175533056259
LOL-v2,Synthetic,r0809811bt.png,without_spatial_amplification,14.75178409386462,0.7221997380256653,0.27639633417129517,0.2560538351535797
LOL-v2,Synthetic,r0809811bt.png,without_high_frequency_cue,29.172085232720136,0.893758237361908,0.1388465166091919,0.1109674870967865
LOL-v2,Synthetic,r0809811bt.png,without_darkness_gate,22.066770305288767,0.8532283902168274,0.1835046410560608,0.1571234166622162
LOL-v2,Synthetic,r082626aft.png,full,23.992160369198427,0.9020563960075378,0.07339974492788315,0.05868634954094887
LOL-v2,Synthetic,r082626aft.png,retinex_base_only,11.188651372954856,0.4823707342147827,0.2780218720436096,0.2743951380252838
LOL-v2,Synthetic,r082626aft.png,without_residual_refinement,19.072807530245274,0.7795713543891907,0.10024864226579666,0.09224172681570053
LOL-v2,Synthetic,r082626aft.png,without_tapetum_update,12.252888957099836,0.6040335893630981,0.2582152485847473,0.24205365777015686
LOL-v2,Synthetic,r082626aft.png,without_attention_modulation,23.99216189041768,0.9020563960075378,0.07339967042207718,0.05868622660636902
LOL-v2,Synthetic,r082626aft.png,without_spatial_amplification,11.117150484007334,0.5070940852165222,0.2683594822883606,0.26191446185112
LOL-v2,Synthetic,r082626aft.png,without_high_frequency_cue,23.9920422227975,0.9017151594161987,0.07412196695804596,0.05902128666639328
LOL-v2,Synthetic,r082626aft.png,without_darkness_gate,22.351039401269944,0.8774619698524475,0.102247454226017,0.07476334273815155
LOL-v2,Synthetic,r084889d5t.png,full,29.337385165792476,0.9803266525268555,0.022153697907924652,0.019943349063396454
LOL-v2,Synthetic,r084889d5t.png,retinex_base_only,9.787499175342397,0.7462933659553528,0.23353105783462524,0.2335679829120636
LOL-v2,Synthetic,r084889d5t.png,without_residual_refinement,23.17976421814207,0.9601823091506958,0.03995661437511444,0.04017613083124161
LOL-v2,Synthetic,r084889d5t.png,without_tapetum_update,9.909745440532804,0.7618090510368347,0.24428746104240417,0.2405182421207428
LOL-v2,Synthetic,r084889d5t.png,without_attention_modulation,29.337381259405305,0.9803266525268555,0.02215370535850525,0.01994343101978302
LOL-v2,Synthetic,r084889d5t.png,without_spatial_amplification,9.120138296077707,0.7134081721305847,0.24786166846752167,0.24323493242263794
LOL-v2,Synthetic,r084889d5t.png,without_high_frequency_cue,29.341101731474346,0.9803130030632019,0.022146116942167282,0.020017066970467567
LOL-v2,Synthetic,r084889d5t.png,without_darkness_gate,14.881804287228238,0.9204777479171753,0.13010379672050476,0.12705694139003754
LOL-v2,Synthetic,r08788547t.png,full,27.906265112044384,0.9424375891685486,0.035276103764772415,0.030010197311639786
LOL-v2,Synthetic,r08788547t.png,retinex_base_only,24.980074556169065,0.910689651966095,0.03638451173901558,0.03389225900173187
LOL-v2,Synthetic,r08788547t.png,without_residual_refinement,24.62806322125241,0.8964473605155945,0.035154759883880615,0.028970614075660706
LOL-v2,Synthetic,r08788547t.png,without_tapetum_update,23.66078103587148,0.8876233100891113,0.03701845556497574,0.03534406051039696
LOL-v2,Synthetic,r08788547t.png,without_attention_modulation,27.906262614513725,0.9424376487731934,0.03527611494064331,0.030010201036930084
LOL-v2,Synthetic,r08788547t.png,without_spatial_amplification,23.00345416429427,0.8612135648727417,0.04014812037348747,0.03801652044057846
LOL-v2,Synthetic,r08788547t.png,without_high_frequency_cue,27.89207984780643,0.9421899914741516,0.035656124353408813,0.0306524857878685
LOL-v2,Synthetic,r08788547t.png,without_darkness_gate,12.151452257889012,0.6520273685455322,0.23336711525917053,0.2185916304588318
LOL-v2,Synthetic,r08873591t.png,full,29.593615236433997,0.8676838278770447,0.05567122623324394,0.04692824184894562
LOL-v2,Synthetic,r08873591t.png,retinex_base_only,16.520952310175847,0.591464638710022,0.1499004364013672,0.13494861125946045
LOL-v2,Synthetic,r08873591t.png,without_residual_refinement,26.718831592006186,0.9057329893112183,0.04617450758814812,0.027151145040988922
LOL-v2,Synthetic,r08873591t.png,without_tapetum_update,19.372996353714946,0.6902973055839539,0.10574577748775482,0.09815789759159088
LOL-v2,Synthetic,r08873591t.png,without_attention_modulation,29.59361293432508,0.8676838278770447,0.05567141994833946,0.04692843556404114
LOL-v2,Synthetic,r08873591t.png,without_spatial_amplification,17.00943726802671,0.55699622631073,0.14776819944381714,0.13515235483646393
LOL-v2,Synthetic,r08873591t.png,without_high_frequency_cue,29.588720487991505,0.8680980801582336,0.05566149204969406,0.04682862013578415
LOL-v2,Synthetic,r08873591t.png,without_darkness_gate,23.73834881668762,0.8607439398765564,0.06826585531234741,0.054956309497356415
LOL-v2,Synthetic,r08996953t.png,full,28.16354900758078,0.9852200150489807,0.03997049480676651,0.03347981348633766
LOL-v2,Synthetic,r08996953t.png,retinex_base_only,18.902158193035646,0.8861191272735596,0.0585298091173172,0.05743356794118881
LOL-v2,Synthetic,r08996953t.png,without_residual_refinement,26.62310153947494,0.9735010266304016,0.05306993052363396,0.04850566387176514
LOL-v2,Synthetic,r08996953t.png,without_tapetum_update,18.454664297751023,0.8967231512069702,0.05847098305821419,0.05508538335561752
LOL-v2,Synthetic,r08996953t.png,without_attention_modulation,28.163546688866276,0.985220193862915,0.039970483630895615,0.03347986564040184
LOL-v2,Synthetic,r08996953t.png,without_spatial_amplification,17.554970582127936,0.864179253578186,0.06310843676328659,0.060801927000284195
LOL-v2,Synthetic,r08996953t.png,without_high_frequency_cue,28.172813536833495,0.9847795963287354,0.04198550060391426,0.035497263073921204
LOL-v2,Synthetic,r08996953t.png,without_darkness_gate,14.40269819254568,0.8688594102859497,0.25029802322387695,0.24297839403152466
LOL-v2,Synthetic,r0905697bt.png,full,23.96737804335707,0.9585630893707275,0.0645158439874649,0.048567045480012894
LOL-v2,Synthetic,r0905697bt.png,retinex_base_only,9.958710364348454,0.6824318766593933,0.28616204857826233,0.26181745529174805
LOL-v2,Synthetic,r0905697bt.png,without_residual_refinement,17.643052208719865,0.9118961095809937,0.09907218813896179,0.08234262466430664
LOL-v2,Synthetic,r0905697bt.png,without_tapetum_update,11.798073921959059,0.803034782409668,0.23959098756313324,0.2188900113105774
LOL-v2,Synthetic,r0905697bt.png,without_attention_modulation,23.967380060108354,0.9585630893707275,0.06451589614152908,0.04856693372130394
LOL-v2,Synthetic,r0905697bt.png,without_spatial_amplification,11.30570851592985,0.7792078256607056,0.2628082036972046,0.24141272902488708
LOL-v2,Synthetic,r0905697bt.png,without_high_frequency_cue,23.96761249696782,0.9585400819778442,0.06491005420684814,0.04881763085722923
LOL-v2,Synthetic,r0905697bt.png,without_darkness_gate,23.937478505776983,0.9510117769241333,0.09971848130226135,0.08608496189117432
LOL-v2,Synthetic,r09245347t.png,full,28.494627303107766,0.8841880559921265,0.08021621406078339,0.07065998762845993
LOL-v2,Synthetic,r09245347t.png,retinex_base_only,15.275798140065195,0.4537782371044159,0.2469896823167801,0.25080132484436035
LOL-v2,Synthetic,r09245347t.png,without_residual_refinement,22.214097489757258,0.7803278565406799,0.0911421924829483,0.08722762763500214
LOL-v2,Synthetic,r09245347t.png,without_tapetum_update,16.909264759463618,0.5860134959220886,0.19578556716442108,0.18289923667907715
LOL-v2,Synthetic,r09245347t.png,without_attention_modulation,28.494625873170104,0.8841879963874817,0.0802161768078804,0.07065995782613754
LOL-v2,Synthetic,r09245347t.png,without_spatial_amplification,15.599181444447872,0.41830721497535706,0.21809938549995422,0.2137085497379303
LOL-v2,Synthetic,r09245347t.png,without_high_frequency_cue,28.489973205011413,0.8844166398048401,0.08029373735189438,0.0706576257944107
LOL-v2,Synthetic,r09245347t.png,without_darkness_gate,25.128633899157133,0.8749004602432251,0.08896157145500183,0.07614149153232574
LOL-v2,Synthetic,r09445479t.png,full,25.07732382243581,0.9746250510215759,0.021996688097715378,0.01522750686854124
LOL-v2,Synthetic,r09445479t.png,retinex_base_only,9.117593414079542,0.6550089716911316,0.21272236108779907,0.19416429102420807
LOL-v2,Synthetic,r09445479t.png,without_residual_refinement,17.954979423316903,0.9244627952575684,0.04583508148789406,0.03511686623096466
LOL-v2,Synthetic,r09445479t.png,without_tapetum_update,9.745320165131007,0.7155705094337463,0.2026170790195465,0.18551544845104218
LOL-v2,Synthetic,r09445479t.png,without_attention_modulation,25.07733196005285,0.9746250510215759,0.02199670299887657,0.015227504074573517
LOL-v2,Synthetic,r09445479t.png,without_spatial_amplification,8.638141260925046,0.6285465359687805,0.2233978658914566,0.20775580406188965
LOL-v2,Synthetic,r09445479t.png,without_high_frequency_cue,25.074603458025848,0.9745863676071167,0.021955817937850952,0.015215113759040833
LOL-v2,Synthetic,r09445479t.png,without_darkness_gate,19.88896049362019,0.9464098811149597,0.06854231655597687,0.05561570078134537
LOL-v2,Synthetic,r09670876t.png,full,34.041307457879114,0.985999345779419,0.012117919512093067,0.008552240207791328
LOL-v2,Synthetic,r09670876t.png,retinex_base_only,10.476492859634327,0.7368096113204956,0.1610523909330368,0.1519908607006073
LOL-v2,Synthetic,r09670876t.png,without_residual_refinement,22.413070315199395,0.9720703959465027,0.02578597143292427,0.02026507258415222
LOL-v2,Synthetic,r09670876t.png,without_tapetum_update,10.104170018379616,0.7174599170684814,0.17964690923690796,0.1691722869873047
LOL-v2,Synthetic,r09670876t.png,without_attention_modulation,34.04132284322327,0.9859992265701294,0.012117823585867882,0.008552178740501404
LOL-v2,Synthetic,r09670876t.png,without_spatial_amplification,9.577854216708543,0.6798256635665894,0.18143078684806824,0.171347513794899
LOL-v2,Synthetic,r09670876t.png,without_high_frequency_cue,34.02739355796538,0.9859083294868469,0.012435134500265121,0.00867481715977192
LOL-v2,Synthetic,r09670876t.png,without_darkness_gate,15.944582504539044,0.9251980185508728,0.10365480929613113,0.09373165667057037
LOL-v2,Synthetic,r096982ddt.png,full,21.57591506427535,0.9575904607772827,0.04309367015957832,0.03751705586910248
LOL-v2,Synthetic,r096982ddt.png,retinex_base_only,12.921537393549174,0.7546830177307129,0.13911567628383636,0.1427239179611206
LOL-v2,Synthetic,r096982ddt.png,without_residual_refinement,31.030893074452276,0.9701345562934875,0.032027892768383026,0.028365358710289
LOL-v2,Synthetic,r096982ddt.png,without_tapetum_update,13.122060710758197,0.7923197150230408,0.1578185111284256,0.17073887586593628
LOL-v2,Synthetic,r096982ddt.png,without_attention_modulation,21.575909540967157,0.9575904607772827,0.043093740940093994,0.037517137825489044
LOL-v2,Synthetic,r096982ddt.png,without_spatial_amplification,11.900642716917101,0.6852976679801941,0.16355326771736145,0.17095233500003815
LOL-v2,Synthetic,r096982ddt.png,without_high_frequency_cue,21.575625536112856,0.9575891494750977,0.04310129955410957,0.03755476698279381
LOL-v2,Synthetic,r096982ddt.png,without_darkness_gate,15.825316585228391,0.9148920774459839,0.08179817348718643,0.06882000714540482
LOL-v2,Synthetic,r097088c1t.png,full,28.466281049849755,0.9539148807525635,0.04564950242638588,0.04197258502244949
LOL-v2,Synthetic,r097088c1t.png,retinex_base_only,13.48771298855352,0.5157801508903503,0.1854630559682846,0.19173064827919006
LOL-v2,Synthetic,r097088c1t.png,without_residual_refinement,20.18517669938405,0.8556292653083801,0.06464597582817078,0.06005598604679108
LOL-v2,Synthetic,r097088c1t.png,without_tapetum_update,16.015531099373877,0.7274135947227478,0.15554527938365936,0.15464076399803162
LOL-v2,Synthetic,r097088c1t.png,without_attention_modulation,28.466273946679898,0.9539147615432739,0.04564950615167618,0.0419725738465786
LOL-v2,Synthetic,r097088c1t.png,without_spatial_amplification,13.462504515850837,0.5350557565689087,0.18851116299629211,0.19512033462524414
LOL-v2,Synthetic,r097088c1t.png,without_high_frequency_cue,28.463810557841537,0.9538712501525879,0.04575204849243164,0.042073458433151245
LOL-v2,Synthetic,r097088c1t.png,without_darkness_gate,28.67481156269882,0.9481216073036194,0.060345929116010666,0.04917074739933014
LOL-v2,Synthetic,r097555c4t.png,full,31.555441823096565,0.9883346557617188,0.01636216789484024,0.012205676175653934
LOL-v2,Synthetic,r097555c4t.png,retinex_base_only,15.829752722581247,0.7812126874923706,0.1075875386595726,0.10336379706859589
LOL-v2,Synthetic,r097555c4t.png,without_residual_refinement,26.098793833443466,0.9769288301467896,0.022468317300081253,0.02018509991466999
LOL-v2,Synthetic,r097555c4t.png,without_tapetum_update,15.412209468417062,0.7982388734817505,0.11428658664226532,0.10665933787822723
LOL-v2,Synthetic,r097555c4t.png,without_attention_modulation,31.555435674765356,0.9883346557617188,0.01636216975748539,0.012205682694911957
LOL-v2,Synthetic,r097555c4t.png,without_spatial_amplification,14.519015472357562,0.7458183765411377,0.12873169779777527,0.12281113117933273
LOL-v2,Synthetic,r097555c4t.png,without_high_frequency_cue,31.56156047014899,0.9883087873458862,0.016914302483201027,0.01263746339827776
LOL-v2,Synthetic,r097555c4t.png,without_darkness_gate,14.2565664239987,0.8771870732307434,0.21508826315402985,0.1920594871044159
LOL-v2,Synthetic,r104153eat.png,full,18.682976808226563,0.954962968826294,0.05564967915415764,0.052328113466501236
LOL-v2,Synthetic,r104153eat.png,retinex_base_only,14.910793309020287,0.7940781116485596,0.1846918761730194,0.17615897953510284
LOL-v2,Synthetic,r104153eat.png,without_residual_refinement,21.50851624198659,0.9594600796699524,0.057281386107206345,0.05242117494344711
LOL-v2,Synthetic,r104153eat.png,without_tapetum_update,14.595825685980348,0.8153508305549622,0.193258598446846,0.18645904958248138
LOL-v2,Synthetic,r104153eat.png,without_attention_modulation,18.682976210899646,0.954962968826294,0.055649738758802414,0.05232812091708183
LOL-v2,Synthetic,r104153eat.png,without_spatial_amplification,13.580527153361272,0.7700151801109314,0.1971002072095871,0.18829582631587982
LOL-v2,Synthetic,r104153eat.png,without_high_frequency_cue,18.684397185322034,0.9548212885856628,0.05586669594049454,0.05208689719438553
LOL-v2,Synthetic,r104153eat.png,without_darkness_gate,12.151104446688448,0.8820618391036987,0.3443262279033661,0.3355114459991455
LOL-v2,Synthetic,r107730b5t.png,full,26.647288298441268,0.9555125832557678,0.03797711804509163,0.028686057776212692
LOL-v2,Synthetic,r107730b5t.png,retinex_base_only,14.198029070960473,0.6073136329650879,0.16544616222381592,0.15275990962982178
LOL-v2,Synthetic,r107730b5t.png,without_residual_refinement,25.024319582606495,0.9096625447273254,0.04134003818035126,0.03436115384101868
LOL-v2,Synthetic,r107730b5t.png,without_tapetum_update,15.885213957845338,0.7413623929023743,0.1443033069372177,0.13043609261512756
LOL-v2,Synthetic,r107730b5t.png,without_attention_modulation,26.647285962170542,0.955512523651123,0.037977151572704315,0.028686093166470528
LOL-v2,Synthetic,r107730b5t.png,without_spatial_amplification,13.845241433583135,0.5830675363540649,0.17142927646636963,0.15989941358566284
LOL-v2,Synthetic,r107730b5t.png,without_high_frequency_cue,26.63487801787967,0.9555038809776306,0.03815581277012825,0.028919002041220665
LOL-v2,Synthetic,r107730b5t.png,without_darkness_gate,19.667862704599585,0.9172279834747314,0.06957488507032394,0.0570252388715744
LOL-v2,Synthetic,r108301e3t.png,full,27.146062318069845,0.9557560086250305,0.04209066927433014,0.03024493157863617
LOL-v2,Synthetic,r108301e3t.png,retinex_base_only,13.218775613248578,0.6117313504219055,0.16827133297920227,0.15311458706855774
LOL-v2,Synthetic,r108301e3t.png,without_residual_refinement,24.607826187679976,0.9086313247680664,0.05192101001739502,0.03805471584200859
LOL-v2,Synthetic,r108301e3t.png,without_tapetum_update,15.115072810179388,0.77263343334198,0.14644476771354675,0.13416405022144318
LOL-v2,Synthetic,r108301e3t.png,without_attention_modulation,27.146051573624383,0.9557560682296753,0.042090654373168945,0.030244939029216766
LOL-v2,Synthetic,r108301e3t.png,without_spatial_amplification,12.926168159148084,0.6202275156974792,0.18206024169921875,0.17044740915298462
LOL-v2,Synthetic,r108301e3t.png,without_high_frequency_cue,27.11725365152601,0.9557693600654602,0.041906893253326416,0.030282925814390182
LOL-v2,Synthetic,r108301e3t.png,without_darkness_gate,17.95194761692799,0.9049196243286133,0.07551988214254379,0.06370875984430313
LOL-v2,Synthetic,r10893508t.png,full,26.099126182144307,0.9223964810371399,0.07453058660030365,0.06647524982690811
LOL-v2,Synthetic,r10893508t.png,retinex_base_only,12.232248348913735,0.5943023562431335,0.21738684177398682,0.22119784355163574
LOL-v2,Synthetic,r10893508t.png,without_residual_refinement,22.418146841075313,0.8350042700767517,0.08425138890743256,0.08043325692415237
LOL-v2,Synthetic,r10893508t.png,without_tapetum_update,13.019757590114283,0.7178433537483215,0.20537295937538147,0.20122402906417847
LOL-v2,Synthetic,r10893508t.png,without_attention_modulation,26.099109296404976,0.9223964810371399,0.07453060895204544,0.06647516787052155
LOL-v2,Synthetic,r10893508t.png,without_spatial_amplification,11.7654101140266,0.6058147549629211,0.21795691549777985,0.21677124500274658
LOL-v2,Synthetic,r10893508t.png,without_high_frequency_cue,26.110493226056857,0.9223678112030029,0.07480856776237488,0.06654074043035507
LOL-v2,Synthetic,r10893508t.png,without_darkness_gate,16.584272418231055,0.8595083951950073,0.1581099033355713,0.14276385307312012
LOL-v2,Synthetic,r10940798t.png,full,26.998492771286415,0.9486965537071228,0.05240972712635994,0.04657470062375069
LOL-v2,Synthetic,r10940798t.png,retinex_base_only,10.866886771729513,0.6420411467552185,0.25043949484825134,0.23836636543273926
LOL-v2,Synthetic,r10940798t.png,without_residual_refinement,19.638565535575616,0.899317741394043,0.0699087455868721,0.0626058280467987
LOL-v2,Synthetic,r10940798t.png,without_tapetum_update,12.195810124671292,0.7502776384353638,0.23864209651947021,0.23546332120895386
LOL-v2,Synthetic,r10940798t.png,without_attention_modulation,26.998492771286415,0.9486965537071228,0.05240973085165024,0.04657471179962158
LOL-v2,Synthetic,r10940798t.png,without_spatial_amplification,10.74884161158769,0.6561179161071777,0.25823092460632324,0.25091925263404846
LOL-v2,Synthetic,r10940798t.png,without_high_frequency_cue,27.000236872945997,0.9487265348434448,0.05242205411195755,0.04652159661054611
LOL-v2,Synthetic,r10940798t.png,without_darkness_gate,22.016819028520402,0.9256770014762878,0.11158116161823273,0.0975491851568222
LOL-v2,Synthetic,r113402d4t.png,full,27.122615277906466,0.9541600346565247,0.0395064540207386,0.03048853389918804
LOL-v2,Synthetic,r113402d4t.png,retinex_base_only,10.45737232386735,0.6357389688491821,0.23668600618839264,0.2359708994626999
LOL-v2,Synthetic,r113402d4t.png,without_residual_refinement,19.248707834423374,0.910521924495697,0.06297656148672104,0.05604638159275055
LOL-v2,Synthetic,r113402d4t.png,without_tapetum_update,12.40898631588334,0.7782424688339233,0.19626843929290771,0.19082990288734436
LOL-v2,Synthetic,r113402d4t.png,without_attention_modulation,27.12262883167309,0.9541600346565247,0.03950650244951248,0.03048848733305931
LOL-v2,Synthetic,r113402d4t.png,without_spatial_amplification,12.067283300532933,0.7606155872344971,0.20323526859283447,0.1966995894908905
LOL-v2,Synthetic,r113402d4t.png,without_high_frequency_cue,27.122803991847352,0.9541541337966919,0.039793647825717926,0.03054349310696125
LOL-v2,Synthetic,r113402d4t.png,without_darkness_gate,23.605999190004923,0.9448069930076599,0.05711597204208374,0.04529615864157677
LOL-v2,Synthetic,r1148801et.png,full,27.552275789176207,0.9239373207092285,0.07382487505674362,0.04780345410108566
LOL-v2,Synthetic,r1148801et.png,retinex_base_only,11.02166095978282,0.5706104636192322,0.2599896192550659,0.23189540207386017
LOL-v2,Synthetic,r1148801et.png,without_residual_refinement,20.188340550416413,0.8250258564949036,0.09837712347507477,0.07589907944202423
LOL-v2,Synthetic,r1148801et.png,without_tapetum_update,12.586525278208276,0.7327480912208557,0.22389134764671326,0.18840739130973816
LOL-v2,Synthetic,r1148801et.png,without_attention_modulation,27.552275501421775,0.9239373207092285,0.07382485270500183,0.047803498804569244
LOL-v2,Synthetic,r1148801et.png,without_spatial_amplification,11.767975265862898,0.6627089977264404,0.24045860767364502,0.20616602897644043
LOL-v2,Synthetic,r1148801et.png,without_high_frequency_cue,27.550496967816585,0.9239704608917236,0.0735262930393219,0.047677937895059586
LOL-v2,Synthetic,r1148801et.png,without_darkness_gate,20.294978875071237,0.9058494567871094,0.14590133726596832,0.11688017100095749
LOL-v2,Synthetic,r116825e2t.png,full,30.708655087819995,0.9807222485542297,0.017953947186470032,0.01597307249903679
LOL-v2,Synthetic,r116825e2t.png,retinex_base_only,12.149450202539544,0.726671040058136,0.16514864563941956,0.16748011112213135
LOL-v2,Synthetic,r116825e2t.png,without_residual_refinement,26.456198418155076,0.9797230362892151,0.0184918362647295,0.0162082277238369
LOL-v2,Synthetic,r116825e2t.png,without_tapetum_update,12.00062371115318,0.7290603518486023,0.18024614453315735,0.18040785193443298
LOL-v2,Synthetic,r116825e2t.png,without_attention_modulation,30.70865984939016,0.9807222485542297,0.017953816801309586,0.015973104164004326
LOL-v2,Synthetic,r116825e2t.png,without_spatial_amplification,11.228641760627733,0.6823424100875854,0.1862967610359192,0.18639367818832397
LOL-v2,Synthetic,r116825e2t.png,without_high_frequency_cue,30.705750610264133,0.9812044501304626,0.017526473850011826,0.015545304864645004
LOL-v2,Synthetic,r116825e2t.png,without_darkness_gate,16.684183753478855,0.8870329260826111,0.13077190518379211,0.10944961756467819
LOL-v2,Synthetic,r11850456t.png,full,23.413297134134638,0.9690813422203064,0.035277359187603,0.02957337349653244
LOL-v2,Synthetic,r11850456t.png,retinex_base_only,8.883139518889386,0.6037492156028748,0.23524194955825806,0.21502681076526642
LOL-v2,Synthetic,r11850456t.png,without_residual_refinement,16.873793390759534,0.9275839328765869,0.06205708533525467,0.05588177591562271
LOL-v2,Synthetic,r11850456t.png,without_tapetum_update,9.754504362897661,0.6796917915344238,0.21838802099227905,0.19122561812400818
LOL-v2,Synthetic,r11850456t.png,without_attention_modulation,23.413296246541147,0.9690813422203064,0.035277288407087326,0.02957339771091938
LOL-v2,Synthetic,r11850456t.png,without_spatial_amplification,8.354129103024908,0.5560424327850342,0.2482832372188568,0.2260534167289734
LOL-v2,Synthetic,r11850456t.png,without_high_frequency_cue,23.418706834504242,0.9689589738845825,0.036309659481048584,0.030434129759669304
LOL-v2,Synthetic,r11850456t.png,without_darkness_gate,22.664211822958393,0.9446743130683899,0.06901116669178009,0.05583394318819046
LOL-v2,Synthetic,r12133015t.png,full,28.140212669584983,0.9659895896911621,0.05358148366212845,0.04100709408521652
LOL-v2,Synthetic,r12133015t.png,retinex_base_only,11.16478811271618,0.710405170917511,0.21369688212871552,0.21062256395816803
LOL-v2,Synthetic,r12133015t.png,without_residual_refinement,24.622352234627183,0.946262776851654,0.06104408577084541,0.04732125997543335
LOL-v2,Synthetic,r12133015t.png,without_tapetum_update,12.785517162985482,0.8054127097129822,0.1990060657262802,0.1936018168926239
LOL-v2,Synthetic,r12133015t.png,without_attention_modulation,28.140215634814936,0.9659895896911621,0.05358142778277397,0.041007161140441895
LOL-v2,Synthetic,r12133015t.png,without_spatial_amplification,11.791391068838504,0.7652810215950012,0.2113456428050995,0.2030758559703827
LOL-v2,Synthetic,r12133015t.png,without_high_frequency_cue,28.139100851058775,0.9661144018173218,0.05336066707968712,0.04086931049823761
LOL-v2,Synthetic,r12133015t.png,without_darkness_gate,17.421507555113106,0.903814435005188,0.12358112633228302,0.10398910939693451
LOL-v2,Synthetic,r125034a9t.png,full,30.186651194489684,0.9662307500839233,0.02779228799045086,0.026485323905944824
LOL-v2,Synthetic,r125034a9t.png,retinex_base_only,14.10844182482606,0.49334433674812317,0.21535614132881165,0.19824223220348358
LOL-v2,Synthetic,r125034a9t.png,without_residual_refinement,21.422494808628528,0.8567833304405212,0.04816802218556404,0.046290330588817596
LOL-v2,Synthetic,r125034a9t.png,without_tapetum_update,14.851404814028745,0.6270164847373962,0.19322775304317474,0.18007171154022217
LOL-v2,Synthetic,r125034a9t.png,without_attention_modulation,30.186641694314712,0.9662307500839233,0.02779228240251541,0.02648530900478363
LOL-v2,Synthetic,r125034a9t.png,without_spatial_amplification,13.59944061986682,0.45943912863731384,0.22698116302490234,0.2121700793504715
LOL-v2,Synthetic,r125034a9t.png,without_high_frequency_cue,30.196675950961055,0.9662840366363525,0.02803667262196541,0.026650838553905487
LOL-v2,Synthetic,r125034a9t.png,without_darkness_gate,22.169661520259865,0.9446760416030884,0.05909178406000137,0.05757943168282509
LOL-v2,Synthetic,r125442fat.png,full,29.24304964083686,0.970504641532898,0.01768265850841999,0.014101840555667877
LOL-v2,Synthetic,r125442fat.png,retinex_base_only,12.355512815205014,0.6207275390625,0.12531641125679016,0.1264778971672058
LOL-v2,Synthetic,r125442fat.png,without_residual_refinement,24.38229924170487,0.963198184967041,0.02273825742304325,0.01926426962018013
LOL-v2,Synthetic,r125442fat.png,without_tapetum_update,14.704708743887842,0.765077531337738,0.11063045263290405,0.11010424047708511
LOL-v2,Synthetic,r125442fat.png,without_attention_modulation,29.24305133970431,0.970504641532898,0.017682673409581184,0.014101861976087093
LOL-v2,Synthetic,r125442fat.png,without_spatial_amplification,12.549372656268625,0.6541218757629395,0.1361764818429947,0.14214007556438446
LOL-v2,Synthetic,r125442fat.png,without_high_frequency_cue,29.247064645021013,0.9706526398658752,0.017482273280620575,0.013934854418039322
LOL-v2,Synthetic,r125442fat.png,without_darkness_gate,20.261169703232063,0.9425183534622192,0.05811486393213272,0.05135288089513779
LOL-v2,Synthetic,r127608abt.png,full,29.721585365005993,0.9126468300819397,0.03929564729332924,0.03270745277404785
LOL-v2,Synthetic,r127608abt.png,retinex_base_only,16.963589067173064,0.5446085929870605,0.23802228271961212,0.2504250407218933
LOL-v2,Synthetic,r127608abt.png,without_residual_refinement,22.57450462919481,0.7701054215431213,0.08799685537815094,0.08984243869781494
LOL-v2,Synthetic,r127608abt.png,without_tapetum_update,18.570063069138385,0.6743445992469788,0.16200469434261322,0.15306781232357025
LOL-v2,Synthetic,r127608abt.png,without_attention_modulation,29.721584890815365,0.9126467704772949,0.03929562866687775,0.03270745649933815
LOL-v2,Synthetic,r127608abt.png,without_spatial_amplification,17.102613853504355,0.5415446758270264,0.2216986119747162,0.22527344524860382
LOL-v2,Synthetic,r127608abt.png,without_high_frequency_cue,29.68911450908946,0.9127180576324463,0.03975077345967293,0.03294231370091438
LOL-v2,Synthetic,r127608abt.png,without_darkness_gate,24.99937783313944,0.8988076448440552,0.0657920092344284,0.05748267471790314
LOL-v2,Synthetic,r12946364t.png,full,20.031876044031716,0.9518617987632751,0.1025397926568985,0.06517388671636581
LOL-v2,Synthetic,r12946364t.png,retinex_base_only,14.504149285972563,0.7912843823432922,0.12012612819671631,0.12240298092365265
LOL-v2,Synthetic,r12946364t.png,without_residual_refinement,29.871825392101186,0.9680567979812622,0.08497245609760284,0.04702579602599144
LOL-v2,Synthetic,r12946364t.png,without_tapetum_update,18.586615430053396,0.9214789867401123,0.08240287750959396,0.0810462236404419
LOL-v2,Synthetic,r12946364t.png,without_attention_modulation,20.031872377002486,0.9518617987632751,0.10254041105508804,0.06517420709133148
LOL-v2,Synthetic,r12946364t.png,without_spatial_amplification,17.10928084721011,0.8907654285430908,0.10633571445941925,0.10863125324249268
LOL-v2,Synthetic,r12946364t.png,without_high_frequency_cue,20.026580007566505,0.9519665837287903,0.1023944541811943,0.06497664749622345
LOL-v2,Synthetic,r12946364t.png,without_darkness_gate,15.015250122819486,0.8824496269226074,0.16174288094043732,0.11609455198049545
LOL-v2,Synthetic,r1301676dt.png,full,24.97271636628753,0.8775240778923035,0.07222821563482285,0.04932785406708717
LOL-v2,Synthetic,r1301676dt.png,retinex_base_only,11.531779583834972,0.5337163805961609,0.26821643114089966,0.23234426975250244
LOL-v2,Synthetic,r1301676dt.png,without_residual_refinement,19.248398928932563,0.8220157623291016,0.09440284967422485,0.06952837854623795
LOL-v2,Synthetic,r1301676dt.png,without_tapetum_update,13.356128990629323,0.6965433955192566,0.2294999063014984,0.1951427161693573
LOL-v2,Synthetic,r1301676dt.png,without_attention_modulation,24.97271096440994,0.8775240778923035,0.07222819328308105,0.04932782053947449
LOL-v2,Synthetic,r1301676dt.png,without_spatial_amplification,12.612725271973526,0.6404552459716797,0.23741990327835083,0.20462188124656677
LOL-v2,Synthetic,r1301676dt.png,without_high_frequency_cue,24.972751002015208,0.8774099946022034,0.07239547371864319,0.049452655017375946
LOL-v2,Synthetic,r1301676dt.png,without_darkness_gate,23.91928713712078,0.8521624207496643,0.09467729926109314,0.06206104904413223
LOL-v2,Synthetic,r13073518t.png,full,22.857172991970014,0.9415669441223145,0.040713533759117126,0.030559759587049484
LOL-v2,Synthetic,r13073518t.png,retinex_base_only,10.709396241431948,0.49578002095222473,0.21756906807422638,0.20259132981300354
LOL-v2,Synthetic,r13073518t.png,without_residual_refinement,17.572188512179345,0.8295100331306458,0.06622938811779022,0.057099826633930206
LOL-v2,Synthetic,r13073518t.png,without_tapetum_update,10.808964677641267,0.54691481590271,0.2105070948600769,0.19174781441688538
LOL-v2,Synthetic,r13073518t.png,without_attention_modulation,22.857172211058725,0.9415668845176697,0.04071351885795593,0.030559781938791275
LOL-v2,Synthetic,r13073518t.png,without_spatial_amplification,10.051407067565412,0.444076269865036,0.22937068343162537,0.21722108125686646
LOL-v2,Synthetic,r13073518t.png,without_high_frequency_cue,22.869452596438418,0.941288411617279,0.04112882539629936,0.031333036720752716
LOL-v2,Synthetic,r13073518t.png,without_darkness_gate,22.796468705910847,0.9242493510246277,0.059427328407764435,0.04718657210469246
LOL-v2,Synthetic,r1372056ct.png,full,30.571909588127472,0.9300975203514099,0.08295942097902298,0.06354069709777832
LOL-v2,Synthetic,r1372056ct.png,retinex_base_only,12.10269295140612,0.6289641857147217,0.23265080153942108,0.21977952122688293
LOL-v2,Synthetic,r1372056ct.png,without_residual_refinement,22.31625813973014,0.903497576713562,0.09288572520017624,0.07160364836454391
LOL-v2,Synthetic,r1372056ct.png,without_tapetum_update,14.778616514520932,0.7792765498161316,0.19529566168785095,0.180974543094635
LOL-v2,Synthetic,r1372056ct.png,without_attention_modulation,30.57183980229007,0.9300975203514099,0.08295939117670059,0.06354070454835892
LOL-v2,Synthetic,r1372056ct.png,without_spatial_amplification,14.599761787018966,0.7672695517539978,0.20247051119804382,0.18758614361286163
LOL-v2,Synthetic,r1372056ct.png,without_high_frequency_cue,30.574559684282463,0.9301223754882812,0.0828988254070282,0.06348427385091782
LOL-v2,Synthetic,r1372056ct.png,without_darkness_gate,20.844243678255463,0.8900694251060486,0.12967050075531006,0.11665578186511993
LOL-v2,Synthetic,r13837601t.png,full,19.149080121620184,0.9216644167900085,0.07418374717235565,0.0704982578754425
LOL-v2,Synthetic,r13837601t.png,retinex_base_only,16.45783535133836,0.860783040523529,0.11530175805091858,0.1061025857925415
LOL-v2,Synthetic,r13837601t.png,without_residual_refinement,25.277598905343453,0.969744086265564,0.04345235601067543,0.03941245377063751
LOL-v2,Synthetic,r13837601t.png,without_tapetum_update,16.094497170971955,0.8868614435195923,0.1365039348602295,0.12186360359191895
LOL-v2,Synthetic,r13837601t.png,without_attention_modulation,19.149079456619003,0.9216644167900085,0.07418380677700043,0.07049843668937683
LOL-v2,Synthetic,r13837601t.png,without_spatial_amplification,15.027806904971555,0.8357104659080505,0.1394346058368683,0.12814874947071075
LOL-v2,Synthetic,r13837601t.png,without_high_frequency_cue,19.149847268291282,0.9217337369918823,0.07364396750926971,0.07026471197605133
LOL-v2,Synthetic,r13837601t.png,without_darkness_gate,13.200058041666725,0.8428328037261963,0.23173615336418152,0.2323898822069168
LOL-v2,Synthetic,r13907965t.png,full,27.442095582836924,0.9705522656440735,0.029265664517879486,0.021979179233312607
LOL-v2,Synthetic,r13907965t.png,retinex_base_only,9.447352735723687,0.619247317314148,0.20566681027412415,0.19549594819545746
LOL-v2,Synthetic,r13907965t.png,without_residual_refinement,19.051099256864482,0.932963490486145,0.042035482823848724,0.03636268526315689
LOL-v2,Synthetic,r13907965t.png,without_tapetum_update,11.214020785523127,0.766869843006134,0.18223166465759277,0.16959576308727264
LOL-v2,Synthetic,r13907965t.png,without_attention_modulation,27.442103157584338,0.9705522656440735,0.029265616089105606,0.021979162469506264
LOL-v2,Synthetic,r13907965t.png,without_spatial_amplification,10.440784946015354,0.7197349071502686,0.19865837693214417,0.18407221138477325
LOL-v2,Synthetic,r13907965t.png,without_high_frequency_cue,27.441772686445603,0.9705143570899963,0.029407422989606857,0.022281071171164513
LOL-v2,Synthetic,r13907965t.png,without_darkness_gate,21.74927273828962,0.9566256999969482,0.0474797859787941,0.03473614528775215
LOL-v2,Synthetic,r13928401t.png,full,16.295018452957503,0.9183006286621094,0.056336354464292526,0.050836216658353806
LOL-v2,Synthetic,r13928401t.png,retinex_base_only,18.991957984440585,0.9143404364585876,0.03587819263339043,0.03409614786505699
LOL-v2,Synthetic,r13928401t.png,without_residual_refinement,19.533796793567433,0.9558005332946777,0.03635504096746445,0.031427424401044846
LOL-v2,Synthetic,r13928401t.png,without_tapetum_update,17.774039283907538,0.8862467408180237,0.050045497715473175,0.050050996243953705
LOL-v2,Synthetic,r13928401t.png,without_attention_modulation,16.295017763597244,0.9183006286621094,0.05633636191487312,0.050836268812417984
LOL-v2,Synthetic,r13928401t.png,without_spatial_amplification,16.730796308294597,0.8708517551422119,0.0455341562628746,0.04640217870473862
LOL-v2,Synthetic,r13928401t.png,without_high_frequency_cue,16.25812079870781,0.9199889302253723,0.05445253849029541,0.04957015439867973
LOL-v2,Synthetic,r13928401t.png,without_darkness_gate,9.922340001855313,0.6844995617866516,0.20697735249996185,0.17757508158683777
LOL-v2,Synthetic,r141665bdt.png,full,28.06181844249125,0.9719971418380737,0.04153326526284218,0.02995406463742256
LOL-v2,Synthetic,r141665bdt.png,retinex_base_only,11.35114303789998,0.6115205883979797,0.1555248647928238,0.16133585572242737
LOL-v2,Synthetic,r141665bdt.png,without_residual_refinement,20.452043692991776,0.942048966884613,0.04793374240398407,0.035766951739788055
LOL-v2,Synthetic,r141665bdt.png,without_tapetum_update,13.25828218732709,0.7732044458389282,0.12202363461256027,0.12701597809791565
LOL-v2,Synthetic,r141665bdt.png,without_attention_modulation,28.061806793770966,0.971997082233429,0.04153350740671158,0.02995428815484047
LOL-v2,Synthetic,r141665bdt.png,without_spatial_amplification,10.926129249153123,0.5578632950782776,0.16947273910045624,0.17409856617450714
LOL-v2,Synthetic,r141665bdt.png,without_high_frequency_cue,28.067940282964116,0.9719727635383606,0.04164980351924896,0.030031703412532806
LOL-v2,Synthetic,r141665bdt.png,without_darkness_gate,24.411043364871155,0.9606006145477295,0.05564381182193756,0.04570845514535904
LOL-v2,Synthetic,r141669e5t.png,full,24.199419499710938,0.7691342234611511,0.19156575202941895,0.17060554027557373
LOL-v2,Synthetic,r141669e5t.png,retinex_base_only,18.73393932883059,0.4885789155960083,0.2581755220890045,0.24634838104248047
LOL-v2,Synthetic,r141669e5t.png,without_residual_refinement,22.48802291216422,0.6579105257987976,0.18879659473896027,0.16700221598148346
LOL-v2,Synthetic,r141669e5t.png,without_tapetum_update,20.142704034262636,0.6402183771133423,0.2373618334531784,0.2151293158531189
LOL-v2,Synthetic,r141669e5t.png,without_attention_modulation,24.199418170064,0.7691341042518616,0.1915658563375473,0.17060565948486328
LOL-v2,Synthetic,r141669e5t.png,without_spatial_amplification,18.830573709668087,0.4757898151874542,0.2335396260023117,0.21559789776802063
LOL-v2,Synthetic,r141669e5t.png,without_high_frequency_cue,24.2170907788549,0.7692761421203613,0.1916763335466385,0.17084145545959473
LOL-v2,Synthetic,r141669e5t.png,without_darkness_gate,20.569310851308742,0.7297905683517456,0.2249939739704132,0.20196235179901123
LOL-v2,Synthetic,r1419078bt.png,full,28.53456118357119,0.9311956763267517,0.04313535615801811,0.024969732388854027
LOL-v2,Synthetic,r1419078bt.png,retinex_base_only,11.906702826838846,0.5468780398368835,0.17851009964942932,0.16684232652187347
LOL-v2,Synthetic,r1419078bt.png,without_residual_refinement,20.332753005666,0.8501161932945251,0.059761472046375275,0.04416655749082565
LOL-v2,Synthetic,r1419078bt.png,without_tapetum_update,14.025450307692653,0.7212705016136169,0.14501270651817322,0.12568964064121246
LOL-v2,Synthetic,r1419078bt.png,without_attention_modulation,28.534557214918813,0.9311957359313965,0.04313536733388901,0.024969708174467087
LOL-v2,Synthetic,r1419078bt.png,without_spatial_amplification,13.168655979944756,0.6525580286979675,0.16203126311302185,0.14442779123783112
LOL-v2,Synthetic,r1419078bt.png,without_high_frequency_cue,28.536314961208173,0.9311935901641846,0.043155208230018616,0.024951951578259468
LOL-v2,Synthetic,r1419078bt.png,without_darkness_gate,23.95481825167629,0.9145564436912537,0.062030453234910965,0.03959682211279869
LOL-v2,Synthetic,r142335f0t.png,full,35.4154572958451,0.9802465438842773,0.018881123512983322,0.011673101224005222
LOL-v2,Synthetic,r142335f0t.png,retinex_base_only,10.543607319778513,0.6301448941230774,0.16895350813865662,0.1738087385892868
LOL-v2,Synthetic,r142335f0t.png,without_residual_refinement,21.108316430163278,0.9507080316543579,0.03356940299272537,0.024935338646173477
LOL-v2,Synthetic,r142335f0t.png,without_tapetum_update,12.862642814591565,0.778047502040863,0.13441725075244904,0.13266004621982574
LOL-v2,Synthetic,r142335f0t.png,without_attention_modulation,35.41540935515365,0.9802465438842773,0.01888115704059601,0.01167319342494011
LOL-v2,Synthetic,r142335f0t.png,without_spatial_amplification,11.322642324128152,0.6877128481864929,0.16046278178691864,0.16531087458133698
LOL-v2,Synthetic,r142335f0t.png,without_high_frequency_cue,35.41057182654305,0.9802711009979248,0.019008034840226173,0.011764043010771275
LOL-v2,Synthetic,r142335f0t.png,without_darkness_gate,21.038196467810316,0.9470411539077759,0.05310678854584694,0.04199829697608948
LOL-v2,Synthetic,r142787e2t.png,full,28.994973641608922,0.9706251621246338,0.01951003260910511,0.016901521012187004
LOL-v2,Synthetic,r142787e2t.png,retinex_base_only,23.83369470117287,0.9637083411216736,0.024912888184189796,0.02087266370654106
LOL-v2,Synthetic,r142787e2t.png,without_residual_refinement,24.102016010186517,0.9668881297111511,0.02451111376285553,0.019453296437859535
LOL-v2,Synthetic,r142787e2t.png,without_tapetum_update,19.90954451821283,0.9359420537948608,0.03022000566124916,0.024104425683617592
LOL-v2,Synthetic,r142787e2t.png,without_attention_modulation,28.99496602002847,0.9706250429153442,0.01951010897755623,0.016901666298508644
LOL-v2,Synthetic,r142787e2t.png,without_spatial_amplification,19.29902118993846,0.9178506135940552,0.031892385333776474,0.026161007583141327
LOL-v2,Synthetic,r142787e2t.png,without_high_frequency_cue,29.013374173863212,0.9702349305152893,0.020228641107678413,0.017564747482538223
LOL-v2,Synthetic,r142787e2t.png,without_darkness_gate,9.278199923650515,0.6849288940429688,0.3423258662223816,0.318965882062912
LOL-v2,Synthetic,r14289905t.png,full,24.708703318154047,0.9090752005577087,0.042906321585178375,0.04087930917739868
LOL-v2,Synthetic,r14289905t.png,retinex_base_only,14.472651606910844,0.6561274528503418,0.18211744725704193,0.1813126802444458
LOL-v2,Synthetic,r14289905t.png,without_residual_refinement,21.64930716372252,0.8503090143203735,0.06924885511398315,0.06685170531272888
LOL-v2,Synthetic,r14289905t.png,without_tapetum_update,14.900701558186109,0.6651040315628052,0.1489993780851364,0.14724460244178772
LOL-v2,Synthetic,r14289905t.png,without_attention_modulation,24.708704514219185,0.9090752005577087,0.04290634021162987,0.0408792607486248
LOL-v2,Synthetic,r14289905t.png,without_spatial_amplification,14.09237575049331,0.5398809909820557,0.16716407239437103,0.16829952597618103
LOL-v2,Synthetic,r14289905t.png,without_high_frequency_cue,24.724891691660318,0.910114586353302,0.042374853044748306,0.04071031138300896
LOL-v2,Synthetic,r14289905t.png,without_darkness_gate,20.85898624293756,0.8393081426620483,0.08650776743888855,0.08141881227493286
LOL-v2,Synthetic,r145215fft.png,full,13.31313015058174,0.8166962265968323,0.1518101692199707,0.13335566222667694
LOL-v2,Synthetic,r145215fft.png,retinex_base_only,8.721380587922024,0.47102391719818115,0.28413233160972595,0.2813482880592346
LOL-v2,Synthetic,r145215fft.png,without_residual_refinement,12.123673063761721,0.756991982460022,0.1953403651714325,0.18299508094787598
LOL-v2,Synthetic,r145215fft.png,without_tapetum_update,8.968967700826164,0.4816105365753174,0.2690243721008301,0.2638118863105774
LOL-v2,Synthetic,r145215fft.png,without_attention_modulation,13.31313119140923,0.816696286201477,0.1518101543188095,0.13335570693016052
LOL-v2,Synthetic,r145215fft.png,without_spatial_amplification,8.352614259775093,0.42361748218536377,0.2888867259025574,0.28537243604660034
LOL-v2,Synthetic,r145215fft.png,without_high_frequency_cue,13.280037505922646,0.8138630986213684,0.15793220698833466,0.13863661885261536
LOL-v2,Synthetic,r145215fft.png,without_darkness_gate,18.25352159198485,0.855394184589386,0.21968159079551697,0.20525522530078888
LOL-v2,Synthetic,r145221d9t.png,full,27.440165855447706,0.9432082176208496,0.041912324726581573,0.029990658164024353
LOL-v2,Synthetic,r145221d9t.png,retinex_base_only,13.162691930383406,0.5750969648361206,0.1954483985900879,0.18505439162254333
LOL-v2,Synthetic,r145221d9t.png,without_residual_refinement,23.667896665163703,0.920149564743042,0.04410067945718765,0.03435506671667099
LOL-v2,Synthetic,r145221d9t.png,without_tapetum_update,15.679493816966952,0.752833366394043,0.17488116025924683,0.15893606841564178
LOL-v2,Synthetic,r145221d9t.png,without_attention_modulation,27.440160527445766,0.9432082176208496,0.04191231355071068,0.02999064326286316
LOL-v2,Synthetic,r145221d9t.png,without_spatial_amplification,13.160260905843142,0.595577597618103,0.20928215980529785,0.193355992436409
LOL-v2,Synthetic,r145221d9t.png,without_high_frequency_cue,27.44080806776743,0.9432371854782104,0.04193474352359772,0.030049992725253105
LOL-v2,Synthetic,r145221d9t.png,without_darkness_gate,21.629257846816042,0.9248066544532776,0.04628144949674606,0.03195091336965561
LOL-v2,Synthetic,r146771d7t.png,full,21.327609427138018,0.9152033925056458,0.06444455683231354,0.05602451413869858
LOL-v2,Synthetic,r146771d7t.png,retinex_base_only,10.710429229294045,0.592692494392395,0.24137058854103088,0.2562445104122162
LOL-v2,Synthetic,r146771d7t.png,without_residual_refinement,17.532360685734403,0.7873393893241882,0.10491031408309937,0.09981594234704971
LOL-v2,Synthetic,r146771d7t.png,without_tapetum_update,11.309940922432496,0.6839950084686279,0.2106064260005951,0.21265721321105957
LOL-v2,Synthetic,r146771d7t.png,without_attention_modulation,21.3276097016842,0.9152032136917114,0.06444473564624786,0.05602462589740753
LOL-v2,Synthetic,r146771d7t.png,without_spatial_amplification,10.423347420008554,0.6092169284820557,0.24038535356521606,0.2512507140636444
LOL-v2,Synthetic,r146771d7t.png,without_high_frequency_cue,21.319144089917295,0.9150991439819336,0.06482241302728653,0.056453023105859756
LOL-v2,Synthetic,r146771d7t.png,without_darkness_gate,22.090377685155154,0.887539267539978,0.08996602892875671,0.07308147847652435
LOL-v2,Synthetic,r150058a4t.png,full,22.2651922229672,0.9360278248786926,0.062121447175741196,0.057686664164066315
LOL-v2,Synthetic,r150058a4t.png,retinex_base_only,9.615850935459354,0.6378719806671143,0.19006583094596863,0.18884819746017456
LOL-v2,Synthetic,r150058a4t.png,without_residual_refinement,16.999114628875297,0.8805831670761108,0.0785902887582779,0.07531367987394333
LOL-v2,Synthetic,r150058a4t.png,without_tapetum_update,10.294240765653118,0.7010843753814697,0.17194625735282898,0.170601487159729
LOL-v2,Synthetic,r150058a4t.png,without_attention_modulation,22.2651908601626,0.9360278248786926,0.062121469527482986,0.05768682062625885
LOL-v2,Synthetic,r150058a4t.png,without_spatial_amplification,9.102095107583853,0.6064930558204651,0.19725415110588074,0.19760286808013916
LOL-v2,Synthetic,r150058a4t.png,without_high_frequency_cue,22.264111312572084,0.9358923435211182,0.06216299533843994,0.05765166133642197
LOL-v2,Synthetic,r150058a4t.png,without_darkness_gate,18.741506379097874,0.8687179088592529,0.13504822552204132,0.12569914758205414
LOL-v2,Synthetic,r15885978t.png,full,28.960270377537913,0.9346655607223511,0.07435701787471771,0.05588170886039734
LOL-v2,Synthetic,r15885978t.png,retinex_base_only,12.372080295868793,0.6079663038253784,0.25637155771255493,0.22808977961540222
LOL-v2,Synthetic,r15885978t.png,without_residual_refinement,24.52579049170503,0.8767256736755371,0.09628306329250336,0.07729479670524597
LOL-v2,Synthetic,r15885978t.png,without_tapetum_update,13.843801643237601,0.7896469831466675,0.2172899842262268,0.19202101230621338
LOL-v2,Synthetic,r15885978t.png,without_attention_modulation,28.96026520427458,0.9346655607223511,0.07435689866542816,0.05588169023394585
LOL-v2,Synthetic,r15885978t.png,without_spatial_amplification,12.856235687126498,0.7232270240783691,0.23093661665916443,0.20478788018226624
LOL-v2,Synthetic,r15885978t.png,without_high_frequency_cue,28.960552528694468,0.9346631169319153,0.07430872321128845,0.05583745986223221
LOL-v2,Synthetic,r15885978t.png,without_darkness_gate,19.226389587757623,0.8921553492546082,0.17192478477954865,0.13935992121696472
LOL-v2,Synthetic,r15919202t.png,full,18.770078756290374,0.938836395740509,0.056438036262989044,0.055152036249637604
LOL-v2,Synthetic,r15919202t.png,retinex_base_only,20.672713445674496,0.9263786673545837,0.06849250197410583,0.062432579696178436
LOL-v2,Synthetic,r15919202t.png,without_residual_refinement,20.947945763703018,0.9648850560188293,0.032794855535030365,0.03138486668467522
LOL-v2,Synthetic,r15919202t.png,without_tapetum_update,19.47733743640163,0.9084315299987793,0.07931551337242126,0.07387232780456543
LOL-v2,Synthetic,r15919202t.png,without_attention_modulation,18.77007723272096,0.938836395740509,0.05643804743885994,0.055152080953121185
LOL-v2,Synthetic,r15919202t.png,without_spatial_amplification,18.245625396533857,0.8825535774230957,0.08097802847623825,0.07548733800649643
LOL-v2,Synthetic,r15919202t.png,without_high_frequency_cue,18.777865689349035,0.9396178722381592,0.056770965456962585,0.057209860533475876
LOL-v2,Synthetic,r15919202t.png,without_darkness_gate,10.131011434056527,0.6958445310592651,0.2878398597240448,0.24534505605697632
LOL-v2,Synthetic,r1602555bt.png,full,22.654614479084906,0.9481382369995117,0.05250338464975357,0.048345763236284256
LOL-v2,Synthetic,r1602555bt.png,retinex_base_only,9.271195946590735,0.6163226366043091,0.33151116967201233,0.3124581277370453
LOL-v2,Synthetic,r1602555bt.png,without_residual_refinement,17.40405016732906,0.8952745795249939,0.0984969288110733,0.09289050847291946
LOL-v2,Synthetic,r1602555bt.png,without_tapetum_update,10.27582988954354,0.7115786671638489,0.3114548325538635,0.292047917842865
LOL-v2,Synthetic,r1602555bt.png,without_attention_modulation,22.65462305033482,0.9481382369995117,0.05250347778201103,0.04834561049938202
LOL-v2,Synthetic,r1602555bt.png,without_spatial_amplification,9.478808330809871,0.6493391990661621,0.3473559021949768,0.33379215002059937
LOL-v2,Synthetic,r1602555bt.png,without_high_frequency_cue,22.65410545170703,0.9480195045471191,0.05321833863854408,0.048773325979709625
LOL-v2,Synthetic,r1602555bt.png,without_darkness_gate,23.916884877357035,0.9231176376342773,0.11497965455055237,0.11032090336084366
LOL-v2,Synthetic,r163317d6t.png,full,21.303220912490048,0.9389120936393738,0.06421782821416855,0.05541146174073219
LOL-v2,Synthetic,r163317d6t.png,retinex_base_only,10.326898589875128,0.6787546873092651,0.20659223198890686,0.19895684719085693
LOL-v2,Synthetic,r163317d6t.png,without_residual_refinement,20.577758048625935,0.9345026612281799,0.076512411236763,0.07121849060058594
LOL-v2,Synthetic,r163317d6t.png,without_tapetum_update,11.808552765555365,0.7586624622344971,0.2140040546655655,0.20605018734931946
LOL-v2,Synthetic,r163317d6t.png,without_attention_modulation,21.303216817361005,0.938912034034729,0.0642179623246193,0.05541139096021652
LOL-v2,Synthetic,r163317d6t.png,without_spatial_amplification,10.43008830883073,0.692522406578064,0.24267494678497314,0.2294168919324875
LOL-v2,Synthetic,r163317d6t.png,without_high_frequency_cue,21.303220912490048,0.9388994574546814,0.06417867541313171,0.055344656109809875
LOL-v2,Synthetic,r163317d6t.png,without_darkness_gate,16.432633845366023,0.9152956604957581,0.09360474348068237,0.0847863033413887
LOL-v2,Synthetic,r163967d4t.png,full,28.27935935348332,0.9698904752731323,0.020037388429045677,0.015248522162437439
LOL-v2,Synthetic,r163967d4t.png,retinex_base_only,12.962497577644662,0.6566652655601501,0.12571807205677032,0.12477295100688934
LOL-v2,Synthetic,r163967d4t.png,without_residual_refinement,25.653933662601492,0.9645394086837769,0.022239629179239273,0.01609623432159424
LOL-v2,Synthetic,r163967d4t.png,without_tapetum_update,13.766497642091952,0.7443420886993408,0.12424048781394958,0.1282445788383484
LOL-v2,Synthetic,r163967d4t.png,without_attention_modulation,28.279342683865757,0.9698904752731323,0.02003759890794754,0.01524847000837326
LOL-v2,Synthetic,r163967d4t.png,without_spatial_amplification,12.154128946432309,0.5639217495918274,0.14452604949474335,0.14691433310508728
LOL-v2,Synthetic,r163967d4t.png,without_high_frequency_cue,28.27360295569226,0.9699195623397827,0.019992712885141373,0.015230055898427963
LOL-v2,Synthetic,r163967d4t.png,without_darkness_gate,20.602612216509165,0.9472140669822693,0.03713591396808624,0.03643035143613815
LOL-v2,Synthetic,r16422663t.png,full,21.039503500787298,0.9579908847808838,0.07043057680130005,0.07278668880462646
LOL-v2,Synthetic,r16422663t.png,retinex_base_only,13.919387962381089,0.8477023839950562,0.22753621637821198,0.2147921770811081
LOL-v2,Synthetic,r16422663t.png,without_residual_refinement,19.670874748056036,0.9348452091217041,0.07715821266174316,0.08683091402053833
LOL-v2,Synthetic,r16422663t.png,without_tapetum_update,13.25290824604667,0.8530807495117188,0.2383834719657898,0.2241329550743103
LOL-v2,Synthetic,r16422663t.png,without_attention_modulation,21.039508125423048,0.9579908847808838,0.07043054699897766,0.07278653234243393
LOL-v2,Synthetic,r16422663t.png,without_spatial_amplification,12.891257610096439,0.8394671082496643,0.24907638132572174,0.2345837950706482
LOL-v2,Synthetic,r16422663t.png,without_high_frequency_cue,21.00776375078075,0.9579411745071411,0.06943036615848541,0.07172828912734985
LOL-v2,Synthetic,r16422663t.png,without_darkness_gate,19.356964390450116,0.9624612927436829,0.0803988128900528,0.08431603014469147
LOL-v2,Synthetic,r16509308t.png,full,25.39400974712844,0.9649508595466614,0.03062775358557701,0.02917993813753128
LOL-v2,Synthetic,r16509308t.png,retinex_base_only,11.156469281252022,0.6336161494255066,0.22500227391719818,0.23066262900829315
LOL-v2,Synthetic,r16509308t.png,without_residual_refinement,19.37232912671627,0.899448812007904,0.059520162642002106,0.06180566921830177
LOL-v2,Synthetic,r16509308t.png,without_tapetum_update,10.903254563571888,0.6528965830802917,0.22979876399040222,0.23346388339996338
LOL-v2,Synthetic,r16509308t.png,without_attention_modulation,25.394012198017126,0.9649507999420166,0.030627593398094177,0.029179943725466728
LOL-v2,Synthetic,r16509308t.png,without_spatial_amplification,10.330203651099437,0.5759006142616272,0.23436015844345093,0.24181877076625824
LOL-v2,Synthetic,r16509308t.png,without_high_frequency_cue,25.39249781244458,0.9649825096130371,0.031474072486162186,0.029613304883241653
LOL-v2,Synthetic,r16509308t.png,without_darkness_gate,15.940892872948469,0.901486873626709,0.16111797094345093,0.16268599033355713
LOL-v2,Synthetic,r165355c0t.png,full,22.523413337762143,0.9719896912574768,0.033634252846241,0.028606800362467766
LOL-v2,Synthetic,r165355c0t.png,retinex_base_only,12.548534969842443,0.7402661442756653,0.10981590300798416,0.10349274426698685
LOL-v2,Synthetic,r165355c0t.png,without_residual_refinement,33.3024998332116,0.9766045212745667,0.023692496120929718,0.019822191447019577
LOL-v2,Synthetic,r165355c0t.png,without_tapetum_update,12.826786516747678,0.7424429655075073,0.13732929527759552,0.1298365294933319
LOL-v2,Synthetic,r165355c0t.png,without_attention_modulation,22.523405383167333,0.971989631652832,0.03363381698727608,0.02860628068447113
LOL-v2,Synthetic,r165355c0t.png,without_spatial_amplification,11.615070450833112,0.6707431674003601,0.1316976547241211,0.12614944577217102
LOL-v2,Synthetic,r165355c0t.png,without_high_frequency_cue,22.522130305356143,0.9719840884208679,0.033731602132320404,0.028723563998937607
LOL-v2,Synthetic,r165355c0t.png,without_darkness_gate,15.75823600234445,0.9228861331939697,0.07361017167568207,0.0661562979221344
LOL-v2,Synthetic,r16654024t.png,full,24.92190848568674,0.8419819474220276,0.05057906359434128,0.03414355590939522
LOL-v2,Synthetic,r16654024t.png,retinex_base_only,13.362019261165589,0.6428565979003906,0.13379748165607452,0.11931949853897095
LOL-v2,Synthetic,r16654024t.png,without_residual_refinement,26.645647611391308,0.8930798172950745,0.04102194309234619,0.027794472873210907
LOL-v2,Synthetic,r16654024t.png,without_tapetum_update,14.398757989362924,0.6327787637710571,0.12856782972812653,0.11219572275876999
LOL-v2,Synthetic,r16654024t.png,without_attention_modulation,24.92189812165534,0.8419819474220276,0.05057906359434128,0.03414356708526611
LOL-v2,Synthetic,r16654024t.png,without_spatial_amplification,13.047524111876005,0.5557056665420532,0.14632797241210938,0.13103212416172028
LOL-v2,Synthetic,r16654024t.png,without_high_frequency_cue,24.923086691799874,0.8420922160148621,0.050477541983127594,0.03412070497870445
LOL-v2,Synthetic,r16654024t.png,without_darkness_gate,20.55419119869184,0.8237133622169495,0.06897663325071335,0.05569084733724594
LOL-v2,Synthetic,r1683028at.png,full,28.065037274756087,0.9432316422462463,0.060575760900974274,0.04267274588346481
LOL-v2,Synthetic,r1683028at.png,retinex_base_only,12.02433838279674,0.6601066589355469,0.19542333483695984,0.18473759293556213
LOL-v2,Synthetic,r1683028at.png,without_residual_refinement,20.228713417630185,0.896470308303833,0.06731865555047989,0.04745631292462349
LOL-v2,Synthetic,r1683028at.png,without_tapetum_update,13.878338876265948,0.7843998670578003,0.17463639378547668,0.15828999876976013
LOL-v2,Synthetic,r1683028at.png,without_attention_modulation,28.06504148436495,0.9432316422462463,0.060575760900974274,0.04267274588346481
LOL-v2,Synthetic,r1683028at.png,without_spatial_amplification,12.811346538642713,0.7301970720291138,0.18670636415481567,0.17099979519844055
LOL-v2,Synthetic,r1683028at.png,without_high_frequency_cue,28.066782993319382,0.9436042308807373,0.059809863567352295,0.042039915919303894
LOL-v2,Synthetic,r1683028at.png,without_darkness_gate,24.28654474428673,0.8599314093589783,0.18272316455841064,0.1672511100769043
LOL-v2,Synthetic,r1694427et.png,full,11.356775212027372,0.8215319514274597,0.18312734365463257,0.15774193406105042
LOL-v2,Synthetic,r1694427et.png,retinex_base_only,23.235354363364365,0.9362842440605164,0.05526351556181908,0.04619530215859413
LOL-v2,Synthetic,r1694427et.png,without_residual_refinement,14.163141083019825,0.8884438276290894,0.13001678884029388,0.11086919158697128
LOL-v2,Synthetic,r1694427et.png,without_tapetum_update,23.605648935440584,0.9676997065544128,0.08141905814409256,0.07512522488832474
LOL-v2,Synthetic,r1694427et.png,without_attention_modulation,11.356773885326124,0.8215317726135254,0.18312722444534302,0.15774159133434296
LOL-v2,Synthetic,r1694427et.png,without_spatial_amplification,20.249337464880533,0.9172118902206421,0.07215407490730286,0.05944575369358063
LOL-v2,Synthetic,r1694427et.png,without_high_frequency_cue,11.35681678220514,0.821556568145752,0.18310309946537018,0.15779229998588562
LOL-v2,Synthetic,r1694427et.png,without_darkness_gate,7.845649928595248,0.7334155440330505,0.27931785583496094,0.24775652587413788
LOL-v2,Synthetic,r170632f5t.png,full,22.616252947090068,0.9043388962745667,0.07780022919178009,0.05504656583070755
LOL-v2,Synthetic,r170632f5t.png,retinex_base_only,10.863462556379755,0.45319849252700806,0.26881706714630127,0.2502785921096802
LOL-v2,Synthetic,r170632f5t.png,without_residual_refinement,17.118022674574483,0.8091369867324829,0.10546020418405533,0.08258527517318726
LOL-v2,Synthetic,r170632f5t.png,without_tapetum_update,12.930238388592947,0.6376998424530029,0.21601030230522156,0.18336930871009827
LOL-v2,Synthetic,r170632f5t.png,without_attention_modulation,22.616251469548672,0.9043388366699219,0.07780022919178009,0.055046580731868744
LOL-v2,Synthetic,r170632f5t.png,without_spatial_amplification,11.92986488906936,0.5501994490623474,0.24493131041526794,0.215730682015419
LOL-v2,Synthetic,r170632f5t.png,without_high_frequency_cue,22.615854029166442,0.9042861461639404,0.07797958701848984,0.05516883730888367
LOL-v2,Synthetic,r170632f5t.png,without_darkness_gate,24.13548563491871,0.8924830555915833,0.09607577323913574,0.06806902587413788
LOL-v2,Synthetic,r17217693t.png,full,26.512623209133842,0.8935124278068542,0.058654699474573135,0.04036101698875427
LOL-v2,Synthetic,r17217693t.png,retinex_base_only,12.627124257149411,0.4537819027900696,0.21198534965515137,0.21425071358680725
LOL-v2,Synthetic,r17217693t.png,without_residual_refinement,19.42628550565058,0.8201109766960144,0.07079607248306274,0.055339887738227844
LOL-v2,Synthetic,r17217693t.png,without_tapetum_update,15.00709959466298,0.5969741344451904,0.17980782687664032,0.16780757904052734
LOL-v2,Synthetic,r17217693t.png,without_attention_modulation,26.512620491206235,0.8935124278068542,0.058654703199863434,0.040360961109399796
LOL-v2,Synthetic,r17217693t.png,without_spatial_amplification,13.435249991068748,0.4893568456172943,0.19798511266708374,0.19389763474464417
LOL-v2,Synthetic,r17217693t.png,without_high_frequency_cue,26.51511717145777,0.893663227558136,0.058512743562459946,0.04031555727124214
LOL-v2,Synthetic,r17217693t.png,without_darkness_gate,27.077141053010237,0.8947330713272095,0.06762279570102692,0.04699992015957832
LOL-v2,Synthetic,r181768b7t.png,full,16.5019529664108,0.8603119254112244,0.067470021545887,0.06084270402789116
LOL-v2,Synthetic,r181768b7t.png,retinex_base_only,19.50126418662845,0.8040372133255005,0.0748298317193985,0.06711902469396591
LOL-v2,Synthetic,r181768b7t.png,without_residual_refinement,20.69174828637501,0.8914231061935425,0.05641713738441467,0.048210278153419495
LOL-v2,Synthetic,r181768b7t.png,without_tapetum_update,21.863013075030267,0.8873241543769836,0.07546091079711914,0.07250498235225677
LOL-v2,Synthetic,r181768b7t.png,without_attention_modulation,16.501951158905218,0.8603118658065796,0.06747005879878998,0.06084269657731056
LOL-v2,Synthetic,r181768b7t.png,without_spatial_amplification,18.507284736706772,0.7711591720581055,0.08490486443042755,0.07633807510137558
LOL-v2,Synthetic,r181768b7t.png,without_high_frequency_cue,16.49016956749361,0.8601065874099731,0.06718938797712326,0.06084210425615311
LOL-v2,Synthetic,r181768b7t.png,without_darkness_gate,12.025860003334511,0.7317513823509216,0.1343117505311966,0.12330891937017441
LOL-v2,Synthetic,r1824034et.png,full,29.900527148757572,0.9800198078155518,0.027742251753807068,0.019906459376215935
LOL-v2,Synthetic,r1824034et.png,retinex_base_only,9.224144335453593,0.6565945148468018,0.22473105788230896,0.22711136937141418
LOL-v2,Synthetic,r1824034et.png,without_residual_refinement,19.534451507589992,0.952614426612854,0.046959083527326584,0.03871133178472519
LOL-v2,Synthetic,r1824034et.png,without_tapetum_update,10.957830198218225,0.7652795910835266,0.19887594878673553,0.19787321984767914
LOL-v2,Synthetic,r1824034et.png,without_attention_modulation,29.90054246702436,0.9800198078155518,0.027742207050323486,0.019906455650925636
LOL-v2,Synthetic,r1824034et.png,without_spatial_amplification,9.853912249402295,0.6996475458145142,0.2303454577922821,0.23006924986839294
LOL-v2,Synthetic,r1824034et.png,without_high_frequency_cue,29.90083352435946,0.9799529314041138,0.02814515493810177,0.020226575434207916
LOL-v2,Synthetic,r1824034et.png,without_darkness_gate,20.08669058977796,0.9320387840270996,0.06486731767654419,0.05164613574743271
LOL-v2,Synthetic,r185929e9t.png,full,19.472796625036,0.9122303128242493,0.11019837856292725,0.08555697649717331
LOL-v2,Synthetic,r185929e9t.png,retinex_base_only,9.74577699141793,0.4575195908546448,0.31233322620391846,0.31408682465553284
LOL-v2,Synthetic,r185929e9t.png,without_residual_refinement,15.087311421260658,0.8082466125488281,0.14854179322719574,0.12546518445014954
LOL-v2,Synthetic,r185929e9t.png,without_tapetum_update,11.466918289881141,0.6177555918693542,0.26292890310287476,0.2589898705482483
LOL-v2,Synthetic,r185929e9t.png,without_attention_modulation,19.472798057963338,0.9122303128242493,0.11019838601350784,0.08555690944194794
LOL-v2,Synthetic,r185929e9t.png,without_spatial_amplification,10.259502986804478,0.5076691508293152,0.2888845205307007,0.2904297709465027
LOL-v2,Synthetic,r185929e9t.png,without_high_frequency_cue,19.467853691136476,0.9119213819503784,0.11118549108505249,0.0864005833864212
LOL-v2,Synthetic,r185929e9t.png,without_darkness_gate,21.499160789850585,0.9042497873306274,0.1437056064605713,0.11897309869527817
LOL-v2,Synthetic,r18791531t.png,full,22.389567860644405,0.889698326587677,0.0796496793627739,0.0625443309545517
LOL-v2,Synthetic,r18791531t.png,retinex_base_only,13.645941090371723,0.7252413630485535,0.15947631001472473,0.1424551010131836
LOL-v2,Synthetic,r18791531t.png,without_residual_refinement,28.05413545879745,0.9360834360122681,0.07111889868974686,0.053496066480875015
LOL-v2,Synthetic,r18791531t.png,without_tapetum_update,16.028262055204575,0.844279408454895,0.15603645145893097,0.1367730349302292
LOL-v2,Synthetic,r18791531t.png,without_attention_modulation,22.389565757048207,0.889698326587677,0.0796496570110321,0.06254434585571289
LOL-v2,Synthetic,r18791531t.png,without_spatial_amplification,15.547961422196103,0.8286410570144653,0.15859656035900116,0.1415579915046692
LOL-v2,Synthetic,r18791531t.png,without_high_frequency_cue,22.392622655971568,0.8900814652442932,0.07914133369922638,0.06252768635749817
LOL-v2,Synthetic,r18791531t.png,without_darkness_gate,16.658469964294657,0.8234896063804626,0.12232242524623871,0.09739728271961212
LOL-v2,Synthetic,r18798194t.png,full,15.453588976372112,0.8717265129089355,0.09840481728315353,0.0886186733841896
LOL-v2,Synthetic,r18798194t.png,retinex_base_only,7.38617209918814,0.49535036087036133,0.2831043303012848,0.27589744329452515
LOL-v2,Synthetic,r18798194t.png,without_residual_refinement,12.463947524227612,0.7675714492797852,0.1409047544002533,0.13473621010780334
LOL-v2,Synthetic,r18798194t.png,without_tapetum_update,7.480345658621382,0.5232322216033936,0.273332804441452,0.2695273756980896
LOL-v2,Synthetic,r18798194t.png,without_attention_modulation,15.45358954431329,0.8717265725135803,0.09840482473373413,0.08861859887838364
LOL-v2,Synthetic,r18798194t.png,without_spatial_amplification,6.862128947930063,0.4496344029903412,0.290107399225235,0.2885686457157135
LOL-v2,Synthetic,r18798194t.png,without_high_frequency_cue,15.454157806676289,0.8709965348243713,0.09945839643478394,0.089534230530262
LOL-v2,Synthetic,r18798194t.png,without_darkness_gate,18.06293628255106,0.8542829751968384,0.1301422119140625,0.12927715480327606
LOL-v2,Synthetic,r1889220ft.png,full,23.566584309616488,0.8783465027809143,0.09886984527111053,0.09872542321681976
LOL-v2,Synthetic,r1889220ft.png,retinex_base_only,17.070500308981238,0.7236250638961792,0.20341970026493073,0.20178568363189697
LOL-v2,Synthetic,r1889220ft.png,without_residual_refinement,22.759686863521736,0.8089816570281982,0.11207600682973862,0.11208593845367432
LOL-v2,Synthetic,r1889220ft.png,without_tapetum_update,15.78832937000235,0.7190756797790527,0.19957828521728516,0.2024107277393341
LOL-v2,Synthetic,r1889220ft.png,without_attention_modulation,23.566584309616488,0.8783465027809143,0.09886986762285233,0.09872540831565857
LOL-v2,Synthetic,r1889220ft.png,without_spatial_amplification,15.37116895829709,0.6992291808128357,0.2108525037765503,0.2126758098602295
LOL-v2,Synthetic,r1889220ft.png,without_high_frequency_cue,23.568375828531117,0.8780632019042969,0.0993071049451828,0.09881526231765747
LOL-v2,Synthetic,r1889220ft.png,without_darkness_gate,13.632454137850175,0.7669188976287842,0.363609254360199,0.38568565249443054
LOL-v2,Synthetic,r18990432t.png,full,33.29451186530563,0.9771595597267151,0.017744114622473717,0.01359869260340929
LOL-v2,Synthetic,r18990432t.png,retinex_base_only,13.671364709105593,0.6778215765953064,0.14142805337905884,0.13382931053638458
LOL-v2,Synthetic,r18990432t.png,without_residual_refinement,24.309531314497747,0.9114742875099182,0.0349532887339592,0.030230995267629623
LOL-v2,Synthetic,r18990432t.png,without_tapetum_update,13.294115675105457,0.7267578840255737,0.135684072971344,0.128858745098114
LOL-v2,Synthetic,r18990432t.png,without_attention_modulation,33.294508356746285,0.9771595597267151,0.017744125798344612,0.01359869446605444
LOL-v2,Synthetic,r18990432t.png,without_spatial_amplification,12.630275415449185,0.5911357402801514,0.14972588419914246,0.14184044301509857
LOL-v2,Synthetic,r18990432t.png,without_high_frequency_cue,33.295814546367765,0.9771800637245178,0.017723536118865013,0.013720215298235416
LOL-v2,Synthetic,r18990432t.png,without_darkness_gate,16.962897204945957,0.9217357039451599,0.07571080327033997,0.07090964168310165
LOL-v2,Synthetic,r1904147dt.png,full,30.344380821094457,0.9795125126838684,0.019813403487205505,0.017452821135520935
LOL-v2,Synthetic,r1904147dt.png,retinex_base_only,12.90586803378693,0.7384964227676392,0.16667510569095612,0.16079376637935638
LOL-v2,Synthetic,r1904147dt.png,without_residual_refinement,26.152197402404514,0.9720740914344788,0.024570919573307037,0.02156267873942852
LOL-v2,Synthetic,r1904147dt.png,without_tapetum_update,14.672134094298341,0.8497012257575989,0.15893854200839996,0.15095166862010956
LOL-v2,Synthetic,r1904147dt.png,without_attention_modulation,30.344381642057936,0.9795125126838684,0.0198134146630764,0.01745280623435974
LOL-v2,Synthetic,r1904147dt.png,without_spatial_amplification,12.635920496266413,0.7530703544616699,0.18545038998126984,0.17791105806827545
LOL-v2,Synthetic,r1904147dt.png,without_high_frequency_cue,30.345204051748635,0.9795319437980652,0.01958812028169632,0.017317697405815125
LOL-v2,Synthetic,r1904147dt.png,without_darkness_gate,20.48520122056537,0.9584585428237915,0.06075691431760788,0.05763416737318039
LOL-v2,Synthetic,r191488c6t.png,full,19.678258513054132,0.9747869968414307,0.04805983975529671,0.04933025315403938
LOL-v2,Synthetic,r191488c6t.png,retinex_base_only,9.502462873300404,0.7789608836174011,0.26263898611068726,0.2542877793312073
LOL-v2,Synthetic,r191488c6t.png,without_residual_refinement,16.649244010945747,0.9485481977462769,0.07878956198692322,0.08138194680213928
LOL-v2,Synthetic,r191488c6t.png,without_tapetum_update,9.042959267756647,0.7609872817993164,0.27652397751808167,0.2697514593601227
LOL-v2,Synthetic,r191488c6t.png,without_attention_modulation,19.67826114216236,0.9747871160507202,0.048059795051813126,0.04933030158281326
LOL-v2,Synthetic,r191488c6t.png,without_spatial_amplification,8.733430170538174,0.7395745515823364,0.2782183289527893,0.2696036100387573
LOL-v2,Synthetic,r191488c6t.png,without_high_frequency_cue,19.674803738028775,0.9746987223625183,0.0486636646091938,0.04973522201180458
LOL-v2,Synthetic,r191488c6t.png,without_darkness_gate,18.660771892004004,0.935139000415802,0.1254274547100067,0.12640826404094696
LOL-v2,Synthetic,r1915909et.png,full,29.305042071073082,0.9635033011436462,0.060128338634967804,0.045221101492643356
LOL-v2,Synthetic,r1915909et.png,retinex_base_only,11.615006621958049,0.6541072726249695,0.23599287867546082,0.21626383066177368
LOL-v2,Synthetic,r1915909et.png,without_residual_refinement,21.538413690479928,0.9456154108047485,0.07746577262878418,0.06453120708465576
LOL-v2,Synthetic,r1915909et.png,without_tapetum_update,14.091631904855873,0.7713018655776978,0.19656777381896973,0.17801499366760254
LOL-v2,Synthetic,r1915909et.png,without_attention_modulation,29.305039486137154,0.9635033011436462,0.060128338634967804,0.04522109776735306
LOL-v2,Synthetic,r1915909et.png,without_spatial_amplification,13.52913786721166,0.7571156024932861,0.22235731780529022,0.19825218617916107
LOL-v2,Synthetic,r1915909et.png,without_high_frequency_cue,29.31600482610081,0.9635078310966492,0.06004154309630394,0.04516345262527466
LOL-v2,Synthetic,r1915909et.png,without_darkness_gate,21.069001216202366,0.9255058169364929,0.10210388898849487,0.07517252117395401
LOL-v2,Synthetic,r19183258t.png,full,25.165967590216805,0.984972357749939,0.025135502219200134,0.02290109172463417
LOL-v2,Synthetic,r19183258t.png,retinex_base_only,33.876011670144244,0.994132936000824,0.006980215664952993,0.005273404531180859
LOL-v2,Synthetic,r19183258t.png,without_residual_refinement,21.00388000700368,0.9798824191093445,0.0340193435549736,0.03257875144481659
LOL-v2,Synthetic,r19183258t.png,without_tapetum_update,25.66778824287978,0.9906222224235535,0.012166941538453102,0.01038258895277977
LOL-v2,Synthetic,r19183258t.png,without_attention_modulation,25.165960945891726,0.984972357749939,0.025135647505521774,0.02290118858218193
LOL-v2,Synthetic,r19183258t.png,without_spatial_amplification,25.11804989282167,0.9897210001945496,0.013598810881376266,0.012027230113744736
LOL-v2,Synthetic,r19183258t.png,without_high_frequency_cue,25.20481346292026,0.9848929047584534,0.027314389124512672,0.024237310513854027
LOL-v2,Synthetic,r19183258t.png,without_darkness_gate,8.859931978550868,0.6100315451622009,0.5723069906234741,0.5963134169578552
LOL-v2,Synthetic,r197770adt.png,full,27.7952470842327,0.8660060167312622,0.1006954163312912,0.07451176643371582
LOL-v2,Synthetic,r197770adt.png,retinex_base_only,14.413124134829346,0.5335020422935486,0.25199106335639954,0.24593769013881683
LOL-v2,Synthetic,r197770adt.png,without_residual_refinement,22.384406949013425,0.8272085189819336,0.10881467163562775,0.08927347511053085
LOL-v2,Synthetic,r197770adt.png,without_tapetum_update,17.392113667280086,0.7105091214179993,0.21191923320293427,0.18782669305801392
LOL-v2,Synthetic,r197770adt.png,without_attention_modulation,27.79523126003445,0.866006076335907,0.1006954163312912,0.07451178133487701
LOL-v2,Synthetic,r197770adt.png,without_spatial_amplification,16.51657533464864,0.6750732064247131,0.22873127460479736,0.19932307302951813
LOL-v2,Synthetic,r197770adt.png,without_high_frequency_cue,27.799739836040295,0.8661156296730042,0.10058315843343735,0.07443197071552277
LOL-v2,Synthetic,r197770adt.png,without_darkness_gate,22.979422553734356,0.8308458924293518,0.13098043203353882,0.10607247054576874
