dataset,dataset_variant,file,ablation_variant,psnr,ssim,lpips,lpips_resize
UHD-LL down4,,1003_UHD_LL.JPG,full,19.75740499560408,0.8278817534446716,0.21118950843811035,0.1323772668838501
UHD-LL down4,,1003_UHD_LL.JPG,retinex_base_only,10.661382384546648,0.548482358455658,0.31502455472946167,0.2517282962799072
UHD-LL down4,,1003_UHD_LL.JPG,without_residual_refinement,17.28834578594709,0.8027060031890869,0.2165086567401886,0.13542301952838898
UHD-LL down4,,1003_UHD_LL.JPG,without_tapetum_update,12.60170243510868,0.7455023527145386,0.29900437593460083,0.23521296679973602
UHD-LL down4,,1003_UHD_LL.JPG,without_attention_modulation,19.66812162227846,0.823462724685669,0.21266382932662964,0.13144661486148834
UHD-LL down4,,1003_UHD_LL.JPG,without_spatial_amplification,12.566199841908436,0.7185145020484924,0.3316107988357544,0.2576580345630646
UHD-LL down4,,1003_UHD_LL.JPG,without_high_frequency_cue,19.75672803349855,0.8279898762702942,0.21100427210330963,0.13235458731651306
UHD-LL down4,,1003_UHD_LL.JPG,without_darkness_gate,20.159690453369834,0.8223127126693726,0.20093244314193726,0.12899067997932434
UHD-LL down4,,1009_UHD_LL.JPG,full,27.967672566514477,0.9663567543029785,0.02997789904475212,0.011235404759645462
UHD-LL down4,,1009_UHD_LL.JPG,retinex_base_only,9.510272275934566,0.6223689317703247,0.1865825355052948,0.14674170315265656
UHD-LL down4,,1009_UHD_LL.JPG,without_residual_refinement,18.832810123586444,0.9221483469009399,0.053182538598775864,0.02933599054813385
UHD-LL down4,,1009_UHD_LL.JPG,without_tapetum_update,11.342433836246535,0.7681857347488403,0.16066746413707733,0.11699864268302917
UHD-LL down4,,1009_UHD_LL.JPG,without_attention_modulation,29.709233210177377,0.9676913022994995,0.028788216412067413,0.011281119659543037
UHD-LL down4,,1009_UHD_LL.JPG,without_spatial_amplification,9.16638863879147,0.597204864025116,0.23567399382591248,0.19805313646793365
UHD-LL down4,,1009_UHD_LL.JPG,without_high_frequency_cue,28.564269444956835,0.9676458239555359,0.02912909910082817,0.011183688417077065
UHD-LL down4,,1009_UHD_LL.JPG,without_darkness_gate,23.528205595872166,0.9588118195533752,0.044572047889232635,0.024537798017263412
UHD-LL down4,,1024_UHD_LL.JPG,full,21.17089195311847,0.9436802268028259,0.058871254324913025,0.030600054189562798
UHD-LL down4,,1024_UHD_LL.JPG,retinex_base_only,8.572152591746082,0.5313027501106262,0.22274249792099,0.18230536580085754
UHD-LL down4,,1024_UHD_LL.JPG,without_residual_refinement,15.666685317078395,0.8684477806091309,0.09066112339496613,0.0556822195649147
UHD-LL down4,,1024_UHD_LL.JPG,without_tapetum_update,10.534798099544464,0.7271746397018433,0.19024521112442017,0.14917641878128052
UHD-LL down4,,1024_UHD_LL.JPG,without_attention_modulation,21.20746428295442,0.9440432786941528,0.05847550183534622,0.030440913513302803
UHD-LL down4,,1024_UHD_LL.JPG,without_spatial_amplification,8.771874197167817,0.5579465627670288,0.24179048836231232,0.19789758324623108
UHD-LL down4,,1024_UHD_LL.JPG,without_high_frequency_cue,21.173983451780224,0.9437347054481506,0.058844514191150665,0.030584968626499176
UHD-LL down4,,1024_UHD_LL.JPG,without_darkness_gate,28.139144330168673,0.9500411748886108,0.054584674537181854,0.027667447924613953
UHD-LL down4,,1043_UHD_LL.JPG,full,17.041828575459423,0.8933321833610535,0.12926197052001953,0.0785083919763565
UHD-LL down4,,1043_UHD_LL.JPG,retinex_base_only,7.898132676889233,0.45026805996894836,0.2815887928009033,0.237848699092865
UHD-LL down4,,1043_UHD_LL.JPG,without_residual_refinement,13.250767848778363,0.7832999229431152,0.1719069629907608,0.10871241986751556
UHD-LL down4,,1043_UHD_LL.JPG,without_tapetum_update,9.691551245647522,0.6599758863449097,0.24074599146842957,0.1995745301246643
UHD-LL down4,,1043_UHD_LL.JPG,without_attention_modulation,17.085291362213162,0.8955405950546265,0.1279299557209015,0.07777199894189835
UHD-LL down4,,1043_UHD_LL.JPG,without_spatial_amplification,9.206475994597692,0.5889399647712708,0.26120030879974365,0.2117065042257309
UHD-LL down4,,1043_UHD_LL.JPG,without_high_frequency_cue,17.04419691513459,0.893487274646759,0.12910029292106628,0.07844704389572144
UHD-LL down4,,1043_UHD_LL.JPG,without_darkness_gate,20.374885073508207,0.9079060554504395,0.12475145608186722,0.07434745132923126
UHD-LL down4,,1085_UHD_LL.JPG,full,19.688641617176742,0.8732858896255493,0.06069174036383629,0.04365880414843559
UHD-LL down4,,1085_UHD_LL.JPG,retinex_base_only,10.241379065461159,0.34310096502304077,0.17651237547397614,0.18019241094589233
UHD-LL down4,,1085_UHD_LL.JPG,without_residual_refinement,15.23203205770703,0.7266697287559509,0.07960396260023117,0.0670711100101471
UHD-LL down4,,1085_UHD_LL.JPG,without_tapetum_update,12.391861526871581,0.5845328569412231,0.13857480883598328,0.131313756108284
UHD-LL down4,,1085_UHD_LL.JPG,without_attention_modulation,19.70817501992608,0.8722066283226013,0.06059657782316208,0.04689276963472366
UHD-LL down4,,1085_UHD_LL.JPG,without_spatial_amplification,11.3809414132153,0.47702541947364807,0.15741297602653503,0.14015528559684753
UHD-LL down4,,1085_UHD_LL.JPG,without_high_frequency_cue,19.68693044987306,0.871403694152832,0.061617374420166016,0.04558081179857254
UHD-LL down4,,1085_UHD_LL.JPG,without_darkness_gate,21.666154880350827,0.8857747912406921,0.06679991632699966,0.049229107797145844
UHD-LL down4,,1102_UHD_LL.JPG,full,19.91572856343975,0.9216169118881226,0.057556986808776855,0.02575022727251053
UHD-LL down4,,1102_UHD_LL.JPG,retinex_base_only,25.957062788042098,0.9514960050582886,0.03452928736805916,0.009869052097201347
UHD-LL down4,,1102_UHD_LL.JPG,without_residual_refinement,18.464918732385694,0.917263925075531,0.06036863103508949,0.028596792370080948
UHD-LL down4,,1102_UHD_LL.JPG,without_tapetum_update,23.39706236389449,0.9428284764289856,0.05273515731096268,0.023164566606283188
UHD-LL down4,,1102_UHD_LL.JPG,without_attention_modulation,13.819519588023972,0.8463045954704285,0.10157798230648041,0.0548294261097908
UHD-LL down4,,1102_UHD_LL.JPG,without_spatial_amplification,23.233868371096076,0.9273722767829895,0.08643034100532532,0.046439994126558304
UHD-LL down4,,1102_UHD_LL.JPG,without_high_frequency_cue,19.51495453857894,0.9175875782966614,0.05850164219737053,0.027776997536420822
UHD-LL down4,,1102_UHD_LL.JPG,without_darkness_gate,11.875199675554382,0.8136128187179565,0.15626971423625946,0.09849725663661957
UHD-LL down4,,1124_UHD_LL.JPG,full,22.195526603002584,0.9302486777305603,0.055137693881988525,0.021327711641788483
UHD-LL down4,,1124_UHD_LL.JPG,retinex_base_only,20.855096815246764,0.9164137840270996,0.05971113592386246,0.02388913743197918
UHD-LL down4,,1124_UHD_LL.JPG,without_residual_refinement,22.179734846375517,0.9368155002593994,0.054771892726421356,0.02067907340824604
UHD-LL down4,,1124_UHD_LL.JPG,without_tapetum_update,20.905446318024698,0.9258309006690979,0.07041805237531662,0.031836651265621185
UHD-LL down4,,1124_UHD_LL.JPG,without_attention_modulation,15.462403274393617,0.8703992962837219,0.09098164737224579,0.044622547924518585
UHD-LL down4,,1124_UHD_LL.JPG,without_spatial_amplification,19.61556024197931,0.8979523777961731,0.11479737609624863,0.06316666305065155
UHD-LL down4,,1124_UHD_LL.JPG,without_high_frequency_cue,20.692105454015266,0.9208304286003113,0.05819498002529144,0.02532183937728405
UHD-LL down4,,1124_UHD_LL.JPG,without_darkness_gate,12.829699525621521,0.8400654196739197,0.1349373757839203,0.08007969707250595
UHD-LL down4,,1142_UHD_LL.JPG,full,22.335632769074024,0.9348336458206177,0.05494488775730133,0.02087939716875553
UHD-LL down4,,1142_UHD_LL.JPG,retinex_base_only,20.24017788908577,0.9142595529556274,0.06332974135875702,0.025698963552713394
UHD-LL down4,,1142_UHD_LL.JPG,without_residual_refinement,22.96679005498984,0.9443506598472595,0.05334363505244255,0.01926483027637005
UHD-LL down4,,1142_UHD_LL.JPG,without_tapetum_update,20.77838412247033,0.9297254085540771,0.07211367785930634,0.032059721648693085
UHD-LL down4,,1142_UHD_LL.JPG,without_attention_modulation,15.675185752048824,0.876940131187439,0.08965259045362473,0.04352119565010071
UHD-LL down4,,1142_UHD_LL.JPG,without_spatial_amplification,19.10783537857095,0.8964928984642029,0.11996477842330933,0.0660163164138794
UHD-LL down4,,1142_UHD_LL.JPG,without_high_frequency_cue,20.695462272611024,0.9247534275054932,0.05837629735469818,0.025316255167126656
UHD-LL down4,,1142_UHD_LL.JPG,without_darkness_gate,13.03204343759787,0.8491457104682922,0.12897850573062897,0.07575548440217972
UHD-LL down4,,1165_UHD_LL.JPG,full,21.583675851893812,0.917610764503479,0.09361633658409119,0.030507290735840797
UHD-LL down4,,1165_UHD_LL.JPG,retinex_base_only,13.501492642393114,0.6832307577133179,0.18885019421577454,0.10909909754991531
UHD-LL down4,,1165_UHD_LL.JPG,without_residual_refinement,31.509781751165313,0.9244718551635742,0.08330630511045456,0.022747334092855453
UHD-LL down4,,1165_UHD_LL.JPG,without_tapetum_update,16.8791596962656,0.8535037040710449,0.15194237232208252,0.08107864111661911
UHD-LL down4,,1165_UHD_LL.JPG,without_attention_modulation,21.51995592688661,0.916220486164093,0.0940014198422432,0.030582837760448456
UHD-LL down4,,1165_UHD_LL.JPG,without_spatial_amplification,13.23285278837474,0.6764782667160034,0.24086731672286987,0.15645155310630798
UHD-LL down4,,1165_UHD_LL.JPG,without_high_frequency_cue,21.547316410656396,0.9165809154510498,0.09377706050872803,0.029946181923151016
UHD-LL down4,,1165_UHD_LL.JPG,without_darkness_gate,15.692441611833068,0.8829056024551392,0.12688228487968445,0.05401366949081421
UHD-LL down4,,1184_UHD_LL.JPG,full,20.460070929418706,0.8849653601646423,0.1318630427122116,0.0455123670399189
UHD-LL down4,,1184_UHD_LL.JPG,retinex_base_only,13.760357421719338,0.6718569397926331,0.21000348031520844,0.11381630599498749
UHD-LL down4,,1184_UHD_LL.JPG,without_residual_refinement,28.54088966227252,0.8831310272216797,0.12254153192043304,0.03980813920497894
UHD-LL down4,,1184_UHD_LL.JPG,without_tapetum_update,17.289821288295016,0.8419167995452881,0.1694890558719635,0.08402345329523087
UHD-LL down4,,1184_UHD_LL.JPG,without_attention_modulation,20.44190777075759,0.8841245770454407,0.131876602768898,0.04545009136199951
UHD-LL down4,,1184_UHD_LL.JPG,without_spatial_amplification,15.264154146962039,0.7454670071601868,0.21213003993034363,0.11180782318115234
UHD-LL down4,,1184_UHD_LL.JPG,without_high_frequency_cue,20.45652360235345,0.8846966624259949,0.1323670893907547,0.04541243985295296
UHD-LL down4,,1184_UHD_LL.JPG,without_darkness_gate,14.82917982902485,0.847631573677063,0.16733209788799286,0.07100308686494827
UHD-LL down4,,1188_UHD_LL.JPG,full,14.654433285167931,0.8872559666633606,0.2047637552022934,0.13527081906795502
UHD-LL down4,,1188_UHD_LL.JPG,retinex_base_only,6.761669570975684,0.46021443605422974,0.3427138924598694,0.2906632721424103
UHD-LL down4,,1188_UHD_LL.JPG,without_residual_refinement,11.707008598232736,0.7702674269676208,0.2504746913909912,0.16852939128875732
UHD-LL down4,,1188_UHD_LL.JPG,without_tapetum_update,8.282483716212898,0.6725814938545227,0.3140464425086975,0.2627893388271332
UHD-LL down4,,1188_UHD_LL.JPG,without_attention_modulation,14.691373349781598,0.8906900882720947,0.20458102226257324,0.13488341867923737
UHD-LL down4,,1188_UHD_LL.JPG,without_spatial_amplification,8.239732276788661,0.6433195471763611,0.3313143849372864,0.28071457147598267
UHD-LL down4,,1188_UHD_LL.JPG,without_high_frequency_cue,14.655958733693467,0.8876596093177795,0.20395702123641968,0.13490743935108185
UHD-LL down4,,1188_UHD_LL.JPG,without_darkness_gate,17.71613641624284,0.9043982028961182,0.1954810619354248,0.11589638888835907
UHD-LL down4,,1191_UHD_LL.JPG,full,8.480558150071964,0.6582489609718323,0.41776230931282043,0.2736848294734955
UHD-LL down4,,1191_UHD_LL.JPG,retinex_base_only,4.274510390629417,0.2797105014324188,0.5089513063430786,0.39619702100753784
UHD-LL down4,,1191_UHD_LL.JPG,without_residual_refinement,6.887316496477716,0.537872850894928,0.44481799006462097,0.29991185665130615
UHD-LL down4,,1191_UHD_LL.JPG,without_tapetum_update,5.416009617815787,0.43031832575798035,0.4842560291290283,0.3597339689731598
UHD-LL down4,,1191_UHD_LL.JPG,without_attention_modulation,8.509126239418078,0.6627287864685059,0.4188399612903595,0.2761566936969757
UHD-LL down4,,1191_UHD_LL.JPG,without_spatial_amplification,5.362125563943856,0.4152057468891144,0.48793935775756836,0.3587189018726349
UHD-LL down4,,1191_UHD_LL.JPG,without_high_frequency_cue,8.48278448947752,0.6586911678314209,0.4170983135700226,0.27374809980392456
UHD-LL down4,,1191_UHD_LL.JPG,without_darkness_gate,9.30620963711509,0.6853010654449463,0.3957550823688507,0.25876402854919434
UHD-LL down4,,1223_UHD_LL.JPG,full,13.310378727833305,0.7477096319198608,0.15178777277469635,0.0797671303153038
UHD-LL down4,,1223_UHD_LL.JPG,retinex_base_only,7.01928789266235,0.291702002286911,0.289415180683136,0.22177833318710327
UHD-LL down4,,1223_UHD_LL.JPG,without_residual_refinement,10.713527761136731,0.6138577461242676,0.17963814735412598,0.10548283159732819
UHD-LL down4,,1223_UHD_LL.JPG,without_tapetum_update,8.600530729002081,0.46391910314559937,0.24996919929981232,0.18057715892791748
UHD-LL down4,,1223_UHD_LL.JPG,without_attention_modulation,13.355893181505028,0.7526676654815674,0.15047767758369446,0.08086608350276947
UHD-LL down4,,1223_UHD_LL.JPG,without_spatial_amplification,8.167270483146773,0.4125213027000427,0.2641965448856354,0.18241579830646515
UHD-LL down4,,1223_UHD_LL.JPG,without_high_frequency_cue,13.322898537758544,0.7486142516136169,0.15229080617427826,0.08056104183197021
UHD-LL down4,,1223_UHD_LL.JPG,without_darkness_gate,14.703600913315507,0.7698412537574768,0.15224535763263702,0.07805676013231277
UHD-LL down4,,1246_UHD_LL.JPG,full,21.594428200682138,0.8739528656005859,0.11076611280441284,0.05562878027558327
UHD-LL down4,,1246_UHD_LL.JPG,retinex_base_only,10.40794122408853,0.3759528398513794,0.2541661858558655,0.22284191846847534
UHD-LL down4,,1246_UHD_LL.JPG,without_residual_refinement,16.38376704384976,0.7243175506591797,0.1261436492204666,0.07239054888486862
UHD-LL down4,,1246_UHD_LL.JPG,without_tapetum_update,12.618832466439988,0.6278748512268066,0.21771684288978577,0.17569665610790253
UHD-LL down4,,1246_UHD_LL.JPG,without_attention_modulation,21.62521555144625,0.8716111779212952,0.1107201799750328,0.057785212993621826
UHD-LL down4,,1246_UHD_LL.JPG,without_spatial_amplification,12.359134583843375,0.5704736709594727,0.2340257465839386,0.1872790902853012
UHD-LL down4,,1246_UHD_LL.JPG,without_high_frequency_cue,21.601017375086712,0.8737471103668213,0.11139233410358429,0.05703631788492203
UHD-LL down4,,1246_UHD_LL.JPG,without_darkness_gate,24.955004810434428,0.8828262686729431,0.11251480877399445,0.05857288837432861
UHD-LL down4,,1256_UHD_LL.JPG,full,36.37400345766658,0.9640390872955322,0.014810482040047646,0.005434906575828791
UHD-LL down4,,1256_UHD_LL.JPG,retinex_base_only,16.87701836875225,0.8641849160194397,0.05353124439716339,0.036961451172828674
UHD-LL down4,,1256_UHD_LL.JPG,without_residual_refinement,31.502443453054493,0.960906982421875,0.01744457706809044,0.007941020652651787
UHD-LL down4,,1256_UHD_LL.JPG,without_tapetum_update,16.093441129270676,0.8593254685401917,0.06472037732601166,0.04748314246535301
UHD-LL down4,,1256_UHD_LL.JPG,without_attention_modulation,19.170274136213152,0.9284474849700928,0.04432196915149689,0.028592243790626526
UHD-LL down4,,1256_UHD_LL.JPG,without_spatial_amplification,16.209380536826835,0.8609350919723511,0.09584154933691025,0.07501280307769775
UHD-LL down4,,1256_UHD_LL.JPG,without_high_frequency_cue,35.64547677843814,0.9643008708953857,0.01461821049451828,0.005403183866292238
UHD-LL down4,,1256_UHD_LL.JPG,without_darkness_gate,17.35652484369599,0.9152172803878784,0.07029541581869125,0.05337115377187729
UHD-LL down4,,1277_UHD_LL.JPG,full,26.45884227196341,0.9692693948745728,0.059416331350803375,0.021450255066156387
UHD-LL down4,,1277_UHD_LL.JPG,retinex_base_only,8.6076254488615,0.6342681646347046,0.23428577184677124,0.16907033324241638
UHD-LL down4,,1277_UHD_LL.JPG,without_residual_refinement,18.164037290185433,0.9176660776138306,0.08524075150489807,0.040475912392139435
UHD-LL down4,,1277_UHD_LL.JPG,without_tapetum_update,10.62136373707479,0.7943164706230164,0.20872370898723602,0.13878579437732697
UHD-LL down4,,1277_UHD_LL.JPG,without_attention_modulation,26.52266260106036,0.9696580767631531,0.059198666363954544,0.0210481658577919
UHD-LL down4,,1277_UHD_LL.JPG,without_spatial_amplification,10.591593149638673,0.7779168486595154,0.21692879498004913,0.14865948259830475
UHD-LL down4,,1277_UHD_LL.JPG,without_high_frequency_cue,26.47801501911524,0.9696832895278931,0.05938231572508812,0.021554403007030487
UHD-LL down4,,1277_UHD_LL.JPG,without_darkness_gate,25.418439807369605,0.965241014957428,0.06596103310585022,0.025055663660168648
UHD-LL down4,,1294_UHD_LL.JPG,full,28.058506287608704,0.9540600776672363,0.02145593799650669,0.006655498407781124
UHD-LL down4,,1294_UHD_LL.JPG,retinex_base_only,13.482124177545627,0.7402898073196411,0.10447142273187637,0.07745077461004257
UHD-LL down4,,1294_UHD_LL.JPG,without_residual_refinement,23.70857296189515,0.9311567544937134,0.02905985154211521,0.013835140503942966
UHD-LL down4,,1294_UHD_LL.JPG,without_tapetum_update,14.420698456883871,0.811920702457428,0.0899096429347992,0.06357830762863159
UHD-LL down4,,1294_UHD_LL.JPG,without_attention_modulation,24.128892654275916,0.9478361010551453,0.03568786755204201,0.02250012941658497
UHD-LL down4,,1294_UHD_LL.JPG,without_spatial_amplification,13.106404173457243,0.7443662285804749,0.14459672570228577,0.11452415585517883
UHD-LL down4,,1294_UHD_LL.JPG,without_high_frequency_cue,34.43238670661127,0.9580770134925842,0.02077256515622139,0.006434870883822441
UHD-LL down4,,1294_UHD_LL.JPG,without_darkness_gate,20.40840643351451,0.9347735047340393,0.05133221670985222,0.03613458573818207
UHD-LL down4,,1312_UHD_LL.JPG,full,22.242580251495347,0.9537795782089233,0.04679080843925476,0.024739954620599747
UHD-LL down4,,1312_UHD_LL.JPG,retinex_base_only,20.546163930506967,0.9373161792755127,0.05070128291845322,0.026214031502604485
UHD-LL down4,,1312_UHD_LL.JPG,without_residual_refinement,21.516408594353745,0.9523593187332153,0.04879451543092728,0.027291830629110336
UHD-LL down4,,1312_UHD_LL.JPG,without_tapetum_update,19.097820623624763,0.9208505153656006,0.09116230905056,0.06318958103656769
UHD-LL down4,,1312_UHD_LL.JPG,without_attention_modulation,15.066185361745452,0.8979577422142029,0.09479278326034546,0.05647046118974686
UHD-LL down4,,1312_UHD_LL.JPG,without_spatial_amplification,19.277353740134274,0.9132093787193298,0.137984499335289,0.10686282813549042
UHD-LL down4,,1312_UHD_LL.JPG,without_high_frequency_cue,21.19859536522457,0.948815107345581,0.05196458473801613,0.0289382953196764
UHD-LL down4,,1312_UHD_LL.JPG,without_darkness_gate,11.909101217179064,0.847987949848175,0.17410047352313995,0.10829013586044312
UHD-LL down4,,1315_UHD_LL.JPG,full,28.586258121557076,0.9388310313224792,0.042345426976680756,0.013025394640862942
UHD-LL down4,,1315_UHD_LL.JPG,retinex_base_only,10.6910545259325,0.5493177771568298,0.1879788637161255,0.1445285528898239
UHD-LL down4,,1315_UHD_LL.JPG,without_residual_refinement,19.40291911691421,0.8760842084884644,0.058894943445920944,0.0277366042137146
UHD-LL down4,,1315_UHD_LL.JPG,without_tapetum_update,13.04036934522756,0.7526554465293884,0.14400063455104828,0.10243973135948181
UHD-LL down4,,1315_UHD_LL.JPG,without_attention_modulation,31.212709406805846,0.9393285512924194,0.04625919833779335,0.017774414271116257
UHD-LL down4,,1315_UHD_LL.JPG,without_spatial_amplification,10.459203337607077,0.5563130974769592,0.23170605301856995,0.18246981501579285
UHD-LL down4,,1315_UHD_LL.JPG,without_high_frequency_cue,28.745582997744705,0.9389069676399231,0.04282587766647339,0.013865988701581955
UHD-LL down4,,1315_UHD_LL.JPG,without_darkness_gate,25.0125085123298,0.932283878326416,0.05405411869287491,0.027845101431012154
UHD-LL down4,,1335_UHD_LL.JPG,full,27.819471112626157,0.9603520631790161,0.05457543581724167,0.020820602774620056
UHD-LL down4,,1335_UHD_LL.JPG,retinex_base_only,13.286477755435957,0.7648711800575256,0.14916443824768066,0.09583607316017151
UHD-LL down4,,1335_UHD_LL.JPG,without_residual_refinement,27.467117883397158,0.9566930532455444,0.054305389523506165,0.021065644919872284
UHD-LL down4,,1335_UHD_LL.JPG,without_tapetum_update,16.52718297858482,0.8878530859947205,0.11375094950199127,0.06513220071792603
UHD-LL down4,,1335_UHD_LL.JPG,without_attention_modulation,19.826076090588586,0.9374244213104248,0.06898699700832367,0.03067127615213394
UHD-LL down4,,1335_UHD_LL.JPG,without_spatial_amplification,12.829923326012015,0.7310329675674438,0.2300833910703659,0.17856046557426453
UHD-LL down4,,1335_UHD_LL.JPG,without_high_frequency_cue,27.324333293392968,0.9583128094673157,0.054298270493745804,0.019982995465397835
UHD-LL down4,,1335_UHD_LL.JPG,without_darkness_gate,17.611624114686684,0.9318488240242004,0.086104616522789,0.04884139448404312
UHD-LL down4,,1338_UHD_LL.JPG,full,24.961232546970066,0.9092894792556763,0.07656528055667877,0.02297040820121765
UHD-LL down4,,1338_UHD_LL.JPG,retinex_base_only,9.996003363438955,0.4831409454345703,0.22595643997192383,0.16723108291625977
UHD-LL down4,,1338_UHD_LL.JPG,without_residual_refinement,17.87152292442235,0.8302545547485352,0.09570806473493576,0.03834592550992966
UHD-LL down4,,1338_UHD_LL.JPG,without_tapetum_update,12.161205491210406,0.7059913277626038,0.18364959955215454,0.12683628499507904
UHD-LL down4,,1338_UHD_LL.JPG,without_attention_modulation,24.989214503162785,0.9092513918876648,0.07626178115606308,0.022728055715560913
UHD-LL down4,,1338_UHD_LL.JPG,without_spatial_amplification,10.194188824370707,0.522768497467041,0.2512032389640808,0.18569213151931763
UHD-LL down4,,1338_UHD_LL.JPG,without_high_frequency_cue,24.96877541733778,0.909345805644989,0.07672592997550964,0.023223690688610077
UHD-LL down4,,1338_UHD_LL.JPG,without_darkness_gate,27.61811299755402,0.9063392877578735,0.08388014137744904,0.031301647424697876
UHD-LL down4,,1354_UHD_LL.JPG,full,28.01124659207065,0.9277348518371582,0.12229236960411072,0.042282942682504654
UHD-LL down4,,1354_UHD_LL.JPG,retinex_base_only,11.442312219836403,0.6330210566520691,0.2464160919189453,0.15751519799232483
UHD-LL down4,,1354_UHD_LL.JPG,without_residual_refinement,25.76179677938245,0.9129212498664856,0.1261255443096161,0.05047856643795967
UHD-LL down4,,1354_UHD_LL.JPG,without_tapetum_update,14.207690169654029,0.8025190234184265,0.21182863414287567,0.12159998714923859
UHD-LL down4,,1354_UHD_LL.JPG,without_attention_modulation,27.90891830064082,0.9267688989639282,0.12369599938392639,0.04160669445991516
UHD-LL down4,,1354_UHD_LL.JPG,without_spatial_amplification,12.371287286708966,0.7071555256843567,0.28122904896736145,0.20311830937862396
UHD-LL down4,,1354_UHD_LL.JPG,without_high_frequency_cue,28.00498627751064,0.9275686144828796,0.12239965051412582,0.04207993298768997
UHD-LL down4,,1354_UHD_LL.JPG,without_darkness_gate,18.379633116675073,0.9049943685531616,0.14536049962043762,0.05782362446188927
UHD-LL down4,,1357_UHD_LL.JPG,full,34.76790239807061,0.9709506630897522,0.02370878867805004,0.0057312361896038055
UHD-LL down4,,1357_UHD_LL.JPG,retinex_base_only,14.931906589560901,0.8691318035125732,0.08431942015886307,0.053927116096019745
UHD-LL down4,,1357_UHD_LL.JPG,without_residual_refinement,34.6597487413949,0.9675078988075256,0.027533888816833496,0.009760725311934948
UHD-LL down4,,1357_UHD_LL.JPG,without_tapetum_update,14.030914633688392,0.8559395670890808,0.10462819039821625,0.06950709968805313
UHD-LL down4,,1357_UHD_LL.JPG,without_attention_modulation,20.313266435824335,0.9520577788352966,0.05344495549798012,0.028276067227125168
UHD-LL down4,,1357_UHD_LL.JPG,without_spatial_amplification,14.345972708046803,0.8583390116691589,0.1401306688785553,0.10624407231807709
UHD-LL down4,,1357_UHD_LL.JPG,without_high_frequency_cue,35.23300545442563,0.9708516597747803,0.024192973971366882,0.0070466152392327785
UHD-LL down4,,1357_UHD_LL.JPG,without_darkness_gate,14.920930167341629,0.9251479506492615,0.11262071132659912,0.07410722225904465
UHD-LL down4,,1365_UHD_LL.JPG,full,13.913885986819851,0.8399783968925476,0.1669134944677353,0.10648861527442932
UHD-LL down4,,1365_UHD_LL.JPG,retinex_base_only,6.558277818643069,0.40862923860549927,0.3377017080783844,0.2705563008785248
UHD-LL down4,,1365_UHD_LL.JPG,without_residual_refinement,11.18415763582352,0.7191722989082336,0.2008926272392273,0.13673199713230133
UHD-LL down4,,1365_UHD_LL.JPG,without_tapetum_update,8.05223867633793,0.6010733842849731,0.291726291179657,0.22982750833034515
UHD-LL down4,,1365_UHD_LL.JPG,without_attention_modulation,13.949872680529722,0.8421007990837097,0.1623188555240631,0.10513724386692047
UHD-LL down4,,1365_UHD_LL.JPG,without_spatial_amplification,7.554693530270365,0.5350955724716187,0.31006425619125366,0.2447524219751358
UHD-LL down4,,1365_UHD_LL.JPG,without_high_frequency_cue,13.916380367281189,0.8400297164916992,0.1673235297203064,0.10712577402591705
UHD-LL down4,,1365_UHD_LL.JPG,without_darkness_gate,16.255651229641835,0.8434627652168274,0.1613975614309311,0.11271455138921738
UHD-LL down4,,1378_UHD_LL.JPG,full,27.49093334251972,0.9608448147773743,0.03690540790557861,0.012904164381325245
UHD-LL down4,,1378_UHD_LL.JPG,retinex_base_only,11.632113900653936,0.7447049617767334,0.15662777423858643,0.10851593315601349
UHD-LL down4,,1378_UHD_LL.JPG,without_residual_refinement,21.520137014377795,0.9342169165611267,0.04978444427251816,0.024695562198758125
UHD-LL down4,,1378_UHD_LL.JPG,without_tapetum_update,12.44304055259044,0.8018787503242493,0.1451016217470169,0.09423862397670746
UHD-LL down4,,1378_UHD_LL.JPG,without_attention_modulation,27.2095048566042,0.9617580771446228,0.04026149958372116,0.015009457245469093
UHD-LL down4,,1378_UHD_LL.JPG,without_spatial_amplification,11.211076316127475,0.7281742095947266,0.21149012446403503,0.16220144927501678
UHD-LL down4,,1378_UHD_LL.JPG,without_high_frequency_cue,34.33100338362805,0.9617910981178284,0.035118721425533295,0.011164437979459763
UHD-LL down4,,1378_UHD_LL.JPG,without_darkness_gate,19.131573055922914,0.9474469423294067,0.06986045837402344,0.044130295515060425
UHD-LL down4,,1388_UHD_LL.JPG,full,29.208703903608214,0.9248950481414795,0.09531030058860779,0.030412765219807625
UHD-LL down4,,1388_UHD_LL.JPG,retinex_base_only,9.917614387293742,0.5826946496963501,0.2735063135623932,0.18989595770835876
UHD-LL down4,,1388_UHD_LL.JPG,without_residual_refinement,19.578550330782736,0.895182192325592,0.11449331045150757,0.04506557434797287
UHD-LL down4,,1388_UHD_LL.JPG,without_tapetum_update,12.241856895450951,0.7496395111083984,0.227516308426857,0.14804323017597198
UHD-LL down4,,1388_UHD_LL.JPG,without_attention_modulation,29.307724771296133,0.9245126247406006,0.09476232528686523,0.029513582587242126
UHD-LL down4,,1388_UHD_LL.JPG,without_spatial_amplification,10.0929682331512,0.6087161302566528,0.3108496069908142,0.23374979197978973
UHD-LL down4,,1388_UHD_LL.JPG,without_high_frequency_cue,29.178805845736008,0.9245256185531616,0.09556920826435089,0.030784808099269867
UHD-LL down4,,1388_UHD_LL.JPG,without_darkness_gate,24.25620957669301,0.9183823466300964,0.10516892373561859,0.04100998491048813
UHD-LL down4,,1400_UHD_LL.JPG,full,29.122191993275024,0.9495857954025269,0.0561230331659317,0.016863135620951653
UHD-LL down4,,1400_UHD_LL.JPG,retinex_base_only,9.390909792466317,0.5936422944068909,0.24584266543388367,0.17054079473018646
UHD-LL down4,,1400_UHD_LL.JPG,without_residual_refinement,19.519880061701688,0.9088348746299744,0.07384561747312546,0.03384185582399368
UHD-LL down4,,1400_UHD_LL.JPG,without_tapetum_update,11.395922086801644,0.7475996613502502,0.2104659080505371,0.12965023517608643
UHD-LL down4,,1400_UHD_LL.JPG,without_attention_modulation,29.075486496951335,0.94862300157547,0.05640067532658577,0.01729442924261093
UHD-LL down4,,1400_UHD_LL.JPG,without_spatial_amplification,9.05013191735534,0.5689464211463928,0.30317234992980957,0.22984470427036285
UHD-LL down4,,1400_UHD_LL.JPG,without_high_frequency_cue,29.00629681964942,0.9477121829986572,0.05709414556622505,0.018360424786806107
UHD-LL down4,,1400_UHD_LL.JPG,without_darkness_gate,22.356795080943222,0.9410766959190369,0.07295314967632294,0.03770456835627556
UHD-LL down4,,1417_UHD_LL.JPG,full,27.673776262511968,0.9201785326004028,0.08432503044605255,0.024405889213085175
UHD-LL down4,,1417_UHD_LL.JPG,retinex_base_only,9.334268204949256,0.5716354250907898,0.2605893909931183,0.1786750853061676
UHD-LL down4,,1417_UHD_LL.JPG,without_residual_refinement,19.17176861023932,0.8705182075500488,0.10266179591417313,0.041389402002096176
UHD-LL down4,,1417_UHD_LL.JPG,without_tapetum_update,11.452341172004852,0.736728310585022,0.236388698220253,0.1497497707605362
UHD-LL down4,,1417_UHD_LL.JPG,without_attention_modulation,27.663832365964367,0.9194580912590027,0.0842864140868187,0.024659793823957443
UHD-LL down4,,1417_UHD_LL.JPG,without_spatial_amplification,10.619443672852391,0.6694788336753845,0.2643338441848755,0.17328570783138275
UHD-LL down4,,1417_UHD_LL.JPG,without_high_frequency_cue,27.67285279913797,0.9199466109275818,0.08430323749780655,0.024559756740927696
UHD-LL down4,,1417_UHD_LL.JPG,without_darkness_gate,22.633859513257697,0.9121695756912231,0.0984601229429245,0.03869318962097168
UHD-LL down4,,142_UHD_LL.JPG,full,35.913429800895955,0.9670405983924866,0.04223586246371269,0.008787665516138077
UHD-LL down4,,142_UHD_LL.JPG,retinex_base_only,13.673409943006927,0.8113389611244202,0.13142536580562592,0.06755769997835159
UHD-LL down4,,142_UHD_LL.JPG,without_residual_refinement,29.692065128007528,0.9625549912452698,0.04442299157381058,0.011432347819209099
UHD-LL down4,,142_UHD_LL.JPG,without_tapetum_update,14.497939645043376,0.8480439782142639,0.13322925567626953,0.07370447367429733
UHD-LL down4,,142_UHD_LL.JPG,without_attention_modulation,20.661585391119857,0.9505592584609985,0.06378980726003647,0.02194732427597046
UHD-LL down4,,142_UHD_LL.JPG,without_spatial_amplification,13.162622223851585,0.7821506857872009,0.2164296805858612,0.14413221180438995
UHD-LL down4,,142_UHD_LL.JPG,without_high_frequency_cue,27.911292116878673,0.963601291179657,0.04508327692747116,0.01128125935792923
UHD-LL down4,,142_UHD_LL.JPG,without_darkness_gate,16.321196719117026,0.9300751686096191,0.10415202379226685,0.05006363242864609
UHD-LL down4,,1446_UHD_LL.JPG,full,10.063145147550685,0.6876550316810608,0.20511531829833984,0.12780609726905823
UHD-LL down4,,1446_UHD_LL.JPG,retinex_base_only,5.14621198268442,0.28363513946533203,0.3383408784866333,0.27234533429145813
UHD-LL down4,,1446_UHD_LL.JPG,without_residual_refinement,8.19212605081391,0.5426551699638367,0.23642466962337494,0.15224817395210266
UHD-LL down4,,1446_UHD_LL.JPG,without_tapetum_update,6.372924651272044,0.4605923593044281,0.30977144837379456,0.24474120140075684
UHD-LL down4,,1446_UHD_LL.JPG,without_attention_modulation,10.088454581476308,0.6911942362785339,0.2033274918794632,0.12801581621170044
UHD-LL down4,,1446_UHD_LL.JPG,without_spatial_amplification,6.208393091511083,0.4269568920135498,0.32270514965057373,0.2483927309513092
UHD-LL down4,,1446_UHD_LL.JPG,without_high_frequency_cue,10.067601335975795,0.6880862712860107,0.20505446195602417,0.1282106339931488
UHD-LL down4,,1446_UHD_LL.JPG,without_darkness_gate,11.160217546267216,0.7119175791740417,0.19118228554725647,0.11241753399372101
UHD-LL down4,,1453_UHD_LL.JPG,full,25.219485849785936,0.9498152136802673,0.037326548248529434,0.013400470837950706
UHD-LL down4,,1453_UHD_LL.JPG,retinex_base_only,12.090809623674287,0.6616213321685791,0.149354487657547,0.10858336091041565
UHD-LL down4,,1453_UHD_LL.JPG,without_residual_refinement,19.77758477515004,0.8900948166847229,0.055666305124759674,0.027103213593363762
UHD-LL down4,,1453_UHD_LL.JPG,without_tapetum_update,14.061684035444504,0.8165109753608704,0.10855425894260406,0.07620185613632202
UHD-LL down4,,1453_UHD_LL.JPG,without_attention_modulation,30.360051971393776,0.9537532329559326,0.04196907579898834,0.01886114478111267
UHD-LL down4,,1453_UHD_LL.JPG,without_spatial_amplification,11.849240529694232,0.6745755076408386,0.20497360825538635,0.15303857624530792
UHD-LL down4,,1453_UHD_LL.JPG,without_high_frequency_cue,27.915035614277294,0.9545586705207825,0.03448358550667763,0.012114878743886948
UHD-LL down4,,1453_UHD_LL.JPG,without_darkness_gate,27.50870974594141,0.9489198327064514,0.04314498230814934,0.021309809759259224
UHD-LL down4,,1464_UHD_LL.JPG,full,26.25840601026411,0.841515302658081,0.044704776257276535,0.02185201644897461
UHD-LL down4,,1464_UHD_LL.JPG,retinex_base_only,10.794344716850704,0.5593278408050537,0.11459534615278244,0.09928422421216965
UHD-LL down4,,1464_UHD_LL.JPG,without_residual_refinement,20.41020420089427,0.8339749574661255,0.05257045477628708,0.030895177274942398
UHD-LL down4,,1464_UHD_LL.JPG,without_tapetum_update,12.961282583915345,0.6917988657951355,0.09436360001564026,0.07500419020652771
UHD-LL down4,,1464_UHD_LL.JPG,without_attention_modulation,26.33670774845755,0.8426006436347961,0.042802345007658005,0.020231131464242935
UHD-LL down4,,1464_UHD_LL.JPG,without_spatial_amplification,12.858953834941927,0.6689370274543762,0.10572381317615509,0.08440203964710236
UHD-LL down4,,1464_UHD_LL.JPG,without_high_frequency_cue,26.24016945016492,0.8412301540374756,0.044257208704948425,0.02155635878443718
UHD-LL down4,,1464_UHD_LL.JPG,without_darkness_gate,22.5040775882293,0.8187819719314575,0.05187717825174332,0.031159482896327972
UHD-LL down4,,1475_UHD_LL.JPG,full,25.53856686649777,0.9248291850090027,0.09568708389997482,0.03978796303272247
UHD-LL down4,,1475_UHD_LL.JPG,retinex_base_only,10.505094711598417,0.5246633887290955,0.2259710431098938,0.15510207414627075
UHD-LL down4,,1475_UHD_LL.JPG,without_residual_refinement,18.880634794856924,0.8261106014251709,0.11128439009189606,0.049307968467473984
UHD-LL down4,,1475_UHD_LL.JPG,without_tapetum_update,12.730601460041504,0.7704617381095886,0.18474343419075012,0.12651710212230682
UHD-LL down4,,1475_UHD_LL.JPG,without_attention_modulation,25.650641457242376,0.9260475039482117,0.09805330634117126,0.04064056649804115
UHD-LL down4,,1475_UHD_LL.JPG,without_spatial_amplification,10.64891046932301,0.5536394715309143,0.2655123770236969,0.19368816912174225
UHD-LL down4,,1475_UHD_LL.JPG,without_high_frequency_cue,25.56341296668284,0.9251067638397217,0.095342256128788,0.03976193815469742
UHD-LL down4,,1475_UHD_LL.JPG,without_darkness_gate,25.375739746943005,0.9166252017021179,0.10295739024877548,0.046320512890815735
UHD-LL down4,,1513_UHD_LL.JPG,full,22.449633720984266,0.8861731886863708,0.17226389050483704,0.07498849928379059
UHD-LL down4,,1513_UHD_LL.JPG,retinex_base_only,10.20543899689671,0.5035711526870728,0.2725314497947693,0.1871654987335205
UHD-LL down4,,1513_UHD_LL.JPG,without_residual_refinement,17.375698498351223,0.7875324487686157,0.18559980392456055,0.083437979221344
UHD-LL down4,,1513_UHD_LL.JPG,without_tapetum_update,12.340965171720699,0.7465578317642212,0.23690496385097504,0.15962348878383636
UHD-LL down4,,1513_UHD_LL.JPG,without_attention_modulation,22.51710738762239,0.8864502310752869,0.1768786609172821,0.07558232545852661
UHD-LL down4,,1513_UHD_LL.JPG,without_spatial_amplification,11.712976119981434,0.6400661468505859,0.2391549050807953,0.1652897745370865
UHD-LL down4,,1513_UHD_LL.JPG,without_high_frequency_cue,22.45263360438155,0.8863827586174011,0.17128078639507294,0.07457751035690308
UHD-LL down4,,1513_UHD_LL.JPG,without_darkness_gate,23.599166673130707,0.8745445609092712,0.18697547912597656,0.0858447477221489
UHD-LL down4,,152_UHD_LL.JPG,full,35.71848552282954,0.9529196619987488,0.07617133855819702,0.015178926289081573
UHD-LL down4,,152_UHD_LL.JPG,retinex_base_only,10.421208430384237,0.6195177435874939,0.2408185601234436,0.13384181261062622
UHD-LL down4,,152_UHD_LL.JPG,without_residual_refinement,21.641518027354863,0.9278502464294434,0.09062640368938446,0.0242500938475132
UHD-LL down4,,152_UHD_LL.JPG,without_tapetum_update,12.882503265683294,0.783983588218689,0.19271142780780792,0.10163018107414246
UHD-LL down4,,152_UHD_LL.JPG,without_attention_modulation,34.955802294948704,0.9519184231758118,0.07715224474668503,0.016331635415554047
UHD-LL down4,,152_UHD_LL.JPG,without_spatial_amplification,10.081959803121967,0.5886763334274292,0.3133631944656372,0.20140281319618225
UHD-LL down4,,152_UHD_LL.JPG,without_high_frequency_cue,35.63847287660674,0.9527097940444946,0.0762690007686615,0.014993824064731598
UHD-LL down4,,152_UHD_LL.JPG,without_darkness_gate,21.346623227001515,0.9425448179244995,0.08869951963424683,0.02932877652347088
UHD-LL down4,,1539_UHD_LL.JPG,full,32.11207370211161,0.9524522423744202,0.01342085376381874,0.006377869285643101
UHD-LL down4,,1539_UHD_LL.JPG,retinex_base_only,17.834744544461408,0.834513783454895,0.04770631343126297,0.036377694457769394
UHD-LL down4,,1539_UHD_LL.JPG,without_residual_refinement,29.7620189879593,0.9431291222572327,0.018074845895171165,0.011506661772727966
UHD-LL down4,,1539_UHD_LL.JPG,without_tapetum_update,17.7463931155251,0.8631678223609924,0.05368652939796448,0.04353616386651993
UHD-LL down4,,1539_UHD_LL.JPG,without_attention_modulation,21.05140046396854,0.9036406874656677,0.03350301831960678,0.025534410029649734
UHD-LL down4,,1539_UHD_LL.JPG,without_spatial_amplification,17.26446568982713,0.8164398670196533,0.08244811743497849,0.07340215146541595
UHD-LL down4,,1539_UHD_LL.JPG,without_high_frequency_cue,30.317142837718976,0.9493221044540405,0.013819326646625996,0.007096674293279648
UHD-LL down4,,1539_UHD_LL.JPG,without_darkness_gate,18.414987824417107,0.8764102458953857,0.06246545910835266,0.04211879521608353
UHD-LL down4,,1558_UHD_LL.JPG,full,27.70178451586276,0.9335527420043945,0.024618346244096756,0.010388202965259552
UHD-LL down4,,1558_UHD_LL.JPG,retinex_base_only,14.195758716128841,0.6639235615730286,0.10341629385948181,0.08586566895246506
UHD-LL down4,,1558_UHD_LL.JPG,without_residual_refinement,22.804872541189447,0.8673948645591736,0.03478391095995903,0.020331697538495064
UHD-LL down4,,1558_UHD_LL.JPG,without_tapetum_update,15.667845074636794,0.800434410572052,0.08831223845481873,0.06864841282367706
UHD-LL down4,,1558_UHD_LL.JPG,without_attention_modulation,26.98256986220837,0.927501916885376,0.025761447846889496,0.013867535628378391
UHD-LL down4,,1558_UHD_LL.JPG,without_spatial_amplification,13.976609036472919,0.6665974855422974,0.13788144290447235,0.12478630989789963
UHD-LL down4,,1558_UHD_LL.JPG,without_high_frequency_cue,30.983671611232303,0.9365634918212891,0.025164885446429253,0.010624893940985203
UHD-LL down4,,1558_UHD_LL.JPG,without_darkness_gate,22.376289941814804,0.9090142846107483,0.048998598009347916,0.027216404676437378
UHD-LL down4,,1583_UHD_LL.JPG,full,26.31457891656386,0.906387448310852,0.04443654045462608,0.019558053463697433
UHD-LL down4,,1583_UHD_LL.JPG,retinex_base_only,11.767461919835402,0.49366334080696106,0.17236895859241486,0.14764931797981262
UHD-LL down4,,1583_UHD_LL.JPG,without_residual_refinement,19.389219844065206,0.7834032773971558,0.05998987331986427,0.036771852523088455
UHD-LL down4,,1583_UHD_LL.JPG,without_tapetum_update,14.059812205583258,0.730711817741394,0.13376164436340332,0.10346958786249161
UHD-LL down4,,1583_UHD_LL.JPG,without_attention_modulation,27.613590243447995,0.9062046408653259,0.045836158096790314,0.0290235485881567
UHD-LL down4,,1583_UHD_LL.JPG,without_spatial_amplification,11.819196165110172,0.5273040533065796,0.19937092065811157,0.17832711338996887
UHD-LL down4,,1583_UHD_LL.JPG,without_high_frequency_cue,26.997240105520525,0.9059624075889587,0.04616715386509895,0.02164761908352375
UHD-LL down4,,1583_UHD_LL.JPG,without_darkness_gate,24.357309251909435,0.8966370224952698,0.06069263443350792,0.03477830812335014
UHD-LL down4,,1594_UHD_LL.JPG,full,14.717091882824032,0.8458751440048218,0.17553666234016418,0.07869109511375427
UHD-LL down4,,1594_UHD_LL.JPG,retinex_base_only,6.550973917006074,0.4313189685344696,0.32518520951271057,0.22788506746292114
UHD-LL down4,,1594_UHD_LL.JPG,without_residual_refinement,11.6394752382696,0.7677792906761169,0.20470789074897766,0.10669266432523727
UHD-LL down4,,1594_UHD_LL.JPG,without_tapetum_update,8.111678867357275,0.5798912644386292,0.2953355312347412,0.19739729166030884
UHD-LL down4,,1594_UHD_LL.JPG,without_attention_modulation,14.729628209965785,0.8464727401733398,0.17485398054122925,0.07885144650936127
UHD-LL down4,,1594_UHD_LL.JPG,without_spatial_amplification,7.230328334655286,0.4977375566959381,0.3204765319824219,0.21844911575317383
UHD-LL down4,,1594_UHD_LL.JPG,without_high_frequency_cue,14.720813240353209,0.8456621170043945,0.17544755339622498,0.07886971533298492
UHD-LL down4,,1594_UHD_LL.JPG,without_darkness_gate,17.91956032059708,0.8644788265228271,0.15954549610614777,0.07401399314403534
UHD-LL down4,,1606_UHD_LL.JPG,full,20.874696620574944,0.8484870195388794,0.07636988908052444,0.041366927325725555
UHD-LL down4,,1606_UHD_LL.JPG,retinex_base_only,10.201775298573022,0.3601767420768738,0.23181156814098358,0.1983187347650528
UHD-LL down4,,1606_UHD_LL.JPG,without_residual_refinement,16.126945649714845,0.6583208441734314,0.0971541553735733,0.06573975086212158
UHD-LL down4,,1606_UHD_LL.JPG,without_tapetum_update,12.165313280272212,0.6342605948448181,0.18382734060287476,0.1437859833240509
UHD-LL down4,,1606_UHD_LL.JPG,without_attention_modulation,21.07912591054805,0.848397970199585,0.07458630204200745,0.046167708933353424
UHD-LL down4,,1606_UHD_LL.JPG,without_spatial_amplification,10.91138478283401,0.46636509895324707,0.2236035317182541,0.18980318307876587
UHD-LL down4,,1606_UHD_LL.JPG,without_high_frequency_cue,20.947438136599217,0.8446280360221863,0.0793265849351883,0.04737723246216774
UHD-LL down4,,1606_UHD_LL.JPG,without_darkness_gate,23.13780488386155,0.8495492339134216,0.08692328631877899,0.056075047701597214
UHD-LL down4,,161_UHD_LL.JPG,full,31.08946560856655,0.946617066860199,0.08135189116001129,0.02123795635998249
UHD-LL down4,,161_UHD_LL.JPG,retinex_base_only,10.062412741552142,0.5884221196174622,0.2536981999874115,0.14646580815315247
UHD-LL down4,,161_UHD_LL.JPG,without_residual_refinement,19.928654666134186,0.9107778668403625,0.10207217931747437,0.03520829975605011
UHD-LL down4,,161_UHD_LL.JPG,without_tapetum_update,12.437966131009883,0.7632670998573303,0.20778870582580566,0.11359411478042603
UHD-LL down4,,161_UHD_LL.JPG,without_attention_modulation,31.080438059565022,0.9460950493812561,0.08161558210849762,0.020601751282811165
UHD-LL down4,,161_UHD_LL.JPG,without_spatial_amplification,9.79382461811339,0.5645245909690857,0.3185974061489105,0.20463915169239044
UHD-LL down4,,161_UHD_LL.JPG,without_high_frequency_cue,31.086598918089337,0.9465110301971436,0.08124034106731415,0.021000482141971588
UHD-LL down4,,161_UHD_LL.JPG,without_darkness_gate,23.999503920608504,0.9416338801383972,0.08656254410743713,0.02876688912510872
UHD-LL down4,,1628_UHD_LL.JPG,full,34.13501247605636,0.9614869356155396,0.03595304489135742,0.009110593236982822
UHD-LL down4,,1628_UHD_LL.JPG,retinex_base_only,14.84123589244409,0.8582724332809448,0.10171440243721008,0.060144003480672836
UHD-LL down4,,1628_UHD_LL.JPG,without_residual_refinement,33.400611331010865,0.9506149291992188,0.03562799096107483,0.01271534338593483
UHD-LL down4,,1628_UHD_LL.JPG,without_tapetum_update,14.192614328327448,0.8625565767288208,0.12367188930511475,0.07560037821531296
UHD-LL down4,,1628_UHD_LL.JPG,without_attention_modulation,20.605105892748462,0.9377594590187073,0.06879128515720367,0.02833542227745056
UHD-LL down4,,1628_UHD_LL.JPG,without_spatial_amplification,14.426928581600535,0.8530902862548828,0.15653708577156067,0.11028168350458145
UHD-LL down4,,1628_UHD_LL.JPG,without_high_frequency_cue,36.596653098343545,0.9615817070007324,0.032758112996816635,0.008624505251646042
UHD-LL down4,,1628_UHD_LL.JPG,without_darkness_gate,15.034776037049898,0.9043405055999756,0.12663722038269043,0.06833873689174652
UHD-LL down4,,1637_UHD_LL.JPG,full,28.30077131462319,0.9709041714668274,0.02075168304145336,0.014219480566680431
UHD-LL down4,,1637_UHD_LL.JPG,retinex_base_only,10.291118996434507,0.6899250149726868,0.0966266617178917,0.10017988830804825
UHD-LL down4,,1637_UHD_LL.JPG,without_residual_refinement,26.335365092572207,0.9693542718887329,0.021629592403769493,0.016323985531926155
UHD-LL down4,,1637_UHD_LL.JPG,without_tapetum_update,12.861169973212167,0.8063765168190002,0.07998763024806976,0.0790996327996254
UHD-LL down4,,1637_UHD_LL.JPG,without_attention_modulation,28.259278100424527,0.9710167646408081,0.020868727937340736,0.013634051196277142
UHD-LL down4,,1637_UHD_LL.JPG,without_spatial_amplification,10.202606853772716,0.6744539141654968,0.13034483790397644,0.1285979151725769
UHD-LL down4,,1637_UHD_LL.JPG,without_high_frequency_cue,28.298180307984623,0.970893144607544,0.02074655331671238,0.014124690555036068
UHD-LL down4,,1637_UHD_LL.JPG,without_darkness_gate,17.23183146683803,0.9440226554870605,0.041129112243652344,0.030689390376210213
UHD-LL down4,,1649_UHD_LL.JPG,full,28.712512165158927,0.9366111159324646,0.07890401035547256,0.025805722922086716
UHD-LL down4,,1649_UHD_LL.JPG,retinex_base_only,10.501400389924221,0.673433780670166,0.21646812558174133,0.13112418353557587
UHD-LL down4,,1649_UHD_LL.JPG,without_residual_refinement,19.992471786556344,0.894670307636261,0.0974024087190628,0.03925031051039696
UHD-LL down4,,1649_UHD_LL.JPG,without_tapetum_update,12.732673213464745,0.8213483691215515,0.18256455659866333,0.09562692046165466
UHD-LL down4,,1649_UHD_LL.JPG,without_attention_modulation,28.71764177880163,0.9342235922813416,0.08000938594341278,0.026165412738919258
UHD-LL down4,,1649_UHD_LL.JPG,without_spatial_amplification,10.188369695750941,0.6677425503730774,0.26383131742477417,0.1768515408039093
UHD-LL down4,,1649_UHD_LL.JPG,without_high_frequency_cue,28.65273663210347,0.930300772190094,0.0789177268743515,0.0254927147179842
UHD-LL down4,,1649_UHD_LL.JPG,without_darkness_gate,22.969860484439067,0.9223735928535461,0.08042047172784805,0.029436448588967323
UHD-LL down4,,164_UHD_LL.JPG,full,34.01179857400084,0.9734637141227722,0.030940556898713112,0.008582090027630329
UHD-LL down4,,164_UHD_LL.JPG,retinex_base_only,9.36335645228022,0.6612088680267334,0.2198842167854309,0.16316452622413635
UHD-LL down4,,164_UHD_LL.JPG,without_residual_refinement,20.666251033382963,0.9327255487442017,0.060826778411865234,0.03297065943479538
UHD-LL down4,,164_UHD_LL.JPG,without_tapetum_update,11.110155130869613,0.79331374168396,0.19123239815235138,0.12694741785526276
UHD-LL down4,,164_UHD_LL.JPG,without_attention_modulation,33.547553612121156,0.9722500443458557,0.03181411698460579,0.01203768141567707
UHD-LL down4,,164_UHD_LL.JPG,without_spatial_amplification,9.015995998956381,0.649524986743927,0.2713538408279419,0.2167273610830307
UHD-LL down4,,164_UHD_LL.JPG,without_high_frequency_cue,33.922117004844054,0.9712362289428711,0.03171338140964508,0.00961807370185852
UHD-LL down4,,164_UHD_LL.JPG,without_darkness_gate,20.755807770640562,0.9616202116012573,0.05781366676092148,0.02767491526901722
UHD-LL down4,,1662_UHD_LL.JPG,full,17.778358085437503,0.9392351508140564,0.09964686632156372,0.05121611803770065
UHD-LL down4,,1662_UHD_LL.JPG,retinex_base_only,6.52399378563734,0.5877846479415894,0.37207016348838806,0.3000170886516571
UHD-LL down4,,1662_UHD_LL.JPG,without_residual_refinement,13.663523213764247,0.8784514665603638,0.17000985145568848,0.1096251904964447
UHD-LL down4,,1662_UHD_LL.JPG,without_tapetum_update,8.06885888244285,0.7319076061248779,0.33375275135040283,0.25615450739860535
UHD-LL down4,,1662_UHD_LL.JPG,without_attention_modulation,17.82693668273884,0.9409109950065613,0.09855697304010391,0.051224373281002045
UHD-LL down4,,1662_UHD_LL.JPG,without_spatial_amplification,6.886922101896653,0.630786657333374,0.3869137763977051,0.31399405002593994
UHD-LL down4,,1662_UHD_LL.JPG,without_high_frequency_cue,17.78516859098455,0.9396427869796753,0.09956517815589905,0.05134553834795952
UHD-LL down4,,1662_UHD_LL.JPG,without_darkness_gate,25.100428931724274,0.9507772326469421,0.0653085932135582,0.032557666301727295
UHD-LL down4,,1663_UHD_LL.JPG,full,22.767793309320574,0.9317650198936462,0.11600358784198761,0.04866131767630577
UHD-LL down4,,1663_UHD_LL.JPG,retinex_base_only,8.08130683302248,0.5960009098052979,0.30974942445755005,0.22277450561523438
UHD-LL down4,,1663_UHD_LL.JPG,without_residual_refinement,16.407551207230483,0.9004371762275696,0.1435772180557251,0.0715850442647934
UHD-LL down4,,1663_UHD_LL.JPG,without_tapetum_update,9.881519023980385,0.723944365978241,0.27939045429229736,0.18801504373550415
UHD-LL down4,,1663_UHD_LL.JPG,without_attention_modulation,22.95049248186583,0.9323155283927917,0.11485247313976288,0.04649139195680618
UHD-LL down4,,1663_UHD_LL.JPG,without_spatial_amplification,7.750975785892129,0.5650433301925659,0.3684876561164856,0.27621182799339294
UHD-LL down4,,1663_UHD_LL.JPG,without_high_frequency_cue,22.774518309589517,0.931766152381897,0.11595802009105682,0.048456598073244095
UHD-LL down4,,1663_UHD_LL.JPG,without_darkness_gate,28.315588269862786,0.9379371404647827,0.10255100578069687,0.042971231043338776
UHD-LL down4,,1671_UHD_LL.JPG,full,30.4091952262117,0.9000042676925659,0.13318851590156555,0.046445783227682114
UHD-LL down4,,1671_UHD_LL.JPG,retinex_base_only,10.235809667689947,0.6429336667060852,0.267575740814209,0.156610369682312
UHD-LL down4,,1671_UHD_LL.JPG,without_residual_refinement,23.526534425332333,0.8826642036437988,0.14609163999557495,0.05557766184210777
UHD-LL down4,,1671_UHD_LL.JPG,without_tapetum_update,12.5259751134739,0.7807430624961853,0.23904144763946533,0.12566347420215607
UHD-LL down4,,1671_UHD_LL.JPG,without_attention_modulation,30.181193338307995,0.8976479768753052,0.13464392721652985,0.04647570848464966
UHD-LL down4,,1671_UHD_LL.JPG,without_spatial_amplification,11.150660204882099,0.712211549282074,0.2830517888069153,0.1584809571504593
UHD-LL down4,,1671_UHD_LL.JPG,without_high_frequency_cue,30.38504906244091,0.8992893099784851,0.13417379558086395,0.046387478709220886
UHD-LL down4,,1671_UHD_LL.JPG,without_darkness_gate,18.41148889333708,0.8814234733581543,0.15577489137649536,0.05904882028698921
UHD-LL down4,,1678_UHD_LL.JPG,full,25.386345234919403,0.9640041589736938,0.02854199707508087,0.014703731052577496
UHD-LL down4,,1678_UHD_LL.JPG,retinex_base_only,13.317025285043474,0.8175936341285706,0.1503978818655014,0.0992635041475296
UHD-LL down4,,1678_UHD_LL.JPG,without_residual_refinement,24.715858388340898,0.9365941882133484,0.034948766231536865,0.01791280321776867
UHD-LL down4,,1678_UHD_LL.JPG,without_tapetum_update,12.939094041457155,0.8408545255661011,0.15381276607513428,0.11245909333229065
UHD-LL down4,,1678_UHD_LL.JPG,without_attention_modulation,25.161865325547367,0.9700432419776917,0.03350285813212395,0.018150651827454567
UHD-LL down4,,1678_UHD_LL.JPG,without_spatial_amplification,12.98852654468628,0.8024861812591553,0.2052689492702484,0.15399812161922455
UHD-LL down4,,1678_UHD_LL.JPG,without_high_frequency_cue,26.69150650145656,0.9665126800537109,0.02634856477379799,0.01334863156080246
UHD-LL down4,,1678_UHD_LL.JPG,without_darkness_gate,17.827206937414775,0.9505569338798523,0.10603441298007965,0.07061736285686493
UHD-LL down4,,1682_UHD_LL.JPG,full,29.919597174741792,0.9534325003623962,0.14234523475170135,0.07874155044555664
UHD-LL down4,,1682_UHD_LL.JPG,retinex_base_only,9.569305881943265,0.6303173303604126,0.3417223393917084,0.26817306876182556
UHD-LL down4,,1682_UHD_LL.JPG,without_residual_refinement,19.517920258418936,0.9299811720848083,0.16474956274032593,0.09606825560331345
UHD-LL down4,,1682_UHD_LL.JPG,without_tapetum_update,11.881953954789008,0.7810226678848267,0.2929908335208893,0.22026076912879944
UHD-LL down4,,1682_UHD_LL.JPG,without_attention_modulation,29.94950989916589,0.9535404443740845,0.14190736413002014,0.07851531356573105
UHD-LL down4,,1682_UHD_LL.JPG,without_spatial_amplification,11.033789775502624,0.7357024550437927,0.33142900466918945,0.2509400248527527
UHD-LL down4,,1682_UHD_LL.JPG,without_high_frequency_cue,29.914238830596346,0.9532265067100525,0.14233362674713135,0.07871492952108383
UHD-LL down4,,1682_UHD_LL.JPG,without_darkness_gate,25.798396429500336,0.9485162496566772,0.14863061904907227,0.08354457467794418
UHD-LL down4,,1686_UHD_LL.JPG,full,31.0595646623413,0.9621050953865051,0.1275896430015564,0.06179185211658478
UHD-LL down4,,1686_UHD_LL.JPG,retinex_base_only,10.258140542356358,0.6946932077407837,0.2658693790435791,0.19553115963935852
UHD-LL down4,,1686_UHD_LL.JPG,without_residual_refinement,24.46307694885936,0.9540726542472839,0.13307882845401764,0.060996346175670624
UHD-LL down4,,1686_UHD_LL.JPG,without_tapetum_update,12.808368899566975,0.8285022974014282,0.23914042115211487,0.16177727282047272
UHD-LL down4,,1686_UHD_LL.JPG,without_attention_modulation,31.014342281275823,0.9620590806007385,0.12719981372356415,0.06059054285287857
UHD-LL down4,,1686_UHD_LL.JPG,without_spatial_amplification,10.45508787563039,0.7079861164093018,0.323995977640152,0.24674096703529358
UHD-LL down4,,1686_UHD_LL.JPG,without_high_frequency_cue,31.053871505439208,0.9620916247367859,0.12756486237049103,0.061715319752693176
UHD-LL down4,,1686_UHD_LL.JPG,without_darkness_gate,18.90493215994543,0.9410055875778198,0.15159010887145996,0.07995648682117462
UHD-LL down4,,1694_UHD_LL.JPG,full,27.65479380104662,0.8849038481712341,0.1551537811756134,0.05336906760931015
UHD-LL down4,,1694_UHD_LL.JPG,retinex_base_only,9.521610188070692,0.5852009057998657,0.29905641078948975,0.18307708203792572
UHD-LL down4,,1694_UHD_LL.JPG,without_residual_refinement,19.35757344413083,0.8492634296417236,0.17678716778755188,0.07086855918169022
UHD-LL down4,,1694_UHD_LL.JPG,without_tapetum_update,11.613619514320312,0.7353578209877014,0.26748064160346985,0.14713671803474426
UHD-LL down4,,1694_UHD_LL.JPG,without_attention_modulation,27.57952598493391,0.8822455406188965,0.15691155195236206,0.05365815758705139
UHD-LL down4,,1694_UHD_LL.JPG,without_spatial_amplification,11.02780620205432,0.6943092346191406,0.2912270128726959,0.16347451508045197
UHD-LL down4,,1694_UHD_LL.JPG,without_high_frequency_cue,27.646929647177572,0.8844561576843262,0.15638582408428192,0.05375511199235916
UHD-LL down4,,1694_UHD_LL.JPG,without_darkness_gate,23.485369334933303,0.8778294324874878,0.16143672168254852,0.057835061103105545
UHD-LL down4,,1701_UHD_LL.JPG,full,25.152463408824126,0.9616098999977112,0.0647878348827362,0.018981430679559708
UHD-LL down4,,1701_UHD_LL.JPG,retinex_base_only,9.133595674067259,0.6080329418182373,0.3016992211341858,0.2012014240026474
UHD-LL down4,,1701_UHD_LL.JPG,without_residual_refinement,17.745580499168984,0.8591655492782593,0.1069306880235672,0.05120399221777916
UHD-LL down4,,1701_UHD_LL.JPG,without_tapetum_update,11.117011546144704,0.8064916729927063,0.22637945413589478,0.1430453062057495
UHD-LL down4,,1701_UHD_LL.JPG,without_attention_modulation,28.167786704453807,0.9635849595069885,0.06708351522684097,0.02183595672249794
UHD-LL down4,,1701_UHD_LL.JPG,without_spatial_amplification,8.993095350678628,0.6098726987838745,0.3433922827243805,0.25874242186546326
UHD-LL down4,,1701_UHD_LL.JPG,without_high_frequency_cue,25.17920397773553,0.9609897136688232,0.066086545586586,0.020325765013694763
UHD-LL down4,,1701_UHD_LL.JPG,without_darkness_gate,21.96883254397796,0.9571084976196289,0.07699510455131531,0.03933423385024071
UHD-LL down4,,170_UHD_LL.JPG,full,15.300658690353274,0.7658109664916992,0.22442838549613953,0.14151564240455627
UHD-LL down4,,170_UHD_LL.JPG,retinex_base_only,7.6370815973486454,0.36647409200668335,0.40055739879608154,0.3111721873283386
UHD-LL down4,,170_UHD_LL.JPG,without_residual_refinement,12.126471010408476,0.682619571685791,0.24349558353424072,0.16230261325836182
UHD-LL down4,,170_UHD_LL.JPG,without_tapetum_update,9.424177314696626,0.5338466763496399,0.34179219603538513,0.25971662998199463
UHD-LL down4,,170_UHD_LL.JPG,without_attention_modulation,15.304461649289705,0.7658607959747314,0.2245388627052307,0.14148789644241333
UHD-LL down4,,170_UHD_LL.JPG,without_spatial_amplification,8.910477735559624,0.49460190534591675,0.3582206070423126,0.2679103910923004
UHD-LL down4,,170_UHD_LL.JPG,without_high_frequency_cue,15.300988773459121,0.7658143639564514,0.224430650472641,0.1415616273880005
UHD-LL down4,,170_UHD_LL.JPG,without_darkness_gate,16.976702203908673,0.7772042155265808,0.22651156783103943,0.15575607120990753
UHD-LL down4,,1718_UHD_LL.JPG,full,26.492580865027804,0.957757294178009,0.029130680486559868,0.011768709868192673
UHD-LL down4,,1718_UHD_LL.JPG,retinex_base_only,14.728860060698459,0.808465301990509,0.11526942998170853,0.0709974616765976
UHD-LL down4,,1718_UHD_LL.JPG,without_residual_refinement,26.6200925193806,0.9467594027519226,0.03668862581253052,0.020100006833672523
UHD-LL down4,,1718_UHD_LL.JPG,without_tapetum_update,14.624657079270982,0.8384690880775452,0.1097654402256012,0.0694948211312294
UHD-LL down4,,1718_UHD_LL.JPG,without_attention_modulation,23.411451775385252,0.9527322053909302,0.05313178896903992,0.026652906090021133
UHD-LL down4,,1718_UHD_LL.JPG,without_spatial_amplification,14.51509968209901,0.8438003063201904,0.14166666567325592,0.09515594691038132
UHD-LL down4,,1718_UHD_LL.JPG,without_high_frequency_cue,27.089047082834654,0.9598133563995361,0.02855793759226799,0.011581358499825
UHD-LL down4,,1718_UHD_LL.JPG,without_darkness_gate,23.09163181710204,0.9496293067932129,0.05793812498450279,0.033944401890039444
UHD-LL down4,,1725_UHD_LL.JPG,full,28.31644356957158,0.9452665448188782,0.09453853964805603,0.029101327061653137
UHD-LL down4,,1725_UHD_LL.JPG,retinex_base_only,9.096132280547057,0.5887522101402283,0.3274865746498108,0.2102382332086563
UHD-LL down4,,1725_UHD_LL.JPG,without_residual_refinement,19.084431479165648,0.8352157473564148,0.13073720037937164,0.05795379728078842
UHD-LL down4,,1725_UHD_LL.JPG,without_tapetum_update,11.088725836223787,0.8010262250900269,0.2564571797847748,0.15411531925201416
UHD-LL down4,,1725_UHD_LL.JPG,without_attention_modulation,28.69010241468553,0.9491028189659119,0.09550932049751282,0.02754170075058937
UHD-LL down4,,1725_UHD_LL.JPG,without_spatial_amplification,10.529713991066757,0.7096665501594543,0.2941020429134369,0.1823163479566574
UHD-LL down4,,1725_UHD_LL.JPG,without_high_frequency_cue,28.352958873404212,0.9454123973846436,0.09635531157255173,0.029847517609596252
UHD-LL down4,,1725_UHD_LL.JPG,without_darkness_gate,19.578290825673434,0.9329784512519836,0.11970211565494537,0.054189424961805344
UHD-LL down4,,172_UHD_LL.JPG,full,31.078537711565595,0.9446515440940857,0.08905985951423645,0.023426223546266556
UHD-LL down4,,172_UHD_LL.JPG,retinex_base_only,10.103203014165594,0.5968203544616699,0.25578948855400085,0.14568598568439484
UHD-LL down4,,172_UHD_LL.JPG,without_residual_refinement,20.308111526189467,0.9160258173942566,0.10707876086235046,0.03534013777971268
UHD-LL down4,,172_UHD_LL.JPG,without_tapetum_update,12.485082642804496,0.766363799571991,0.21328118443489075,0.11598990857601166
UHD-LL down4,,172_UHD_LL.JPG,without_attention_modulation,30.98851539091728,0.9441027045249939,0.08899502456188202,0.022485386580228806
UHD-LL down4,,172_UHD_LL.JPG,without_spatial_amplification,9.858803302902398,0.575438916683197,0.3215363323688507,0.20324862003326416
UHD-LL down4,,172_UHD_LL.JPG,without_high_frequency_cue,31.067593282058734,0.9445529580116272,0.08894311636686325,0.02313123270869255
UHD-LL down4,,172_UHD_LL.JPG,without_darkness_gate,23.931837458748078,0.9395667910575867,0.0919957384467125,0.02857321873307228
UHD-LL down4,,1756_UHD_LL.JPG,full,20.71504027994015,0.9376287460327148,0.059210069477558136,0.02521410584449768
UHD-LL down4,,1756_UHD_LL.JPG,retinex_base_only,11.299297584018117,0.6492260098457336,0.19588682055473328,0.13656441867351532
UHD-LL down4,,1756_UHD_LL.JPG,without_residual_refinement,17.422326526267536,0.8796844482421875,0.08622297644615173,0.044122058898210526
UHD-LL down4,,1756_UHD_LL.JPG,without_tapetum_update,13.33604289221581,0.8220142126083374,0.1345987617969513,0.08715955913066864
UHD-LL down4,,1756_UHD_LL.JPG,without_attention_modulation,26.675917204095953,0.9488697052001953,0.06930221617221832,0.03335101157426834
UHD-LL down4,,1756_UHD_LL.JPG,without_spatial_amplification,11.128217843469379,0.697126567363739,0.24733547866344452,0.18317866325378418
UHD-LL down4,,1756_UHD_LL.JPG,without_high_frequency_cue,21.503890464049537,0.9410722255706787,0.05604369193315506,0.024363210424780846
UHD-LL down4,,1756_UHD_LL.JPG,without_darkness_gate,26.611728111012667,0.9429973363876343,0.05679250508546829,0.024908244609832764
UHD-LL down4,,175_UHD_LL.JPG,full,31.662211773095457,0.9595222473144531,0.043874409049749374,0.01815396547317505
UHD-LL down4,,175_UHD_LL.JPG,retinex_base_only,9.767482244434118,0.6904709935188293,0.2067110240459442,0.1549810767173767
UHD-LL down4,,175_UHD_LL.JPG,without_residual_refinement,23.621243347739007,0.9349511861801147,0.06130487844347954,0.033491842448711395
UHD-LL down4,,175_UHD_LL.JPG,without_tapetum_update,12.036808163508857,0.8343405723571777,0.17976021766662598,0.12158147245645523
UHD-LL down4,,175_UHD_LL.JPG,without_attention_modulation,31.43271388894943,0.9584175944328308,0.043461091816425323,0.01842975988984108
UHD-LL down4,,175_UHD_LL.JPG,without_spatial_amplification,9.8485335702957,0.7111023664474487,0.25876277685165405,0.20250913500785828
UHD-LL down4,,175_UHD_LL.JPG,without_high_frequency_cue,31.59088108901063,0.9585669040679932,0.04417651146650314,0.018559610471129417
UHD-LL down4,,175_UHD_LL.JPG,without_darkness_gate,17.671991944784978,0.9370275735855103,0.0979546457529068,0.048757608979940414
UHD-LL down4,,1768_UHD_LL.JPG,full,21.973563662383548,0.9006274342536926,0.07286226749420166,0.028733715415000916
UHD-LL down4,,1768_UHD_LL.JPG,retinex_base_only,9.545272060123745,0.45671626925468445,0.2537139654159546,0.19348368048667908
UHD-LL down4,,1768_UHD_LL.JPG,without_residual_refinement,16.4894759791567,0.7815660238265991,0.09595003724098206,0.052038438618183136
UHD-LL down4,,1768_UHD_LL.JPG,without_tapetum_update,11.482713869418896,0.6572957634925842,0.20973023772239685,0.13547860085964203
UHD-LL down4,,1768_UHD_LL.JPG,without_attention_modulation,23.133888871147366,0.9085553288459778,0.06964629143476486,0.027000069618225098
UHD-LL down4,,1768_UHD_LL.JPG,without_spatial_amplification,9.396957968256991,0.4413883686065674,0.28590455651283264,0.22579462826251984
UHD-LL down4,,1768_UHD_LL.JPG,without_high_frequency_cue,22.133926084857865,0.9015854597091675,0.07244417071342468,0.03091895580291748
UHD-LL down4,,1768_UHD_LL.JPG,without_darkness_gate,23.17880039513542,0.9030013680458069,0.08465070277452469,0.04222482815384865
UHD-LL down4,,1778_UHD_LL.JPG,full,20.826720567354506,0.9045637249946594,0.12419454008340836,0.05538852512836456
UHD-LL down4,,1778_UHD_LL.JPG,retinex_base_only,9.956399440515577,0.5694203972816467,0.2558976709842682,0.18738020956516266
UHD-LL down4,,1778_UHD_LL.JPG,without_residual_refinement,16.97147869948717,0.8584238290786743,0.13807517290115356,0.06580333411693573
UHD-LL down4,,1778_UHD_LL.JPG,without_tapetum_update,11.920262076213962,0.7862541079521179,0.20527859032154083,0.14558589458465576
UHD-LL down4,,1778_UHD_LL.JPG,without_attention_modulation,20.822122312889633,0.9034506678581238,0.12361675500869751,0.05605948343873024
UHD-LL down4,,1778_UHD_LL.JPG,without_spatial_amplification,10.203587432416397,0.6291685104370117,0.286382257938385,0.21979723870754242
UHD-LL down4,,1778_UHD_LL.JPG,without_high_frequency_cue,20.83097154522802,0.9048887491226196,0.12361068278551102,0.05518501624464989
UHD-LL down4,,1778_UHD_LL.JPG,without_darkness_gate,22.11942397416566,0.8931381702423096,0.13385500013828278,0.059158578515052795
UHD-LL down4,,1785_UHD_LL.JPG,full,17.99434510312414,0.8964208960533142,0.19331665337085724,0.08625122159719467
UHD-LL down4,,1785_UHD_LL.JPG,retinex_base_only,7.444792590172719,0.5024871230125427,0.40965691208839417,0.28579190373420715
UHD-LL down4,,1785_UHD_LL.JPG,without_residual_refinement,13.9462967685788,0.7669765949249268,0.2535373866558075,0.13406068086624146
UHD-LL down4,,1785_UHD_LL.JPG,without_tapetum_update,9.079878432074901,0.7112246155738831,0.3549031913280487,0.227985680103302
UHD-LL down4,,1785_UHD_LL.JPG,without_attention_modulation,18.07075827018613,0.9004437327384949,0.1980769783258438,0.08757935464382172
UHD-LL down4,,1785_UHD_LL.JPG,without_spatial_amplification,8.889550384938206,0.639733612537384,0.3661911189556122,0.24086350202560425
UHD-LL down4,,1785_UHD_LL.JPG,without_high_frequency_cue,17.99731382543348,0.8964474201202393,0.1946631371974945,0.0871615931391716
UHD-LL down4,,1785_UHD_LL.JPG,without_darkness_gate,22.328660981642283,0.8981307744979858,0.19291260838508606,0.09067336469888687
UHD-LL down4,,1791_UHD_LL.JPG,full,17.100377336650038,0.8061802387237549,0.16014133393764496,0.06562723219394684
UHD-LL down4,,1791_UHD_LL.JPG,retinex_base_only,8.532809628555771,0.3435043692588806,0.3684067130088806,0.2657661736011505
UHD-LL down4,,1791_UHD_LL.JPG,without_residual_refinement,13.444550183624058,0.6606183052062988,0.18928192555904388,0.09474743157625198
UHD-LL down4,,1791_UHD_LL.JPG,without_tapetum_update,10.32839620038448,0.5649915337562561,0.3064573407173157,0.19416756927967072
UHD-LL down4,,1791_UHD_LL.JPG,without_attention_modulation,17.125610958783927,0.8073251247406006,0.1604166179895401,0.06700081378221512
UHD-LL down4,,1791_UHD_LL.JPG,without_spatial_amplification,8.560008845377205,0.3568287789821625,0.41843801736831665,0.3020899295806885
UHD-LL down4,,1791_UHD_LL.JPG,without_high_frequency_cue,17.128747462002167,0.8083532452583313,0.16082996129989624,0.06594578176736832
UHD-LL down4,,1791_UHD_LL.JPG,without_darkness_gate,19.240057947197002,0.8246337175369263,0.15307925641536713,0.06134970486164093
UHD-LL down4,,1792_UHD_LL.JPG,full,16.878605341214147,0.8579733967781067,0.12479235976934433,0.1011844128370285
UHD-LL down4,,1792_UHD_LL.JPG,retinex_base_only,8.42093196840407,0.3418850004673004,0.28636634349823,0.2946213185787201
UHD-LL down4,,1792_UHD_LL.JPG,without_residual_refinement,13.267189363652873,0.7548779845237732,0.1460355967283249,0.121421217918396
UHD-LL down4,,1792_UHD_LL.JPG,without_tapetum_update,10.271181820715189,0.5110645890235901,0.264617919921875,0.24111750721931458
UHD-LL down4,,1792_UHD_LL.JPG,without_attention_modulation,16.885697036750273,0.8581528067588806,0.1257527619600296,0.10249509662389755
UHD-LL down4,,1792_UHD_LL.JPG,without_spatial_amplification,8.260351465607968,0.32382944226264954,0.2903963625431061,0.316661536693573
UHD-LL down4,,1792_UHD_LL.JPG,without_high_frequency_cue,16.886091162117243,0.85722416639328,0.1292733997106552,0.10486055910587311
UHD-LL down4,,1792_UHD_LL.JPG,without_darkness_gate,19.326496789524906,0.8843715190887451,0.13664329051971436,0.10825604945421219
UHD-LL down4,,17_UHD_LL.JPG,full,34.06062881681707,0.9464563727378845,0.05931384861469269,0.01597398705780506
UHD-LL down4,,17_UHD_LL.JPG,retinex_base_only,10.192306873551772,0.6430793404579163,0.2439413070678711,0.17020417749881744
UHD-LL down4,,17_UHD_LL.JPG,without_residual_refinement,23.376694785162393,0.8888388276100159,0.07184071093797684,0.02698519453406334
UHD-LL down4,,17_UHD_LL.JPG,without_tapetum_update,12.45063160296132,0.8284378051757812,0.19649024307727814,0.1355188935995102
UHD-LL down4,,17_UHD_LL.JPG,without_attention_modulation,33.007342072579036,0.9423770904541016,0.062049247324466705,0.01675289496779442
UHD-LL down4,,17_UHD_LL.JPG,without_spatial_amplification,10.330097515012888,0.661432683467865,0.28766173124313354,0.2292010486125946
UHD-LL down4,,17_UHD_LL.JPG,without_high_frequency_cue,33.92679852906024,0.9453727006912231,0.0589921660721302,0.015662867575883865
UHD-LL down4,,17_UHD_LL.JPG,without_darkness_gate,18.188760493943292,0.9280809760093689,0.08851788938045502,0.04038073122501373
UHD-LL down4,,1801_UHD_LL.JPG,full,20.051556295206456,0.8801004886627197,0.18482893705368042,0.075354665517807
UHD-LL down4,,1801_UHD_LL.JPG,retinex_base_only,9.936314680051343,0.5818257927894592,0.28296399116516113,0.20117920637130737
UHD-LL down4,,1801_UHD_LL.JPG,without_residual_refinement,16.766258539393,0.8411431908607483,0.19481231272220612,0.0855800211429596
UHD-LL down4,,1801_UHD_LL.JPG,without_tapetum_update,11.892839035552225,0.7787356972694397,0.23853370547294617,0.16113218665122986
UHD-LL down4,,1801_UHD_LL.JPG,without_attention_modulation,20.042296791847498,0.8796508312225342,0.18335998058319092,0.07518795132637024
UHD-LL down4,,1801_UHD_LL.JPG,without_spatial_amplification,10.631741688462593,0.6812313795089722,0.2715732753276825,0.1980140656232834
UHD-LL down4,,1801_UHD_LL.JPG,without_high_frequency_cue,20.049302873510317,0.8803141117095947,0.18482251465320587,0.07554329186677933
UHD-LL down4,,1801_UHD_LL.JPG,without_darkness_gate,20.885323202640645,0.8653057217597961,0.20132401585578918,0.08328511565923691
UHD-LL down4,,1808_UHD_LL.JPG,full,23.25464807450875,0.9116884469985962,0.23533320426940918,0.07984139025211334
UHD-LL down4,,1808_UHD_LL.JPG,retinex_base_only,8.802445541806321,0.57523113489151,0.37314486503601074,0.24633535742759705
UHD-LL down4,,1808_UHD_LL.JPG,without_residual_refinement,17.164698651194502,0.8417904376983643,0.2696358263492584,0.10788942873477936
UHD-LL down4,,1808_UHD_LL.JPG,without_tapetum_update,10.686582365475985,0.7703030109405518,0.33496832847595215,0.20104151964187622
UHD-LL down4,,1808_UHD_LL.JPG,without_attention_modulation,23.15740545338003,0.9032272100448608,0.24505582451820374,0.08600488305091858
UHD-LL down4,,1808_UHD_LL.JPG,without_spatial_amplification,10.591737020439972,0.7270036935806274,0.3346768617630005,0.2101484090089798
UHD-LL down4,,1808_UHD_LL.JPG,without_high_frequency_cue,23.25285563853607,0.911702573299408,0.23535384237766266,0.07973919808864594
UHD-LL down4,,1808_UHD_LL.JPG,without_darkness_gate,24.146294471100923,0.8989558219909668,0.2647249698638916,0.09756150096654892
UHD-LL down4,,1838_UHD_LL.JPG,full,10.275269293628917,0.6595891118049622,0.4177016019821167,0.2649163007736206
UHD-LL down4,,1838_UHD_LL.JPG,retinex_base_only,5.876991874513131,0.27887845039367676,0.5432053804397583,0.4187113642692566
UHD-LL down4,,1838_UHD_LL.JPG,without_residual_refinement,8.436087880000443,0.5376458764076233,0.42776960134506226,0.28033509850502014
UHD-LL down4,,1838_UHD_LL.JPG,without_tapetum_update,7.236125146370366,0.4555869698524475,0.48972517251968384,0.37212371826171875
UHD-LL down4,,1838_UHD_LL.JPG,without_attention_modulation,10.290002917564674,0.6611319184303284,0.4165076017379761,0.2632597088813782
UHD-LL down4,,1838_UHD_LL.JPG,without_spatial_amplification,7.220759559836528,0.45071321725845337,0.49956780672073364,0.3687886595726013
UHD-LL down4,,1838_UHD_LL.JPG,without_high_frequency_cue,10.275429259500473,0.6596146821975708,0.41769009828567505,0.2650698721408844
UHD-LL down4,,1838_UHD_LL.JPG,without_darkness_gate,10.84083304102186,0.676197350025177,0.41597652435302734,0.2595885992050171
UHD-LL down4,,1917_UHD_LL.JPG,full,23.96260953395952,0.9759910106658936,0.03670163452625275,0.01677083596587181
UHD-LL down4,,1917_UHD_LL.JPG,retinex_base_only,11.09727112243647,0.8062323331832886,0.1747535765171051,0.12942726910114288
UHD-LL down4,,1917_UHD_LL.JPG,without_residual_refinement,21.067324290873355,0.9559116363525391,0.04716045409440994,0.026301532983779907
UHD-LL down4,,1917_UHD_LL.JPG,without_tapetum_update,11.041658703496267,0.8198698163032532,0.18307211995124817,0.136915385723114
UHD-LL down4,,1917_UHD_LL.JPG,without_attention_modulation,28.87629840448325,0.9792802929878235,0.02591775916516781,0.01205990370362997
UHD-LL down4,,1917_UHD_LL.JPG,without_spatial_amplification,10.734164055603333,0.7917457818984985,0.22362279891967773,0.18056899309158325
UHD-LL down4,,1917_UHD_LL.JPG,without_high_frequency_cue,31.376905483096657,0.9814854860305786,0.021285584196448326,0.0072350455448031425
UHD-LL down4,,1917_UHD_LL.JPG,without_darkness_gate,18.28806166288225,0.9634382128715515,0.06608717143535614,0.05070812627673149
UHD-LL down4,,199_UHD_LL.JPG,full,26.49841720731185,0.921953022480011,0.04107720032334328,0.012815948575735092
UHD-LL down4,,199_UHD_LL.JPG,retinex_base_only,14.949361613326055,0.79709392786026,0.10833020508289337,0.06604113429784775
UHD-LL down4,,199_UHD_LL.JPG,without_residual_refinement,26.765500896815226,0.9203751683235168,0.04274173080921173,0.014226933009922504
UHD-LL down4,,199_UHD_LL.JPG,without_tapetum_update,14.84151162853642,0.8077154755592346,0.1137460395693779,0.07533204555511475
UHD-LL down4,,199_UHD_LL.JPG,without_attention_modulation,20.00212812141764,0.9017913341522217,0.0637194961309433,0.04046081006526947
UHD-LL down4,,199_UHD_LL.JPG,without_spatial_amplification,14.306416770876156,0.7877406477928162,0.1720985472202301,0.13079696893692017
UHD-LL down4,,199_UHD_LL.JPG,without_high_frequency_cue,26.999281127939515,0.9220883250236511,0.040492650121450424,0.012517636641860008
UHD-LL down4,,199_UHD_LL.JPG,without_darkness_gate,17.53761598995869,0.8893619775772095,0.07649245113134384,0.049748633056879044
UHD-LL down4,,1_UHD_LL.JPG,full,32.5099517143244,0.957741379737854,0.04638596251606941,0.01482032798230648
UHD-LL down4,,1_UHD_LL.JPG,retinex_base_only,11.076138542448625,0.7029901146888733,0.20765838027000427,0.14618980884552002
UHD-LL down4,,1_UHD_LL.JPG,without_residual_refinement,20.781961346512567,0.9019765853881836,0.06624732911586761,0.03141695261001587
UHD-LL down4,,1_UHD_LL.JPG,without_tapetum_update,13.523713665641274,0.8574267029762268,0.15349775552749634,0.10238772630691528
UHD-LL down4,,1_UHD_LL.JPG,without_attention_modulation,25.69905336024519,0.949340283870697,0.05210808292031288,0.01687084510922432
UHD-LL down4,,1_UHD_LL.JPG,without_spatial_amplification,10.78022687198714,0.6896973252296448,0.2652936577796936,0.21436259150505066
UHD-LL down4,,1_UHD_LL.JPG,without_high_frequency_cue,32.214264756821215,0.9536256790161133,0.04688660800457001,0.015251867473125458
UHD-LL down4,,1_UHD_LL.JPG,without_darkness_gate,19.93742159908385,0.9436096549034119,0.06954993307590485,0.03776893764734268
UHD-LL down4,,200_UHD_LL.JPG,full,27.54122541366373,0.9236930012702942,0.041146695613861084,0.019394172355532646
UHD-LL down4,,200_UHD_LL.JPG,retinex_base_only,10.606571996670828,0.645693302154541,0.14329221844673157,0.10643548518419266
UHD-LL down4,,200_UHD_LL.JPG,without_residual_refinement,24.348380834025996,0.9173915982246399,0.044783033430576324,0.021273165941238403
UHD-LL down4,,200_UHD_LL.JPG,without_tapetum_update,13.180660529979406,0.7776421308517456,0.11837856471538544,0.08133441209793091
UHD-LL down4,,200_UHD_LL.JPG,without_attention_modulation,27.329768023010445,0.923477053642273,0.04111834987998009,0.018401002511382103
UHD-LL down4,,200_UHD_LL.JPG,without_spatial_amplification,10.282520906517071,0.6120771169662476,0.18277868628501892,0.14375345408916473
UHD-LL down4,,200_UHD_LL.JPG,without_high_frequency_cue,27.50538074835999,0.9232826828956604,0.04101095348596573,0.01937752217054367
UHD-LL down4,,200_UHD_LL.JPG,without_darkness_gate,17.995996975720658,0.8981355428695679,0.06498314440250397,0.034488700330257416
UHD-LL down4,,2017_UHD_LL.JPG,full,17.42691571039025,0.9191349148750305,0.08504880219697952,0.05412804335355759
UHD-LL down4,,2017_UHD_LL.JPG,retinex_base_only,10.472763608453322,0.7461843490600586,0.22986051440238953,0.17230266332626343
UHD-LL down4,,2017_UHD_LL.JPG,without_residual_refinement,17.194627143977755,0.8881651759147644,0.09171433746814728,0.05666515976190567
UHD-LL down4,,2017_UHD_LL.JPG,without_tapetum_update,10.072536857750595,0.7476634979248047,0.23855212330818176,0.19469121098518372
UHD-LL down4,,2017_UHD_LL.JPG,without_attention_modulation,25.49736827841462,0.9548823237419128,0.04544084519147873,0.028613803908228874
UHD-LL down4,,2017_UHD_LL.JPG,without_spatial_amplification,10.406464258967913,0.7342321872711182,0.2496218979358673,0.207050159573555
UHD-LL down4,,2017_UHD_LL.JPG,without_high_frequency_cue,17.880190891241178,0.9239715933799744,0.08108145743608475,0.05050770193338394
UHD-LL down4,,2017_UHD_LL.JPG,without_darkness_gate,24.134641937540206,0.9421325325965881,0.06990011036396027,0.03658512979745865
UHD-LL down4,,2025_UHD_LL.JPG,full,24.22337388156297,0.9630213379859924,0.03534456714987755,0.018796343356370926
UHD-LL down4,,2025_UHD_LL.JPG,retinex_base_only,13.342997854091145,0.8399173617362976,0.14661556482315063,0.100614994764328
UHD-LL down4,,2025_UHD_LL.JPG,without_residual_refinement,24.85593928896108,0.9487907290458679,0.03664505481719971,0.017406299710273743
UHD-LL down4,,2025_UHD_LL.JPG,without_tapetum_update,12.745407640656143,0.8375117182731628,0.17143425345420837,0.13495486974716187
UHD-LL down4,,2025_UHD_LL.JPG,without_attention_modulation,28.448727687798076,0.9688308835029602,0.02771914005279541,0.015102248638868332
UHD-LL down4,,2025_UHD_LL.JPG,without_spatial_amplification,13.356223948588127,0.8251583576202393,0.17900164425373077,0.14168371260166168
UHD-LL down4,,2025_UHD_LL.JPG,without_high_frequency_cue,24.689294549323662,0.9641464948654175,0.03405270352959633,0.017714446410536766
UHD-LL down4,,2025_UHD_LL.JPG,without_darkness_gate,21.050224289929552,0.9555366635322571,0.08272858709096909,0.04517871513962746
UHD-LL down4,,2034_UHD_LL.JPG,full,13.36569196752115,0.8365750908851624,0.16460803151130676,0.10521478205919266
UHD-LL down4,,2034_UHD_LL.JPG,retinex_base_only,6.292741059023519,0.4760243892669678,0.3812432289123535,0.30782055854797363
UHD-LL down4,,2034_UHD_LL.JPG,without_residual_refinement,10.766932250341556,0.705559253692627,0.232758030295372,0.16672249138355255
UHD-LL down4,,2034_UHD_LL.JPG,without_tapetum_update,7.686229505840593,0.6353210806846619,0.3234919607639313,0.24577854573726654
UHD-LL down4,,2034_UHD_LL.JPG,without_attention_modulation,14.8319780728143,0.8656531572341919,0.13662882149219513,0.09070523083209991
UHD-LL down4,,2034_UHD_LL.JPG,without_spatial_amplification,6.1999307251679125,0.47663918137550354,0.39267081022262573,0.32754936814308167
UHD-LL down4,,2034_UHD_LL.JPG,without_high_frequency_cue,13.405275198343787,0.8467968702316284,0.16489993035793304,0.10895520448684692
UHD-LL down4,,2034_UHD_LL.JPG,without_darkness_gate,17.000266775042867,0.8593875169754028,0.13336795568466187,0.09544424712657928
UHD-LL down4,,2042_UHD_LL.JPG,full,30.75252520971781,0.9525129199028015,0.04422151669859886,0.017411094158887863
UHD-LL down4,,2042_UHD_LL.JPG,retinex_base_only,11.424124675756588,0.5906349420547485,0.16500520706176758,0.13654133677482605
UHD-LL down4,,2042_UHD_LL.JPG,without_residual_refinement,23.91768930444155,0.8550406694412231,0.05642251670360565,0.026430202648043633
UHD-LL down4,,2042_UHD_LL.JPG,without_tapetum_update,13.743019320702615,0.8357669711112976,0.15071186423301697,0.10991178452968597
UHD-LL down4,,2042_UHD_LL.JPG,without_attention_modulation,29.35664332866203,0.9557753205299377,0.04693254083395004,0.019379571080207825
UHD-LL down4,,2042_UHD_LL.JPG,without_spatial_amplification,11.398291364735964,0.674098014831543,0.17389994859695435,0.14018964767456055
UHD-LL down4,,2042_UHD_LL.JPG,without_high_frequency_cue,30.748373536742307,0.9529602527618408,0.044125571846961975,0.01737586036324501
UHD-LL down4,,2042_UHD_LL.JPG,without_darkness_gate,22.368179704029036,0.9456002712249756,0.0475180558860302,0.021247686818242073
UHD-LL down4,,2045_UHD_LL.JPG,full,24.540303438023933,0.9730685949325562,0.036620479077100754,0.017404962331056595
UHD-LL down4,,2045_UHD_LL.JPG,retinex_base_only,8.25009581062787,0.631191074848175,0.24981188774108887,0.19696752727031708
UHD-LL down4,,2045_UHD_LL.JPG,without_residual_refinement,17.37817696923576,0.9210925698280334,0.07723341882228851,0.04925408214330673
UHD-LL down4,,2045_UHD_LL.JPG,without_tapetum_update,9.750100757801832,0.757604718208313,0.22303849458694458,0.1648213267326355
UHD-LL down4,,2045_UHD_LL.JPG,without_attention_modulation,24.753871154047363,0.9742474555969238,0.035634927451610565,0.017513010650873184
UHD-LL down4,,2045_UHD_LL.JPG,without_spatial_amplification,7.94060823222877,0.6094054579734802,0.2862374484539032,0.24393337965011597
UHD-LL down4,,2045_UHD_LL.JPG,without_high_frequency_cue,24.614499654194155,0.9732987880706787,0.036693818867206573,0.017534717917442322
UHD-LL down4,,2045_UHD_LL.JPG,without_darkness_gate,24.313654645468603,0.9702962040901184,0.04263575002551079,0.030280262231826782
UHD-LL down4,,204_UHD_LL.JPG,full,25.267278490916524,0.9640023112297058,0.03084295243024826,0.014450311660766602
UHD-LL down4,,204_UHD_LL.JPG,retinex_base_only,14.262018375642578,0.8080951571464539,0.1114358901977539,0.08368168026208878
UHD-LL down4,,204_UHD_LL.JPG,without_residual_refinement,25.338937083885142,0.9491460919380188,0.038293030112981796,0.020506078377366066
UHD-LL down4,,204_UHD_LL.JPG,without_tapetum_update,13.847485980315614,0.8391903042793274,0.10959584265947342,0.08633890748023987
UHD-LL down4,,204_UHD_LL.JPG,without_attention_modulation,19.900148952943912,0.9588493704795837,0.059075728058815,0.036048173904418945
UHD-LL down4,,204_UHD_LL.JPG,without_spatial_amplification,14.219838738286503,0.8829660415649414,0.11447048932313919,0.09024964272975922
UHD-LL down4,,204_UHD_LL.JPG,without_high_frequency_cue,25.470191489293796,0.9644727110862732,0.03017762303352356,0.014085084199905396
UHD-LL down4,,204_UHD_LL.JPG,without_darkness_gate,27.169003258463885,0.9644582867622375,0.03770994767546654,0.03180934488773346
UHD-LL down4,,2068_UHD_LL.JPG,full,11.848953245250009,0.7630832195281982,0.300407350063324,0.1686723679304123
UHD-LL down4,,2068_UHD_LL.JPG,retinex_base_only,5.405664568784607,0.3829186260700226,0.45863813161849976,0.35805004835128784
UHD-LL down4,,2068_UHD_LL.JPG,without_residual_refinement,9.619024802794156,0.6263412833213806,0.3458847999572754,0.22480502724647522
UHD-LL down4,,2068_UHD_LL.JPG,without_tapetum_update,6.6753263785750585,0.5619429349899292,0.43128347396850586,0.31256580352783203
UHD-LL down4,,2068_UHD_LL.JPG,without_attention_modulation,11.914215711447419,0.7765328288078308,0.29545527696609497,0.16763034462928772
UHD-LL down4,,2068_UHD_LL.JPG,without_spatial_amplification,6.6184145609069445,0.5256110429763794,0.43720999360084534,0.3305964469909668
UHD-LL down4,,2068_UHD_LL.JPG,without_high_frequency_cue,11.852199674577369,0.7641981840133667,0.297838032245636,0.16956086456775665
UHD-LL down4,,2068_UHD_LL.JPG,without_darkness_gate,14.513125730499898,0.7803650498390198,0.2685149013996124,0.14665178954601288
UHD-LL down4,,2142_UHD_LL.JPG,full,30.090300375104626,0.9430521726608276,0.07276472449302673,0.030787674710154533
UHD-LL down4,,2142_UHD_LL.JPG,retinex_base_only,11.22256132010085,0.5568236112594604,0.1817242056131363,0.14528244733810425
UHD-LL down4,,2142_UHD_LL.JPG,without_residual_refinement,23.01778592879674,0.8248435854911804,0.077433280646801,0.03783819079399109
UHD-LL down4,,2142_UHD_LL.JPG,without_tapetum_update,13.507696386230023,0.8255409002304077,0.1669566035270691,0.11853562295436859
UHD-LL down4,,2142_UHD_LL.JPG,without_attention_modulation,30.11752151403622,0.9438456296920776,0.0724518895149231,0.03001321852207184
UHD-LL down4,,2142_UHD_LL.JPG,without_spatial_amplification,11.732717678268223,0.6750667691230774,0.18330416083335876,0.1400352120399475
UHD-LL down4,,2142_UHD_LL.JPG,without_high_frequency_cue,30.10710339526694,0.9433752298355103,0.07316175103187561,0.030743956565856934
UHD-LL down4,,2142_UHD_LL.JPG,without_darkness_gate,22.488768585321047,0.935892641544342,0.07791359722614288,0.03720169886946678
UHD-LL down4,,2145_UHD_LL.JPG,full,29.172239415919407,0.9641199111938477,0.04131488502025604,0.019195731729269028
UHD-LL down4,,2145_UHD_LL.JPG,retinex_base_only,8.619445502526226,0.6587631702423096,0.2353639006614685,0.18743856251239777
UHD-LL down4,,2145_UHD_LL.JPG,without_residual_refinement,19.324342240427253,0.9241465926170349,0.07367517799139023,0.04585036262869835
UHD-LL down4,,2145_UHD_LL.JPG,without_tapetum_update,10.609544412368553,0.8042469024658203,0.21133407950401306,0.15847665071487427
UHD-LL down4,,2145_UHD_LL.JPG,without_attention_modulation,29.234455087556107,0.9640138149261475,0.0396910160779953,0.018663261085748672
UHD-LL down4,,2145_UHD_LL.JPG,without_spatial_amplification,9.760880504913215,0.7453988194465637,0.2454628050327301,0.18803933262825012
UHD-LL down4,,2145_UHD_LL.JPG,without_high_frequency_cue,29.155561319188948,0.9636257290840149,0.04133263975381851,0.019431840628385544
UHD-LL down4,,2145_UHD_LL.JPG,without_darkness_gate,20.621714042521774,0.9492837190628052,0.07849349826574326,0.04491981863975525
UHD-LL down4,,223_UHD_LL.JPG,full,18.48046408042963,0.8679625391960144,0.07307201623916626,0.03302178904414177
UHD-LL down4,,223_UHD_LL.JPG,retinex_base_only,11.432135829967631,0.6074626445770264,0.19452349841594696,0.12525931000709534
UHD-LL down4,,223_UHD_LL.JPG,without_residual_refinement,16.618382329890128,0.8095113039016724,0.08740420639514923,0.0449293851852417
UHD-LL down4,,223_UHD_LL.JPG,without_tapetum_update,11.98915543991211,0.6728264093399048,0.1793668568134308,0.11973080039024353
UHD-LL down4,,223_UHD_LL.JPG,without_attention_modulation,24.00257341708575,0.9162400960922241,0.05902653560042381,0.02490943856537342
UHD-LL down4,,223_UHD_LL.JPG,without_spatial_amplification,11.078155849416811,0.5792471766471863,0.2581864297389984,0.1844748854637146
UHD-LL down4,,223_UHD_LL.JPG,without_high_frequency_cue,19.45039195074547,0.8791581392288208,0.07124432176351547,0.03011181205511093
UHD-LL down4,,223_UHD_LL.JPG,without_darkness_gate,23.9824521600357,0.903431236743927,0.08453720808029175,0.04296151548624039
UHD-LL down4,,230_UHD_LL.JPG,full,20.867912468711182,0.8736628890037537,0.09989272058010101,0.03482954949140549
UHD-LL down4,,230_UHD_LL.JPG,retinex_base_only,9.36357471120952,0.4652518033981323,0.2760334610939026,0.19194763898849487
UHD-LL down4,,230_UHD_LL.JPG,without_residual_refinement,15.953300495251831,0.8078755140304565,0.12193289399147034,0.055694323033094406
UHD-LL down4,,230_UHD_LL.JPG,without_tapetum_update,11.484267445457395,0.644611120223999,0.22018086910247803,0.1416492611169815
UHD-LL down4,,230_UHD_LL.JPG,without_attention_modulation,20.927088418945452,0.8745309114456177,0.09963586926460266,0.03614325821399689
UHD-LL down4,,230_UHD_LL.JPG,without_spatial_amplification,9.485964964625849,0.49335038661956787,0.32767605781555176,0.24024102091789246
UHD-LL down4,,230_UHD_LL.JPG,without_high_frequency_cue,20.98468674275965,0.8740227818489075,0.10039451718330383,0.036426983773708344
UHD-LL down4,,230_UHD_LL.JPG,without_darkness_gate,22.832499645690177,0.8793386816978455,0.10062723606824875,0.0518467091023922
UHD-LL down4,,231_UHD_LL.JPG,full,18.138230899211415,0.8600641489028931,0.08456604927778244,0.039181675761938095
UHD-LL down4,,231_UHD_LL.JPG,retinex_base_only,11.345165742606804,0.5911194086074829,0.20583543181419373,0.13304507732391357
UHD-LL down4,,231_UHD_LL.JPG,without_residual_refinement,16.033589743627644,0.7896572947502136,0.10099934786558151,0.052156396210193634
UHD-LL down4,,231_UHD_LL.JPG,without_tapetum_update,12.141012537761533,0.6746095418930054,0.18182604014873505,0.1205616444349289
UHD-LL down4,,231_UHD_LL.JPG,without_attention_modulation,22.646360024404075,0.9064231514930725,0.07418131828308105,0.034203771501779556
UHD-LL down4,,231_UHD_LL.JPG,without_spatial_amplification,11.008042583918144,0.5650488138198853,0.269817590713501,0.19219842553138733
UHD-LL down4,,231_UHD_LL.JPG,without_high_frequency_cue,18.897152381789525,0.8695138096809387,0.08321340382099152,0.03696738928556442
UHD-LL down4,,231_UHD_LL.JPG,without_darkness_gate,22.638964790990887,0.8922792673110962,0.10099902749061584,0.055230263620615005
UHD-LL down4,,240_UHD_LL.JPG,full,23.7257641834444,0.9059829115867615,0.06826498359441757,0.02139304205775261
UHD-LL down4,,240_UHD_LL.JPG,retinex_base_only,14.727630727780765,0.7689869403839111,0.12457391619682312,0.06704768538475037
UHD-LL down4,,240_UHD_LL.JPG,without_residual_refinement,25.259278870200347,0.9043513536453247,0.07075855135917664,0.01894090324640274
UHD-LL down4,,240_UHD_LL.JPG,without_tapetum_update,14.23583070854062,0.7598006129264832,0.13862483203411102,0.09047973901033401
UHD-LL down4,,240_UHD_LL.JPG,without_attention_modulation,28.76422031803848,0.9106634259223938,0.07794201374053955,0.02494760975241661
UHD-LL down4,,240_UHD_LL.JPG,without_spatial_amplification,14.085681991436001,0.7390191555023193,0.1858057975769043,0.12856373190879822
UHD-LL down4,,240_UHD_LL.JPG,without_high_frequency_cue,24.1764945029861,0.9077591300010681,0.06840888410806656,0.020232226699590683
UHD-LL down4,,240_UHD_LL.JPG,without_darkness_gate,23.15422173551042,0.8947060704231262,0.09645010530948639,0.044482771307229996
UHD-LL down4,,247_UHD_LL.JPG,full,20.242151095834934,0.8921672701835632,0.07124108076095581,0.03320208191871643
UHD-LL down4,,247_UHD_LL.JPG,retinex_base_only,12.803127075179255,0.6865308284759521,0.15930670499801636,0.1014154851436615
UHD-LL down4,,247_UHD_LL.JPG,without_residual_refinement,19.395048974685608,0.8653875589370728,0.07821433991193771,0.03464602679014206
UHD-LL down4,,247_UHD_LL.JPG,without_tapetum_update,12.925919985541036,0.7163648009300232,0.15947791934013367,0.11087781935930252
UHD-LL down4,,247_UHD_LL.JPG,without_attention_modulation,27.028280007408014,0.9190540313720703,0.07039928436279297,0.030852584168314934
UHD-LL down4,,247_UHD_LL.JPG,without_spatial_amplification,12.311637274400507,0.654461145401001,0.2233213484287262,0.1635095477104187
UHD-LL down4,,247_UHD_LL.JPG,without_high_frequency_cue,21.004764340625908,0.8982919454574585,0.0700208842754364,0.030215147882699966
UHD-LL down4,,247_UHD_LL.JPG,without_darkness_gate,24.865911070244344,0.9043428301811218,0.09588801860809326,0.0530044361948967
UHD-LL down4,,272_UHD_LL.JPG,full,29.486921632725874,0.9793526530265808,0.033620551228523254,0.01036983821541071
UHD-LL down4,,272_UHD_LL.JPG,retinex_base_only,14.431537138845947,0.8893388509750366,0.1145763173699379,0.07412725687026978
UHD-LL down4,,272_UHD_LL.JPG,without_residual_refinement,37.09115992646335,0.979566752910614,0.029139116406440735,0.008795037865638733
UHD-LL down4,,272_UHD_LL.JPG,without_tapetum_update,13.936415589289828,0.8869593739509583,0.13749054074287415,0.09192107617855072
UHD-LL down4,,272_UHD_LL.JPG,without_attention_modulation,17.955815006446652,0.9553184509277344,0.0837780311703682,0.052502796053886414
UHD-LL down4,,272_UHD_LL.JPG,without_spatial_amplification,13.90698658184142,0.8723879456520081,0.16727657616138458,0.12904629111289978
UHD-LL down4,,272_UHD_LL.JPG,without_high_frequency_cue,24.760103683764637,0.9746319055557251,0.04007655754685402,0.01757584512233734
UHD-LL down4,,272_UHD_LL.JPG,without_darkness_gate,12.792035816563256,0.9250874519348145,0.15009060502052307,0.1186397522687912
UHD-LL down4,,278_UHD_LL.JPG,full,36.210207991251295,0.9786295890808105,0.04191257804632187,0.013540582731366158
UHD-LL down4,,278_UHD_LL.JPG,retinex_base_only,9.505158475885953,0.6730393767356873,0.2286524772644043,0.1687665581703186
UHD-LL down4,,278_UHD_LL.JPG,without_residual_refinement,21.652793447605326,0.9534021615982056,0.060501448810100555,0.026599422097206116
UHD-LL down4,,278_UHD_LL.JPG,without_tapetum_update,11.594835421118876,0.8151133060455322,0.203591987490654,0.14075696468353271
UHD-LL down4,,278_UHD_LL.JPG,without_attention_modulation,35.37692586578425,0.9774163961410522,0.04298419877886772,0.014401950873434544
UHD-LL down4,,278_UHD_LL.JPG,without_spatial_amplification,9.141619898979172,0.6463245749473572,0.2650584876537323,0.21713095903396606
UHD-LL down4,,278_UHD_LL.JPG,without_high_frequency_cue,36.01544125149051,0.9783470630645752,0.04189508408308029,0.013476604595780373
UHD-LL down4,,278_UHD_LL.JPG,without_darkness_gate,19.758600837336513,0.9658480286598206,0.07498414814472198,0.04398445785045624
UHD-LL down4,,286_UHD_LL.JPG,full,27.764356932191788,0.9670642614364624,0.04443560540676117,0.019129306077957153
UHD-LL down4,,286_UHD_LL.JPG,retinex_base_only,10.166031722991907,0.7196297645568848,0.20866617560386658,0.15416112542152405
UHD-LL down4,,286_UHD_LL.JPG,without_residual_refinement,26.740430004386575,0.9583317041397095,0.04895615205168724,0.021618157625198364
UHD-LL down4,,286_UHD_LL.JPG,without_tapetum_update,12.595514858221781,0.8534775972366333,0.18253228068351746,0.13034315407276154
UHD-LL down4,,286_UHD_LL.JPG,without_attention_modulation,27.59886854595987,0.9655790328979492,0.04524462670087814,0.01956465095281601
UHD-LL down4,,286_UHD_LL.JPG,without_spatial_amplification,10.43120667369367,0.7427470684051514,0.24719274044036865,0.1980573534965515
UHD-LL down4,,286_UHD_LL.JPG,without_high_frequency_cue,27.749735202360508,0.9669246673583984,0.04438523203134537,0.019046053290367126
UHD-LL down4,,286_UHD_LL.JPG,without_darkness_gate,15.938041269653013,0.9391062259674072,0.1037905365228653,0.06787422299385071
UHD-LL down4,,288_UHD_LL.JPG,full,26.93954128380153,0.9121986031532288,0.10137772560119629,0.03527417406439781
UHD-LL down4,,288_UHD_LL.JPG,retinex_base_only,10.54780830040891,0.6490025520324707,0.16832518577575684,0.1152009665966034
UHD-LL down4,,288_UHD_LL.JPG,without_residual_refinement,24.416200336942925,0.9109680652618408,0.10957097262144089,0.038243092596530914
UHD-LL down4,,288_UHD_LL.JPG,without_tapetum_update,13.099394575970635,0.7748363018035889,0.14623306691646576,0.0962362140417099
UHD-LL down4,,288_UHD_LL.JPG,without_attention_modulation,26.846389971834654,0.9114670157432556,0.10186304152011871,0.035982754081487656
UHD-LL down4,,288_UHD_LL.JPG,without_spatial_amplification,10.463931511732598,0.6351174116134644,0.19767077267169952,0.1472470462322235
UHD-LL down4,,288_UHD_LL.JPG,without_high_frequency_cue,26.919090050257388,0.9120333194732666,0.10115160048007965,0.03524807468056679
UHD-LL down4,,288_UHD_LL.JPG,without_darkness_gate,18.242854739501194,0.8762807250022888,0.1359037458896637,0.04582945257425308
UHD-LL down4,,28_UHD_LL.JPG,full,17.390248153227446,0.9332237839698792,0.05820539593696594,0.038443922996520996
UHD-LL down4,,28_UHD_LL.JPG,retinex_base_only,8.922194272349097,0.6780799627304077,0.20713800191879272,0.1593244969844818
UHD-LL down4,,28_UHD_LL.JPG,without_residual_refinement,15.007151352766378,0.8874197602272034,0.08102776855230331,0.05810420960187912
UHD-LL down4,,28_UHD_LL.JPG,without_tapetum_update,9.30178694311768,0.7181615829467773,0.19712933897972107,0.14929534494876862
UHD-LL down4,,28_UHD_LL.JPG,without_attention_modulation,24.48230793205624,0.9631750583648682,0.026823919266462326,0.018549975007772446
UHD-LL down4,,28_UHD_LL.JPG,without_spatial_amplification,8.650650911273871,0.6625474095344543,0.2377493977546692,0.19194257259368896
UHD-LL down4,,28_UHD_LL.JPG,without_high_frequency_cue,19.759355006649933,0.9501922726631165,0.04215717688202858,0.028533663600683212
UHD-LL down4,,28_UHD_LL.JPG,without_darkness_gate,23.202879194043355,0.9514200687408447,0.0421781912446022,0.036544255912303925
UHD-LL down4,,292_UHD_LL.JPG,full,21.703389328222435,0.9396167397499084,0.078948974609375,0.03288782015442848
UHD-LL down4,,292_UHD_LL.JPG,retinex_base_only,9.68411688388294,0.5221289992332458,0.25442689657211304,0.1963728666305542
UHD-LL down4,,292_UHD_LL.JPG,without_residual_refinement,16.303310061365444,0.835830569267273,0.11585388332605362,0.06324202567338943
UHD-LL down4,,292_UHD_LL.JPG,without_tapetum_update,11.629396049102674,0.7493504285812378,0.21536190807819366,0.16084207594394684
UHD-LL down4,,292_UHD_LL.JPG,without_attention_modulation,24.050932014570044,0.9485803842544556,0.06808044761419296,0.027119651436805725
UHD-LL down4,,292_UHD_LL.JPG,without_spatial_amplification,9.548203740772077,0.5661618113517761,0.24945604801177979,0.20334263145923615
UHD-LL down4,,292_UHD_LL.JPG,without_high_frequency_cue,21.71579993802861,0.939869225025177,0.07979100197553635,0.032958243042230606
UHD-LL down4,,292_UHD_LL.JPG,without_darkness_gate,26.690224640938656,0.9565409421920776,0.0651160255074501,0.02784714289009571
UHD-LL down4,,29_UHD_LL.JPG,full,29.822805294374394,0.9389137029647827,0.07219724357128143,0.022305727005004883
UHD-LL down4,,29_UHD_LL.JPG,retinex_base_only,10.479117020982764,0.6546070575714111,0.24498625099658966,0.16583622992038727
UHD-LL down4,,29_UHD_LL.JPG,without_residual_refinement,25.341788439457005,0.8824847340583801,0.07997329533100128,0.02969837561249733
UHD-LL down4,,29_UHD_LL.JPG,without_tapetum_update,12.827663502911237,0.8382174372673035,0.19869913160800934,0.1309775710105896
UHD-LL down4,,29_UHD_LL.JPG,without_attention_modulation,29.476293747883577,0.9359698295593262,0.07423285394906998,0.02208097092807293
UHD-LL down4,,29_UHD_LL.JPG,without_spatial_amplification,11.401870943059983,0.719587504863739,0.2627151906490326,0.19005230069160461
UHD-LL down4,,29_UHD_LL.JPG,without_high_frequency_cue,29.797569020557575,0.9383388757705688,0.07199323922395706,0.021996084600687027
UHD-LL down4,,29_UHD_LL.JPG,without_darkness_gate,16.737539072716903,0.9150364995002747,0.11082585155963898,0.052445292472839355
UHD-LL down4,,306_UHD_LL.JPG,full,26.842548230687502,0.9527367949485779,0.06992846727371216,0.034532055258750916
UHD-LL down4,,306_UHD_LL.JPG,retinex_base_only,8.923773448908689,0.6116296648979187,0.24129252135753632,0.1917218267917633
UHD-LL down4,,306_UHD_LL.JPG,without_residual_refinement,18.39624704859771,0.9064264297485352,0.09293971955776215,0.05474559962749481
UHD-LL down4,,306_UHD_LL.JPG,without_tapetum_update,10.994832133930041,0.7766088843345642,0.2178046703338623,0.1695478856563568
UHD-LL down4,,306_UHD_LL.JPG,without_attention_modulation,26.83930957074981,0.9523770213127136,0.07017320394515991,0.034352317452430725
UHD-LL down4,,306_UHD_LL.JPG,without_spatial_amplification,10.67964359915262,0.74370938539505,0.22945460677146912,0.18114638328552246
UHD-LL down4,,306_UHD_LL.JPG,without_high_frequency_cue,26.844367218919455,0.9528133273124695,0.0695849359035492,0.03424876928329468
UHD-LL down4,,306_UHD_LL.JPG,without_darkness_gate,25.40612561539465,0.9471789002418518,0.09547379612922668,0.05181475356221199
UHD-LL down4,,345_UHD_LL.JPG,full,26.38472852133168,0.9508113265037537,0.027820266783237457,0.011497020721435547
UHD-LL down4,,345_UHD_LL.JPG,retinex_base_only,13.741247347039852,0.8616708517074585,0.08740527927875519,0.06613952666521072
UHD-LL down4,,345_UHD_LL.JPG,without_residual_refinement,27.03023258606692,0.9513117074966431,0.028891511261463165,0.012103624641895294
UHD-LL down4,,345_UHD_LL.JPG,without_tapetum_update,12.743131112829005,0.8340926170349121,0.10839549452066422,0.08743039518594742
UHD-LL down4,,345_UHD_LL.JPG,without_attention_modulation,19.57120795889928,0.9402122497558594,0.05852825939655304,0.03400491923093796
UHD-LL down4,,345_UHD_LL.JPG,without_spatial_amplification,13.306470494724019,0.8434497117996216,0.13491830229759216,0.11478479206562042
UHD-LL down4,,345_UHD_LL.JPG,without_high_frequency_cue,26.73319126766545,0.9515960216522217,0.026881475001573563,0.011323824524879456
UHD-LL down4,,345_UHD_LL.JPG,without_darkness_gate,14.651906227316633,0.8680902719497681,0.14152397215366364,0.0884501039981842
UHD-LL down4,,353_UHD_LL.JPG,full,17.208725472718413,0.9205445647239685,0.14767839014530182,0.08916164189577103
UHD-LL down4,,353_UHD_LL.JPG,retinex_base_only,7.647074732472263,0.5955782532691956,0.3556053042411804,0.285195529460907
UHD-LL down4,,353_UHD_LL.JPG,without_residual_refinement,13.406214767297453,0.8585760593414307,0.1955556869506836,0.13210779428482056
UHD-LL down4,,353_UHD_LL.JPG,without_tapetum_update,9.306193916502629,0.7254087924957275,0.30645427107810974,0.226562961935997
UHD-LL down4,,353_UHD_LL.JPG,without_attention_modulation,20.16866484517696,0.93886798620224,0.12553836405277252,0.08182187378406525
UHD-LL down4,,353_UHD_LL.JPG,without_spatial_amplification,7.388863621467064,0.5725666284561157,0.3802366554737091,0.3251833915710449
UHD-LL down4,,353_UHD_LL.JPG,without_high_frequency_cue,17.22154520235806,0.9208477735519409,0.14802949130535126,0.09018224477767944
UHD-LL down4,,353_UHD_LL.JPG,without_darkness_gate,21.015317851820107,0.9375498294830322,0.13319379091262817,0.09924829006195068
UHD-LL down4,,371_UHD_LL.JPG,full,27.153093835029438,0.8872321844100952,0.12555597722530365,0.04218706861138344
UHD-LL down4,,371_UHD_LL.JPG,retinex_base_only,10.422101984819898,0.6273383498191833,0.18962983787059784,0.1245124414563179
UHD-LL down4,,371_UHD_LL.JPG,without_residual_refinement,23.266419514313583,0.8838708996772766,0.1343877762556076,0.04593842476606369
UHD-LL down4,,371_UHD_LL.JPG,without_tapetum_update,12.926451259401377,0.7539133429527283,0.1652856469154358,0.10273704677820206
UHD-LL down4,,371_UHD_LL.JPG,without_attention_modulation,27.036932718767698,0.8864366412162781,0.1262872815132141,0.04287859424948692
UHD-LL down4,,371_UHD_LL.JPG,without_spatial_amplification,10.113815382803924,0.5947374701499939,0.22252774238586426,0.1621822565793991
UHD-LL down4,,371_UHD_LL.JPG,without_high_frequency_cue,27.119471686308344,0.8869683146476746,0.12537764012813568,0.04222101718187332
UHD-LL down4,,371_UHD_LL.JPG,without_darkness_gate,18.840183978436443,0.8502042889595032,0.16150078177452087,0.05519283190369606
UHD-LL down4,,375_UHD_LL.JPG,full,21.594092771747427,0.9095343947410583,0.114820197224617,0.08354082703590393
UHD-LL down4,,375_UHD_LL.JPG,retinex_base_only,9.509308048496372,0.47069525718688965,0.282434344291687,0.2314460426568985
UHD-LL down4,,375_UHD_LL.JPG,without_residual_refinement,16.34901356324197,0.7860937714576721,0.1330764889717102,0.10173892229795456
UHD-LL down4,,375_UHD_LL.JPG,without_tapetum_update,11.352136888128326,0.6952341198921204,0.2815958559513092,0.22968530654907227
UHD-LL down4,,375_UHD_LL.JPG,without_attention_modulation,21.61244010576263,0.9103404879570007,0.11440975219011307,0.08309554308652878
UHD-LL down4,,375_UHD_LL.JPG,without_spatial_amplification,9.98847592096055,0.5617425441741943,0.2898690402507782,0.2384999692440033
UHD-LL down4,,375_UHD_LL.JPG,without_high_frequency_cue,21.59985500496208,0.9097309112548828,0.1151713877916336,0.08363880962133408
UHD-LL down4,,375_UHD_LL.JPG,without_darkness_gate,24.604038352069875,0.9257439374923706,0.10335575044155121,0.0834382176399231
UHD-LL down4,,385_UHD_LL.JPG,full,27.666976351552268,0.9679678082466125,0.023290403187274933,0.008217142894864082
UHD-LL down4,,385_UHD_LL.JPG,retinex_base_only,14.652679775961634,0.8747841715812683,0.07974512875080109,0.050812914967536926
UHD-LL down4,,385_UHD_LL.JPG,without_residual_refinement,34.80141435419362,0.9692717790603638,0.019718851894140244,0.006274969317018986
UHD-LL down4,,385_UHD_LL.JPG,without_tapetum_update,14.454908978607254,0.8726715445518494,0.095718614757061,0.0609937384724617
UHD-LL down4,,385_UHD_LL.JPG,without_attention_modulation,17.576994008182385,0.9415042996406555,0.0627366378903389,0.037259627133607864
UHD-LL down4,,385_UHD_LL.JPG,without_spatial_amplification,14.102602004822254,0.8523268699645996,0.13947109878063202,0.11212155222892761
UHD-LL down4,,385_UHD_LL.JPG,without_high_frequency_cue,21.8407886954002,0.9595515727996826,0.034689534455537796,0.017187459394335747
UHD-LL down4,,385_UHD_LL.JPG,without_darkness_gate,13.530109363205016,0.9053887724876404,0.1129133403301239,0.07368642091751099
UHD-LL down4,,389_UHD_LL.JPG,full,30.00722201450238,0.9566634297370911,0.03313744068145752,0.011111021973192692
UHD-LL down4,,389_UHD_LL.JPG,retinex_base_only,11.22426990009285,0.7335755825042725,0.13809481263160706,0.09172102808952332
UHD-LL down4,,389_UHD_LL.JPG,without_residual_refinement,25.403860876553644,0.9488986730575562,0.03480393812060356,0.012086320668458939
UHD-LL down4,,389_UHD_LL.JPG,without_tapetum_update,12.56736118252599,0.8019753694534302,0.12926828861236572,0.07932773977518082
UHD-LL down4,,389_UHD_LL.JPG,without_attention_modulation,22.99458056491245,0.9503060579299927,0.04082253947854042,0.016671957448124886
UHD-LL down4,,389_UHD_LL.JPG,without_spatial_amplification,10.81876699333544,0.7040426731109619,0.20090806484222412,0.15598338842391968
UHD-LL down4,,389_UHD_LL.JPG,without_high_frequency_cue,29.319182266586644,0.9556559324264526,0.032957784831523895,0.01125083863735199
UHD-LL down4,,389_UHD_LL.JPG,without_darkness_gate,17.455862392129614,0.9292960166931152,0.0730862244963646,0.04162877798080444
UHD-LL down4,,394_UHD_LL.JPG,full,31.052827318083626,0.9449702501296997,0.04883985593914986,0.015907686203718185
UHD-LL down4,,394_UHD_LL.JPG,retinex_base_only,10.153462846896455,0.6548606157302856,0.17565768957138062,0.12264645099639893
UHD-LL down4,,394_UHD_LL.JPG,without_residual_refinement,23.749354281946495,0.9336581826210022,0.05277598649263382,0.019621342420578003
UHD-LL down4,,394_UHD_LL.JPG,without_tapetum_update,12.59912615008668,0.7891473770141602,0.15565183758735657,0.09743456542491913
UHD-LL down4,,394_UHD_LL.JPG,without_attention_modulation,30.90441161949069,0.9444817304611206,0.048112403601408005,0.016185089945793152
UHD-LL down4,,394_UHD_LL.JPG,without_spatial_amplification,9.95222098344591,0.6355726718902588,0.22371920943260193,0.17336881160736084
UHD-LL down4,,394_UHD_LL.JPG,without_high_frequency_cue,31.013674995898036,0.9448714852333069,0.04854900389909744,0.015817444771528244
UHD-LL down4,,394_UHD_LL.JPG,without_darkness_gate,18.821733293092944,0.9246652126312256,0.08161287009716034,0.04006302356719971
UHD-LL down4,,399_UHD_LL.JPG,full,25.038644377355027,0.8971050381660461,0.12180086225271225,0.053002893924713135
UHD-LL down4,,399_UHD_LL.JPG,retinex_base_only,9.225932809282234,0.5616207122802734,0.23595227301120758,0.17555835843086243
UHD-LL down4,,399_UHD_LL.JPG,without_residual_refinement,18.03892872399368,0.8623566627502441,0.14426405727863312,0.07163190841674805
UHD-LL down4,,399_UHD_LL.JPG,without_tapetum_update,11.396467423983536,0.7116568684577942,0.20728974044322968,0.14506158232688904
UHD-LL down4,,399_UHD_LL.JPG,without_attention_modulation,25.032809876383787,0.896895170211792,0.12093600630760193,0.05342673510313034
UHD-LL down4,,399_UHD_LL.JPG,without_spatial_amplification,9.486149515106401,0.5815737247467041,0.26313555240631104,0.201320081949234
UHD-LL down4,,399_UHD_LL.JPG,without_high_frequency_cue,25.03950940293899,0.8971133828163147,0.12166529893875122,0.05293263867497444
UHD-LL down4,,399_UHD_LL.JPG,without_darkness_gate,25.784378112589586,0.8910868167877197,0.14256224036216736,0.06177854165434837
UHD-LL down4,,40_UHD_LL.JPG,full,26.596640051436754,0.9295474290847778,0.09889575839042664,0.04383166506886482
UHD-LL down4,,40_UHD_LL.JPG,retinex_base_only,10.715838612494109,0.6593955159187317,0.2583135962486267,0.179438054561615
UHD-LL down4,,40_UHD_LL.JPG,without_residual_refinement,26.243104722331232,0.8710123896598816,0.10385508090257645,0.0502932071685791
UHD-LL down4,,40_UHD_LL.JPG,without_tapetum_update,13.137006906557538,0.8397657871246338,0.21403275430202484,0.14225555956363678
UHD-LL down4,,40_UHD_LL.JPG,without_attention_modulation,26.44483312207572,0.9278542995452881,0.1001901924610138,0.04236743971705437
UHD-LL down4,,40_UHD_LL.JPG,without_spatial_amplification,12.259615255878106,0.7501744031906128,0.24922895431518555,0.16925446689128876
UHD-LL down4,,40_UHD_LL.JPG,without_high_frequency_cue,26.592724979465995,0.9293117523193359,0.0989856868982315,0.04346473515033722
UHD-LL down4,,40_UHD_LL.JPG,without_darkness_gate,15.841025768599877,0.9030545949935913,0.14381861686706543,0.07805749028921127
UHD-LL down4,,425_UHD_LL.JPG,full,18.408596951777557,0.8139376044273376,0.08454731106758118,0.04854532331228256
UHD-LL down4,,425_UHD_LL.JPG,retinex_base_only,9.755260956019924,0.360432893037796,0.25335416197776794,0.19809621572494507
UHD-LL down4,,425_UHD_LL.JPG,without_residual_refinement,14.7184222855525,0.65373694896698,0.11135885864496231,0.06895904242992401
UHD-LL down4,,425_UHD_LL.JPG,without_tapetum_update,11.607063030631885,0.5833768844604492,0.20426014065742493,0.16042593121528625
UHD-LL down4,,425_UHD_LL.JPG,without_attention_modulation,19.169681769055792,0.8249342441558838,0.08641374856233597,0.05644267052412033
UHD-LL down4,,425_UHD_LL.JPG,without_spatial_amplification,9.840978345530747,0.4045487642288208,0.2727592885494232,0.215376079082489
UHD-LL down4,,425_UHD_LL.JPG,without_high_frequency_cue,18.509917415937295,0.8138498067855835,0.08795766532421112,0.0509493462741375
UHD-LL down4,,425_UHD_LL.JPG,without_darkness_gate,20.91079710565549,0.8283143043518066,0.08398661017417908,0.045356884598731995
UHD-LL down4,,434_UHD_LL.JPG,full,25.23208204715708,0.9561654329299927,0.018543381243944168,0.009185933507978916
UHD-LL down4,,434_UHD_LL.JPG,retinex_base_only,18.502612047842323,0.9099584221839905,0.035470858216285706,0.022381369024515152
UHD-LL down4,,434_UHD_LL.JPG,without_residual_refinement,25.23638761575762,0.9596959948539734,0.01896161586046219,0.011033257469534874
UHD-LL down4,,434_UHD_LL.JPG,without_tapetum_update,17.536313952964907,0.9002649188041687,0.0553855299949646,0.041454754769802094
UHD-LL down4,,434_UHD_LL.JPG,without_attention_modulation,16.402791221621374,0.9011914134025574,0.04725387692451477,0.029595226049423218
UHD-LL down4,,434_UHD_LL.JPG,without_spatial_amplification,17.784908225706108,0.8892287015914917,0.09089641273021698,0.075033038854599
UHD-LL down4,,434_UHD_LL.JPG,without_high_frequency_cue,22.730845925281322,0.947202742099762,0.021041251718997955,0.011843466199934483
UHD-LL down4,,434_UHD_LL.JPG,without_darkness_gate,13.614285307435548,0.8718858361244202,0.07917078584432602,0.05070451274514198
UHD-LL down4,,441_UHD_LL.JPG,full,15.559266115501627,0.763113260269165,0.1880878061056137,0.15268996357917786
UHD-LL down4,,441_UHD_LL.JPG,retinex_base_only,8.477583571438947,0.2914145588874817,0.33772069215774536,0.3046085834503174
UHD-LL down4,,441_UHD_LL.JPG,without_residual_refinement,12.504197314770348,0.5303007364273071,0.22712725400924683,0.18727663159370422
UHD-LL down4,,441_UHD_LL.JPG,without_tapetum_update,10.109380234564027,0.5581763982772827,0.3088569939136505,0.2629883587360382
UHD-LL down4,,441_UHD_LL.JPG,without_attention_modulation,15.563755991860369,0.7636551260948181,0.18793171644210815,0.15250122547149658
UHD-LL down4,,441_UHD_LL.JPG,without_spatial_amplification,9.919291398182374,0.49460503458976746,0.3432905375957489,0.2923411428928375
UHD-LL down4,,441_UHD_LL.JPG,without_high_frequency_cue,15.560301784124867,0.7633217573165894,0.18964894115924835,0.15287548303604126
UHD-LL down4,,441_UHD_LL.JPG,without_darkness_gate,16.37198485147338,0.7811762094497681,0.1807330846786499,0.14959634840488434
UHD-LL down4,,442_UHD_LL.JPG,full,26.376769389571493,0.9746653437614441,0.0292827021330595,0.01063025463372469
UHD-LL down4,,442_UHD_LL.JPG,retinex_base_only,15.955027326807734,0.8627721667289734,0.08087015897035599,0.04912734776735306
UHD-LL down4,,442_UHD_LL.JPG,without_residual_refinement,32.843233667110084,0.9773784875869751,0.02436763420701027,0.006962144281715155
UHD-LL down4,,442_UHD_LL.JPG,without_tapetum_update,18.01586707354807,0.9225406646728516,0.07267151027917862,0.040778420865535736
UHD-LL down4,,442_UHD_LL.JPG,without_attention_modulation,18.3785815733754,0.9463683366775513,0.05419684201478958,0.028067443519830704
UHD-LL down4,,442_UHD_LL.JPG,without_spatial_amplification,15.421340053435566,0.8521211743354797,0.16768047213554382,0.11849797517061234
UHD-LL down4,,442_UHD_LL.JPG,without_high_frequency_cue,21.084660630826214,0.958922266960144,0.038784537464380264,0.017593275755643845
UHD-LL down4,,442_UHD_LL.JPG,without_darkness_gate,14.540509338230763,0.9126952886581421,0.09483682364225388,0.055531617254018784
UHD-LL down4,,453_UHD_LL.JPG,full,31.65031590774429,0.9635565280914307,0.01764892414212227,0.006235568318516016
UHD-LL down4,,453_UHD_LL.JPG,retinex_base_only,14.688769944646058,0.8081762790679932,0.06735961884260178,0.047318506985902786
UHD-LL down4,,453_UHD_LL.JPG,without_residual_refinement,30.39373409559506,0.9550356268882751,0.017823757603764534,0.006668840069323778
UHD-LL down4,,453_UHD_LL.JPG,without_tapetum_update,15.021355335069659,0.8421576023101807,0.07595046609640121,0.05555752292275429
UHD-LL down4,,453_UHD_LL.JPG,without_attention_modulation,20.03142991153569,0.9341980218887329,0.031197788193821907,0.016821207478642464
UHD-LL down4,,453_UHD_LL.JPG,without_spatial_amplification,14.192579068336626,0.7830723524093628,0.1267927587032318,0.10988786816596985
UHD-LL down4,,453_UHD_LL.JPG,without_high_frequency_cue,25.54082945088339,0.9547649025917053,0.019553853198885918,0.008115263655781746
UHD-LL down4,,453_UHD_LL.JPG,without_darkness_gate,16.33473779223388,0.9165744185447693,0.053686123341321945,0.033558622002601624
UHD-LL down4,,457_UHD_LL.JPG,full,31.602755078735257,0.9489516019821167,0.03403621166944504,0.012481359764933586
UHD-LL down4,,457_UHD_LL.JPG,retinex_base_only,10.864072880718767,0.5734208822250366,0.14670637249946594,0.11384698748588562
UHD-LL down4,,457_UHD_LL.JPG,without_residual_refinement,21.784093850257477,0.8932057023048401,0.04169336333870888,0.01764628291130066
UHD-LL down4,,457_UHD_LL.JPG,without_tapetum_update,13.293912568910084,0.7729766368865967,0.11832079291343689,0.08619296550750732
UHD-LL down4,,457_UHD_LL.JPG,without_attention_modulation,31.0427116116642,0.9466039538383484,0.03427111729979515,0.012522734701633453
UHD-LL down4,,457_UHD_LL.JPG,without_spatial_amplification,10.684060133053254,0.5648428797721863,0.199326753616333,0.17165525257587433
UHD-LL down4,,457_UHD_LL.JPG,without_high_frequency_cue,31.11123315063405,0.9451078772544861,0.03386804461479187,0.012640655972063541
UHD-LL down4,,457_UHD_LL.JPG,without_darkness_gate,20.790598998751335,0.9322871565818787,0.047904130071401596,0.026985589414834976
UHD-LL down4,,462_UHD_LL.JPG,full,26.834122196780793,0.9252632260322571,0.06416994333267212,0.02507878839969635
UHD-LL down4,,462_UHD_LL.JPG,retinex_base_only,10.205442050137039,0.5025139451026917,0.18516655266284943,0.14040450751781464
UHD-LL down4,,462_UHD_LL.JPG,without_residual_refinement,18.842951475411528,0.8279675245285034,0.07835069298744202,0.035505034029483795
UHD-LL down4,,462_UHD_LL.JPG,without_tapetum_update,12.45765069798473,0.7235540151596069,0.15781471133232117,0.11818277835845947
UHD-LL down4,,462_UHD_LL.JPG,without_attention_modulation,26.83217292071406,0.9236059784889221,0.06473106145858765,0.025178059935569763
UHD-LL down4,,462_UHD_LL.JPG,without_spatial_amplification,11.543014953958748,0.6291605830192566,0.18733589351177216,0.1325162649154663
UHD-LL down4,,462_UHD_LL.JPG,without_high_frequency_cue,26.836364677971446,0.924593448638916,0.06391987949609756,0.025416947901248932
UHD-LL down4,,462_UHD_LL.JPG,without_darkness_gate,24.06704280542702,0.9181918501853943,0.07115454971790314,0.03608623147010803
UHD-LL down4,,47_UHD_LL.JPG,full,27.048909283605113,0.9275743961334229,0.098955437541008,0.0407748743891716
UHD-LL down4,,47_UHD_LL.JPG,retinex_base_only,10.659046089927347,0.655260443687439,0.260362446308136,0.17961034178733826
UHD-LL down4,,47_UHD_LL.JPG,without_residual_refinement,25.933282526814555,0.8682170510292053,0.1050219014286995,0.048082806169986725
UHD-LL down4,,47_UHD_LL.JPG,without_tapetum_update,13.063071301378884,0.8361531496047974,0.21671351790428162,0.14141911268234253
UHD-LL down4,,47_UHD_LL.JPG,without_attention_modulation,26.90902475174005,0.9257827997207642,0.10005782544612885,0.03920949995517731
UHD-LL down4,,47_UHD_LL.JPG,without_spatial_amplification,12.258746444700424,0.7496039271354675,0.24921062588691711,0.16703277826309204
UHD-LL down4,,47_UHD_LL.JPG,without_high_frequency_cue,27.04687503433547,0.9274568557739258,0.09900470823049545,0.040572650730609894
UHD-LL down4,,47_UHD_LL.JPG,without_darkness_gate,16.01493904251987,0.9017122983932495,0.1430894434452057,0.0746641755104065
UHD-LL down4,,499_UHD_LL.JPG,full,23.65570805235762,0.9598744511604309,0.04018596559762955,0.017081744968891144
UHD-LL down4,,499_UHD_LL.JPG,retinex_base_only,12.743205050797615,0.7331995964050293,0.15540610253810883,0.10721343010663986
UHD-LL down4,,499_UHD_LL.JPG,without_residual_refinement,34.28276814524617,0.9735440611839294,0.03418956696987152,0.011916110292077065
UHD-LL down4,,499_UHD_LL.JPG,without_tapetum_update,15.90425047611375,0.8844184279441833,0.11435561627149582,0.07522153854370117
UHD-LL down4,,499_UHD_LL.JPG,without_attention_modulation,23.01866928059818,0.9579106569290161,0.04118118807673454,0.01708456687629223
UHD-LL down4,,499_UHD_LL.JPG,without_spatial_amplification,12.42907996832346,0.7240878939628601,0.2372770607471466,0.17838242650032043
UHD-LL down4,,499_UHD_LL.JPG,without_high_frequency_cue,23.373782923730786,0.9574130177497864,0.040258247405290604,0.01660497486591339
UHD-LL down4,,499_UHD_LL.JPG,without_darkness_gate,16.725817177116568,0.9268427491188049,0.07585760951042175,0.04092147946357727
UHD-LL down4,,507_UHD_LL.JPG,full,19.253969745454693,0.8984119296073914,0.16308936476707458,0.07912801206111908
UHD-LL down4,,507_UHD_LL.JPG,retinex_base_only,11.778791504338928,0.2880887985229492,0.22766424715518951,0.18279020488262177
UHD-LL down4,,507_UHD_LL.JPG,without_residual_refinement,15.921671061624984,0.5235959887504578,0.1167088970541954,0.0673433169722557
UHD-LL down4,,507_UHD_LL.JPG,without_tapetum_update,13.779636939355564,0.7876832485198975,0.2124360054731369,0.1572505235671997
UHD-LL down4,,507_UHD_LL.JPG,without_attention_modulation,19.384159767396312,0.8894014954566956,0.17719867825508118,0.08343998342752457
UHD-LL down4,,507_UHD_LL.JPG,without_spatial_amplification,13.718054439727874,0.5616326928138733,0.2414889633655548,0.19487273693084717
UHD-LL down4,,507_UHD_LL.JPG,without_high_frequency_cue,19.254283135294692,0.8993648886680603,0.16209900379180908,0.07914750277996063
UHD-LL down4,,507_UHD_LL.JPG,without_darkness_gate,19.6763659681251,0.9072233438491821,0.1619429886341095,0.07706595212221146
UHD-LL down4,,545_UHD_LL.JPG,full,26.884888362417865,0.9492054581642151,0.08270033448934555,0.033904340118169785
UHD-LL down4,,545_UHD_LL.JPG,retinex_base_only,11.896527548404379,0.6818221211433411,0.21424293518066406,0.14730104804039001
UHD-LL down4,,545_UHD_LL.JPG,without_residual_refinement,26.141366210179893,0.9536615610122681,0.08385632932186127,0.03548978641629219
UHD-LL down4,,545_UHD_LL.JPG,without_tapetum_update,14.838619490633839,0.84907066822052,0.17061126232147217,0.11518289148807526
UHD-LL down4,,545_UHD_LL.JPG,without_attention_modulation,26.847786299139123,0.9489908218383789,0.08249100297689438,0.031613122671842575
UHD-LL down4,,545_UHD_LL.JPG,without_spatial_amplification,13.18486535933772,0.7839019298553467,0.20693154633045197,0.15115238726139069
UHD-LL down4,,545_UHD_LL.JPG,without_high_frequency_cue,26.868853608664352,0.9491546154022217,0.08230260759592056,0.033087462186813354
UHD-LL down4,,545_UHD_LL.JPG,without_darkness_gate,19.679080750337526,0.9282910823822021,0.10374761372804642,0.0456962063908577
UHD-LL down4,,54_UHD_LL.JPG,full,27.564752598269635,0.9262079000473022,0.0987287387251854,0.041237011551856995
UHD-LL down4,,54_UHD_LL.JPG,retinex_base_only,10.580036771777458,0.6545999646186829,0.2641538381576538,0.18384750187397003
UHD-LL down4,,54_UHD_LL.JPG,without_residual_refinement,25.402075401807913,0.8716925978660583,0.10639294236898422,0.04847612977027893
UHD-LL down4,,54_UHD_LL.JPG,without_tapetum_update,12.958748094818013,0.833436131477356,0.21972069144248962,0.14603710174560547
UHD-LL down4,,54_UHD_LL.JPG,without_attention_modulation,27.392735664922327,0.9234675765037537,0.10020257532596588,0.04018758609890938
UHD-LL down4,,54_UHD_LL.JPG,without_spatial_amplification,12.156668517910079,0.7477421164512634,0.2530958354473114,0.17170926928520203
UHD-LL down4,,54_UHD_LL.JPG,without_high_frequency_cue,27.559014756564586,0.9259759187698364,0.09886769950389862,0.04098108783364296
UHD-LL down4,,54_UHD_LL.JPG,without_darkness_gate,16.270853413680044,0.9010172486305237,0.14222076535224915,0.0757480040192604
UHD-LL down4,,584_UHD_LL.JPG,full,30.348480457445497,0.9452918171882629,0.1128414198756218,0.0447031706571579
UHD-LL down4,,584_UHD_LL.JPG,retinex_base_only,11.189012587572067,0.610809326171875,0.26437026262283325,0.18698114156723022
UHD-LL down4,,584_UHD_LL.JPG,without_residual_refinement,21.322944922639802,0.9210794568061829,0.12431591004133224,0.05568483844399452
UHD-LL down4,,584_UHD_LL.JPG,without_tapetum_update,13.883566495898766,0.8103300333023071,0.20663611590862274,0.1454354226589203
UHD-LL down4,,584_UHD_LL.JPG,without_attention_modulation,30.314209829520568,0.944826602935791,0.11441360414028168,0.04292784631252289
UHD-LL down4,,584_UHD_LL.JPG,without_spatial_amplification,13.636647353021216,0.8023815155029297,0.19920724630355835,0.14474539458751678
UHD-LL down4,,584_UHD_LL.JPG,without_high_frequency_cue,30.33023978683921,0.9451578259468079,0.1127212643623352,0.044200439006090164
UHD-LL down4,,584_UHD_LL.JPG,without_darkness_gate,24.625333212959248,0.9337835311889648,0.12675011157989502,0.05080925673246384
UHD-LL down4,,60_UHD_LL.JPG,full,35.01837920502129,0.9810864925384521,0.03223320096731186,0.008460849523544312
UHD-LL down4,,60_UHD_LL.JPG,retinex_base_only,13.710772670694336,0.778173565864563,0.1421484351158142,0.08844717592000961
UHD-LL down4,,60_UHD_LL.JPG,without_residual_refinement,24.795838712445658,0.9541322588920593,0.04685792699456215,0.017471740022301674
UHD-LL down4,,60_UHD_LL.JPG,without_tapetum_update,14.69693647829023,0.8601154088973999,0.11929092556238174,0.07568278908729553
UHD-LL down4,,60_UHD_LL.JPG,without_attention_modulation,24.739601779152807,0.9686535596847534,0.04079699516296387,0.015806958079338074
UHD-LL down4,,60_UHD_LL.JPG,without_spatial_amplification,13.395509842616937,0.761929988861084,0.18770597875118256,0.12792228162288666
UHD-LL down4,,60_UHD_LL.JPG,without_high_frequency_cue,33.41817986744342,0.9787983894348145,0.033531177788972855,0.009163803420960903
UHD-LL down4,,60_UHD_LL.JPG,without_darkness_gate,19.08363289377543,0.9520794153213501,0.06572537124156952,0.029973076656460762
UHD-LL down4,,627_UHD_LL.JPG,full,18.602985985900954,0.7489007711410522,0.0713416039943695,0.04210355132818222
UHD-LL down4,,627_UHD_LL.JPG,retinex_base_only,10.836540627091226,0.3790477216243744,0.1985495686531067,0.1683729887008667
UHD-LL down4,,627_UHD_LL.JPG,without_residual_refinement,16.425215120215825,0.6827348470687866,0.09836585819721222,0.0632186233997345
UHD-LL down4,,627_UHD_LL.JPG,without_tapetum_update,12.974543332011702,0.6033948659896851,0.12672626972198486,0.10258843749761581
UHD-LL down4,,627_UHD_LL.JPG,without_attention_modulation,18.602883655812292,0.7488470077514648,0.0713285505771637,0.042095717042684555
UHD-LL down4,,627_UHD_LL.JPG,without_spatial_amplification,13.10679951506333,0.7620481252670288,0.1633467972278595,0.13525880873203278
UHD-LL down4,,627_UHD_LL.JPG,without_high_frequency_cue,19.928069427054844,0.8081479668617249,0.0630558580160141,0.03601517155766487
UHD-LL down4,,627_UHD_LL.JPG,without_darkness_gate,21.177232293387465,0.7906789183616638,0.06081672012805939,0.03653204068541527
UHD-LL down4,,63_UHD_LL.JPG,full,19.296411707346202,0.932515025138855,0.06288876384496689,0.03264067694544792
UHD-LL down4,,63_UHD_LL.JPG,retinex_base_only,7.279130502310535,0.549172043800354,0.2580251097679138,0.1975158303976059
UHD-LL down4,,63_UHD_LL.JPG,without_residual_refinement,14.652293456668389,0.8627712726593018,0.10257485508918762,0.06328082084655762
UHD-LL down4,,63_UHD_LL.JPG,without_tapetum_update,8.951420810010347,0.7033816576004028,0.2366827130317688,0.17040413618087769
UHD-LL down4,,63_UHD_LL.JPG,without_attention_modulation,19.340378056690017,0.9361048340797424,0.06248858943581581,0.032465964555740356
UHD-LL down4,,63_UHD_LL.JPG,without_spatial_amplification,7.954669379009992,0.6138333678245544,0.2647726833820343,0.1957717090845108
UHD-LL down4,,63_UHD_LL.JPG,without_high_frequency_cue,19.31190679546947,0.9336906671524048,0.06276706606149673,0.03270389139652252
UHD-LL down4,,63_UHD_LL.JPG,without_darkness_gate,25.518098673450538,0.939132809638977,0.051279131323099136,0.030529240146279335
UHD-LL down4,,649_UHD_LL.JPG,full,26.100799843432352,0.9425246715545654,0.034382522106170654,0.014429514296352863
UHD-LL down4,,649_UHD_LL.JPG,retinex_base_only,12.588585496938906,0.6804235577583313,0.15212780237197876,0.11804075539112091
UHD-LL down4,,649_UHD_LL.JPG,without_residual_refinement,20.59852224926583,0.8828821182250977,0.053068920969963074,0.03027263469994068
UHD-LL down4,,649_UHD_LL.JPG,without_tapetum_update,13.774408240728512,0.7828462719917297,0.1305784434080124,0.10244455188512802
UHD-LL down4,,649_UHD_LL.JPG,without_attention_modulation,28.889346190664057,0.9509183168411255,0.03258379176259041,0.013187787495553493
UHD-LL down4,,649_UHD_LL.JPG,without_spatial_amplification,12.318877160739984,0.659867525100708,0.20587269961833954,0.1704968959093094
UHD-LL down4,,649_UHD_LL.JPG,without_high_frequency_cue,29.305644403090668,0.9486291408538818,0.032329898327589035,0.012962550856173038
UHD-LL down4,,649_UHD_LL.JPG,without_darkness_gate,22.070578525902384,0.9283668398857117,0.0755796805024147,0.04564516618847847
UHD-LL down4,,674_UHD_LL.JPG,full,25.280340678272747,0.9389904141426086,0.03878070414066315,0.015701154246926308
UHD-LL down4,,674_UHD_LL.JPG,retinex_base_only,11.787546071853583,0.6358857750892639,0.17090551555156708,0.13184991478919983
UHD-LL down4,,674_UHD_LL.JPG,without_residual_refinement,18.977888245744307,0.8594843149185181,0.06397105753421783,0.036696694791316986
UHD-LL down4,,674_UHD_LL.JPG,without_tapetum_update,13.58388649535323,0.7819652557373047,0.13378992676734924,0.1011960506439209
UHD-LL down4,,674_UHD_LL.JPG,without_attention_modulation,31.04416744188375,0.9504783749580383,0.03419572860002518,0.013287138193845749
UHD-LL down4,,674_UHD_LL.JPG,without_spatial_amplification,11.559422473472436,0.6198432445526123,0.21981653571128845,0.18005335330963135
UHD-LL down4,,674_UHD_LL.JPG,without_high_frequency_cue,27.442497904372225,0.944991946220398,0.03762252628803253,0.015163946896791458
UHD-LL down4,,674_UHD_LL.JPG,without_darkness_gate,23.952128464743865,0.9322275519371033,0.06641048938035965,0.03834977000951767
UHD-LL down4,,677_UHD_LL.JPG,full,29.767121745346724,0.9524528384208679,0.02708486281335354,0.009304383769631386
UHD-LL down4,,677_UHD_LL.JPG,retinex_base_only,12.489141864520146,0.5734419822692871,0.12648341059684753,0.08171938359737396
UHD-LL down4,,677_UHD_LL.JPG,without_residual_refinement,23.643848845092414,0.9222357869148254,0.028756696730852127,0.01111373957246542
UHD-LL down4,,677_UHD_LL.JPG,without_tapetum_update,15.275624237401342,0.8135823607444763,0.09763478487730026,0.06403357535600662
UHD-LL down4,,677_UHD_LL.JPG,without_attention_modulation,29.258582520468618,0.949273943901062,0.027790814638137817,0.009812736883759499
UHD-LL down4,,677_UHD_LL.JPG,without_spatial_amplification,12.889414696627068,0.6363113522529602,0.14349712431430817,0.10254363715648651
UHD-LL down4,,677_UHD_LL.JPG,without_high_frequency_cue,29.37762539326641,0.950360894203186,0.02720993384718895,0.009667487815022469
UHD-LL down4,,677_UHD_LL.JPG,without_darkness_gate,22.237020921625437,0.9382714629173279,0.03552275151014328,0.016277652233839035
UHD-LL down4,,685_UHD_LL.JPG,full,38.26326489858138,0.9756031632423401,0.022147178649902344,0.008263550698757172
UHD-LL down4,,685_UHD_LL.JPG,retinex_base_only,15.995780252434784,0.8862475752830505,0.08293445408344269,0.0591493658721447
UHD-LL down4,,685_UHD_LL.JPG,without_residual_refinement,33.43649649993347,0.973578929901123,0.02200935408473015,0.007978366687893867
UHD-LL down4,,685_UHD_LL.JPG,without_tapetum_update,15.218333043842929,0.8826086521148682,0.09997206181287766,0.07731224596500397
UHD-LL down4,,685_UHD_LL.JPG,without_attention_modulation,19.32482382201504,0.9510748386383057,0.05141086503863335,0.03164643794298172
UHD-LL down4,,685_UHD_LL.JPG,without_spatial_amplification,15.424370364405483,0.8781465291976929,0.13596197962760925,0.11210629343986511
UHD-LL down4,,685_UHD_LL.JPG,without_high_frequency_cue,35.03404659882871,0.9750584959983826,0.021933041512966156,0.008677959442138672
UHD-LL down4,,685_UHD_LL.JPG,without_darkness_gate,14.82542395412548,0.9320920705795288,0.10167800635099411,0.07586389780044556
UHD-LL down4,,690_UHD_LL.JPG,full,21.664991860721013,0.8907222747802734,0.10176710039377213,0.05492401868104935
UHD-LL down4,,690_UHD_LL.JPG,retinex_base_only,9.484573614479261,0.44796091318130493,0.27499085664749146,0.21774305403232574
UHD-LL down4,,690_UHD_LL.JPG,without_residual_refinement,16.170499568400484,0.7519148588180542,0.13570311665534973,0.08364852517843246
UHD-LL down4,,690_UHD_LL.JPG,without_tapetum_update,11.521176677299092,0.6896146535873413,0.22409135103225708,0.1695852279663086
UHD-LL down4,,690_UHD_LL.JPG,without_attention_modulation,21.819091571984465,0.8943211436271667,0.09963753819465637,0.05397719517350197
UHD-LL down4,,690_UHD_LL.JPG,without_spatial_amplification,10.595607375793064,0.5704114437103271,0.2599776089191437,0.19801801443099976
UHD-LL down4,,690_UHD_LL.JPG,without_high_frequency_cue,21.675099670450777,0.8909755945205688,0.10253255069255829,0.055561695247888565
UHD-LL down4,,690_UHD_LL.JPG,without_darkness_gate,23.54579227925423,0.8861434459686279,0.11493554711341858,0.06889475136995316
UHD-LL down4,,692_UHD_LL.JPG,full,21.832930669496882,0.861258327960968,0.06976474821567535,0.03348143771290779
UHD-LL down4,,692_UHD_LL.JPG,retinex_base_only,9.840269673723308,0.5158265233039856,0.19486305117607117,0.12761622667312622
UHD-LL down4,,692_UHD_LL.JPG,without_residual_refinement,17.03336773154383,0.8091558814048767,0.08382982015609741,0.043501824140548706
UHD-LL down4,,692_UHD_LL.JPG,without_tapetum_update,11.888165947521138,0.6868782043457031,0.15759332478046417,0.10015241801738739
UHD-LL down4,,692_UHD_LL.JPG,without_attention_modulation,21.868476283282728,0.8621621131896973,0.0691349059343338,0.03303837031126022
UHD-LL down4,,692_UHD_LL.JPG,without_spatial_amplification,11.699488926142632,0.6799644827842712,0.16033126413822174,0.10112658143043518
UHD-LL down4,,692_UHD_LL.JPG,without_high_frequency_cue,21.828824101707145,0.8607208728790283,0.06976792216300964,0.03344723582267761
UHD-LL down4,,692_UHD_LL.JPG,without_darkness_gate,22.885041183914126,0.8549736142158508,0.07024707645177841,0.03593047335743904
UHD-LL down4,,697_UHD_LL.JPG,full,26.147652524300547,0.9156737923622131,0.047073815017938614,0.025779105722904205
UHD-LL down4,,697_UHD_LL.JPG,retinex_base_only,14.672728576199104,0.7280824184417725,0.10031447559595108,0.09755967557430267
UHD-LL down4,,697_UHD_LL.JPG,without_residual_refinement,25.10518077500641,0.905291736125946,0.04810792952775955,0.031242987141013145
UHD-LL down4,,697_UHD_LL.JPG,without_tapetum_update,17.638287216792058,0.8666916489601135,0.07832731306552887,0.07053953409194946
UHD-LL down4,,697_UHD_LL.JPG,without_attention_modulation,24.62102778394722,0.9076563119888306,0.04972515255212784,0.02781686559319496
UHD-LL down4,,697_UHD_LL.JPG,without_spatial_amplification,17.98738660912255,0.873545229434967,0.08058634400367737,0.08104674518108368
UHD-LL down4,,697_UHD_LL.JPG,without_high_frequency_cue,25.98273983700046,0.9133589863777161,0.05178041756153107,0.029461653903126717
UHD-LL down4,,697_UHD_LL.JPG,without_darkness_gate,21.084207635949603,0.8934846520423889,0.07197534292936325,0.045718129724264145
UHD-LL down4,,704_UHD_LL.JPG,full,30.039177838444814,0.9693478345870972,0.03210919722914696,0.011264825239777565
UHD-LL down4,,704_UHD_LL.JPG,retinex_base_only,11.076439109463063,0.6985388398170471,0.19539682567119598,0.15436914563179016
UHD-LL down4,,704_UHD_LL.JPG,without_residual_refinement,19.807091096142727,0.9239768981933594,0.05669727176427841,0.0324661023914814
UHD-LL down4,,704_UHD_LL.JPG,without_tapetum_update,13.41499827408882,0.8443167209625244,0.14059342443943024,0.10255579650402069
UHD-LL down4,,704_UHD_LL.JPG,without_attention_modulation,28.66118397093374,0.9685603380203247,0.03127897158265114,0.010811181738972664
UHD-LL down4,,704_UHD_LL.JPG,without_spatial_amplification,10.751394066173196,0.6923847198486328,0.2450355589389801,0.20642685890197754
UHD-LL down4,,704_UHD_LL.JPG,without_high_frequency_cue,30.384728096134445,0.9683159589767456,0.03256607428193092,0.012180561199784279
UHD-LL down4,,704_UHD_LL.JPG,without_darkness_gate,21.850019760592424,0.963158130645752,0.044317081570625305,0.025995008647441864
UHD-LL down4,,708_UHD_LL.JPG,full,18.19606713552165,0.8164149522781372,0.21003925800323486,0.12827317416667938
UHD-LL down4,,708_UHD_LL.JPG,retinex_base_only,8.926678774916489,0.3912648558616638,0.3645267188549042,0.28784123063087463
UHD-LL down4,,708_UHD_LL.JPG,without_residual_refinement,14.241895975677163,0.6728435754776001,0.24485674500465393,0.15855129063129425
UHD-LL down4,,708_UHD_LL.JPG,without_tapetum_update,10.802920733473423,0.6247265338897705,0.31489554047584534,0.24000562727451324
UHD-LL down4,,708_UHD_LL.JPG,without_attention_modulation,18.268479139642192,0.8177638053894043,0.20912811160087585,0.1271504908800125
UHD-LL down4,,708_UHD_LL.JPG,without_spatial_amplification,10.67374964717831,0.5771514177322388,0.34007424116134644,0.26680418848991394
UHD-LL down4,,708_UHD_LL.JPG,without_high_frequency_cue,18.197269814359696,0.816323459148407,0.21005412936210632,0.12859924137592316
UHD-LL down4,,708_UHD_LL.JPG,without_darkness_gate,20.59897397215016,0.8154665231704712,0.21742486953735352,0.1370501071214676
UHD-LL down4,,70_UHD_LL.JPG,full,31.322390215938935,0.9734500646591187,0.052732255309820175,0.021283768117427826
UHD-LL down4,,70_UHD_LL.JPG,retinex_base_only,10.864007343723257,0.6024149656295776,0.21400052309036255,0.14878354966640472
UHD-LL down4,,70_UHD_LL.JPG,without_residual_refinement,20.968208668384673,0.9196204543113708,0.07297275960445404,0.03554641827940941
UHD-LL down4,,70_UHD_LL.JPG,without_tapetum_update,13.186916223091306,0.818749189376831,0.15094830095767975,0.10270506888628006
UHD-LL down4,,70_UHD_LL.JPG,without_attention_modulation,31.375180043135185,0.971843421459198,0.05296136811375618,0.02031099982559681
UHD-LL down4,,70_UHD_LL.JPG,without_spatial_amplification,10.741686050775991,0.6056105494499207,0.24078774452209473,0.17380590736865997
UHD-LL down4,,70_UHD_LL.JPG,without_high_frequency_cue,31.192775084420255,0.972011387348175,0.04958830401301384,0.0184205062687397
UHD-LL down4,,70_UHD_LL.JPG,without_darkness_gate,21.619897351714584,0.9582204818725586,0.07174275815486908,0.03361625224351883
UHD-LL down4,,720_UHD_LL.JPG,full,32.23067211992081,0.9577681422233582,0.049855075776576996,0.01705586537718773
UHD-LL down4,,720_UHD_LL.JPG,retinex_base_only,9.946858600295009,0.623237133026123,0.23745614290237427,0.1890481412410736
UHD-LL down4,,720_UHD_LL.JPG,without_residual_refinement,20.902833892382695,0.9252509474754333,0.07048436254262924,0.03462832793593407
UHD-LL down4,,720_UHD_LL.JPG,without_tapetum_update,12.175824733405463,0.8119415640830994,0.18859606981277466,0.13909775018692017
UHD-LL down4,,720_UHD_LL.JPG,without_attention_modulation,32.153747514471426,0.9574980735778809,0.04974794760346413,0.017200976610183716
UHD-LL down4,,720_UHD_LL.JPG,without_spatial_amplification,10.238602703721668,0.6574006080627441,0.25658899545669556,0.20823027193546295
UHD-LL down4,,720_UHD_LL.JPG,without_high_frequency_cue,32.166275044551725,0.95731121301651,0.04987655580043793,0.017170676961541176
UHD-LL down4,,720_UHD_LL.JPG,without_darkness_gate,21.42180343937596,0.9461326599121094,0.06584250926971436,0.03026823326945305
UHD-LL down4,,727_UHD_LL.JPG,full,25.602626611380067,0.9333791732788086,0.11609933525323868,0.031087329611182213
UHD-LL down4,,727_UHD_LL.JPG,retinex_base_only,16.140197846468144,0.7687522768974304,0.1883952021598816,0.0916358083486557
UHD-LL down4,,727_UHD_LL.JPG,without_residual_refinement,26.7014428881575,0.9154374003410339,0.11424241960048676,0.03059622086584568
UHD-LL down4,,727_UHD_LL.JPG,without_tapetum_update,19.463707414103922,0.8722823262214661,0.16757450997829437,0.08045176416635513
UHD-LL down4,,727_UHD_LL.JPG,without_attention_modulation,19.81880582438867,0.9178861379623413,0.1286117136478424,0.04053325951099396
UHD-LL down4,,727_UHD_LL.JPG,without_spatial_amplification,15.679174355046397,0.7442852854728699,0.2829831838607788,0.15919114649295807
UHD-LL down4,,727_UHD_LL.JPG,without_high_frequency_cue,24.33305126206942,0.9314574599266052,0.1159779354929924,0.03095307946205139
UHD-LL down4,,727_UHD_LL.JPG,without_darkness_gate,17.116847611886612,0.8984336256980896,0.1403329223394394,0.048389386385679245
UHD-LL down4,,741_UHD_LL.JPG,full,17.969881861669336,0.8638662099838257,0.2823540270328522,0.15640807151794434
UHD-LL down4,,741_UHD_LL.JPG,retinex_base_only,8.451842358990117,0.4819957911968231,0.39905235171318054,0.3231637179851532
UHD-LL down4,,741_UHD_LL.JPG,without_residual_refinement,14.197967395520221,0.7824845910072327,0.3020476698875427,0.18236245214939117
UHD-LL down4,,741_UHD_LL.JPG,without_tapetum_update,10.278903420052623,0.6933931112289429,0.34440258145332336,0.2661040723323822
UHD-LL down4,,741_UHD_LL.JPG,without_attention_modulation,17.983428982684284,0.8632245659828186,0.28265470266342163,0.15885744988918304
UHD-LL down4,,741_UHD_LL.JPG,without_spatial_amplification,10.252478632132004,0.6796300411224365,0.3562493622303009,0.26830142736434937
UHD-LL down4,,741_UHD_LL.JPG,without_high_frequency_cue,17.969992869160745,0.8636928796768188,0.2822960615158081,0.15717771649360657
UHD-LL down4,,741_UHD_LL.JPG,without_darkness_gate,21.05401721547093,0.858627200126648,0.3109803795814514,0.1654324233531952
UHD-LL down4,,752_UHD_LL.JPG,full,26.31252622175845,0.9486684203147888,0.029169760644435883,0.013015976175665855
UHD-LL down4,,752_UHD_LL.JPG,retinex_base_only,13.688011551698482,0.8149978518486023,0.1150682121515274,0.08078818768262863
UHD-LL down4,,752_UHD_LL.JPG,without_residual_refinement,26.70739973217244,0.9461967349052429,0.032240625470876694,0.01524086482822895
UHD-LL down4,,752_UHD_LL.JPG,without_tapetum_update,13.046142849928884,0.8032259345054626,0.12847819924354553,0.0950973704457283
UHD-LL down4,,752_UHD_LL.JPG,without_attention_modulation,23.11145559107161,0.945460855960846,0.03817758709192276,0.016891390085220337
UHD-LL down4,,752_UHD_LL.JPG,without_spatial_amplification,13.182239767481539,0.7964601516723633,0.17357191443443298,0.1463232785463333
UHD-LL down4,,752_UHD_LL.JPG,without_high_frequency_cue,28.297741620166853,0.9505720138549805,0.027205802500247955,0.011214468628168106
UHD-LL down4,,752_UHD_LL.JPG,without_darkness_gate,15.922135079656917,0.9253896474838257,0.10300040245056152,0.056514255702495575
UHD-LL down4,,769_UHD_LL.JPG,full,27.678086974163545,0.9490521550178528,0.03942782059311867,0.017188936471939087
UHD-LL down4,,769_UHD_LL.JPG,retinex_base_only,13.144745636977945,0.7617636919021606,0.17370273172855377,0.12626415491104126
UHD-LL down4,,769_UHD_LL.JPG,without_residual_refinement,22.528261480204353,0.9127374291419983,0.055888667702674866,0.0300244502723217
UHD-LL down4,,769_UHD_LL.JPG,without_tapetum_update,13.480791923256362,0.815094530582428,0.1634078472852707,0.12254372239112854
UHD-LL down4,,769_UHD_LL.JPG,without_attention_modulation,24.67982130660593,0.9471867084503174,0.04378316551446915,0.020195364952087402
UHD-LL down4,,769_UHD_LL.JPG,without_spatial_amplification,12.850714973516872,0.7439907789230347,0.21890586614608765,0.1761471927165985
UHD-LL down4,,769_UHD_LL.JPG,without_high_frequency_cue,29.52473096440579,0.9505179524421692,0.03741979971528053,0.015359742566943169
UHD-LL down4,,769_UHD_LL.JPG,without_darkness_gate,18.832503151169576,0.9361922740936279,0.07528949528932571,0.04646782949566841
UHD-LL down4,,771_UHD_LL.JPG,full,27.016496961387336,0.9715318083763123,0.10606588423252106,0.036365948617458344
UHD-LL down4,,771_UHD_LL.JPG,retinex_base_only,11.453594499122403,0.7980314493179321,0.2442832738161087,0.15393003821372986
UHD-LL down4,,771_UHD_LL.JPG,without_residual_refinement,21.44362672083747,0.948025643825531,0.11758127063512802,0.04663439095020294
UHD-LL down4,,771_UHD_LL.JPG,without_tapetum_update,11.981573185453758,0.8361107110977173,0.25591859221458435,0.15845584869384766
UHD-LL down4,,771_UHD_LL.JPG,without_attention_modulation,21.638329485313378,0.9677647352218628,0.12387137860059738,0.04998857527971268
UHD-LL down4,,771_UHD_LL.JPG,without_spatial_amplification,11.044162079264277,0.7860664129257202,0.31491872668266296,0.22488504648208618
UHD-LL down4,,771_UHD_LL.JPG,without_high_frequency_cue,26.84625642936082,0.9720653295516968,0.1085696667432785,0.039264481514692307
UHD-LL down4,,771_UHD_LL.JPG,without_darkness_gate,16.412304021580695,0.9540480375289917,0.1581142693758011,0.09652113914489746
UHD-LL down4,,788_UHD_LL.JPG,full,28.45392774498503,0.9586347341537476,0.06193064898252487,0.03362172469496727
UHD-LL down4,,788_UHD_LL.JPG,retinex_base_only,17.0261423105698,0.8947540521621704,0.10189782083034515,0.06450130045413971
UHD-LL down4,,788_UHD_LL.JPG,without_residual_refinement,27.531396528126884,0.9583355784416199,0.05546187236905098,0.029648441821336746
UHD-LL down4,,788_UHD_LL.JPG,without_tapetum_update,16.201966837388774,0.888201892375946,0.1373194456100464,0.10411261022090912
UHD-LL down4,,788_UHD_LL.JPG,without_attention_modulation,17.718037320544223,0.9261560440063477,0.09977661818265915,0.06035760045051575
UHD-LL down4,,788_UHD_LL.JPG,without_spatial_amplification,16.46631207935089,0.8766720294952393,0.1904834806919098,0.16932494938373566
UHD-LL down4,,788_UHD_LL.JPG,without_high_frequency_cue,27.170813786490648,0.9574180245399475,0.06055552512407303,0.034312739968299866
UHD-LL down4,,788_UHD_LL.JPG,without_darkness_gate,13.455439919986299,0.8821358680725098,0.19388677179813385,0.12095440924167633
UHD-LL down4,,7_UHD_LL.JPG,full,36.18031155737977,0.9528494477272034,0.050515010952949524,0.01427797507494688
UHD-LL down4,,7_UHD_LL.JPG,retinex_base_only,10.251764682919644,0.6512289643287659,0.23697666823863983,0.16840760409832
UHD-LL down4,,7_UHD_LL.JPG,without_residual_refinement,22.4572213580483,0.8974024057388306,0.0661194697022438,0.02638832852244377
UHD-LL down4,,7_UHD_LL.JPG,without_tapetum_update,12.521003545074178,0.8287594318389893,0.1849915087223053,0.13035523891448975
UHD-LL down4,,7_UHD_LL.JPG,without_attention_modulation,32.69657638120065,0.9475439786911011,0.054046183824539185,0.01548846997320652
UHD-LL down4,,7_UHD_LL.JPG,without_spatial_amplification,10.082648352880065,0.6448968648910522,0.2877957224845886,0.23507815599441528
UHD-LL down4,,7_UHD_LL.JPG,without_high_frequency_cue,35.73773017199325,0.9505901336669922,0.05032270774245262,0.013699090108275414
UHD-LL down4,,7_UHD_LL.JPG,without_darkness_gate,18.783675022563536,0.9365162253379822,0.07689621299505234,0.03814411535859108
UHD-LL down4,,810_UHD_LL.JPG,full,12.834932829211354,0.8690763115882874,0.11175105720758438,0.07337623834609985
UHD-LL down4,,810_UHD_LL.JPG,retinex_base_only,6.306199298253015,0.521676242351532,0.2591920495033264,0.2092607170343399
UHD-LL down4,,810_UHD_LL.JPG,without_residual_refinement,10.399133426656746,0.7921780943870544,0.15022072196006775,0.10578154027462006
UHD-LL down4,,810_UHD_LL.JPG,without_tapetum_update,7.538088728725882,0.6329082250595093,0.2298348844051361,0.17571239173412323
UHD-LL down4,,810_UHD_LL.JPG,without_attention_modulation,14.778728339676604,0.9022533893585205,0.08548185229301453,0.05336706340312958
UHD-LL down4,,810_UHD_LL.JPG,without_spatial_amplification,6.086338987873981,0.5041775107383728,0.2838440537452698,0.2458644062280655
UHD-LL down4,,810_UHD_LL.JPG,without_high_frequency_cue,12.90357940655606,0.8721196055412292,0.11105427145957947,0.073931023478508
UHD-LL down4,,810_UHD_LL.JPG,without_darkness_gate,15.128335629317831,0.9002382159233093,0.08304628729820251,0.05783119052648544
UHD-LL down4,,869_UHD_LL.JPG,full,33.67186815541991,0.9737132787704468,0.020130600780248642,0.007919961586594582
UHD-LL down4,,869_UHD_LL.JPG,retinex_base_only,16.604042486734652,0.8925409913063049,0.07249017804861069,0.044211458414793015
UHD-LL down4,,869_UHD_LL.JPG,without_residual_refinement,29.289629624774086,0.9649325609207153,0.02483738400042057,0.011821501888334751
UHD-LL down4,,869_UHD_LL.JPG,without_tapetum_update,15.586770385237879,0.8873075842857361,0.09854867309331894,0.06314292550086975
UHD-LL down4,,869_UHD_LL.JPG,without_attention_modulation,18.078221484356224,0.9399827718734741,0.07052838057279587,0.043669942766427994
UHD-LL down4,,869_UHD_LL.JPG,without_spatial_amplification,16.017167754988048,0.8759773373603821,0.12547403573989868,0.08640789985656738
UHD-LL down4,,869_UHD_LL.JPG,without_high_frequency_cue,29.834086881779722,0.9719389081001282,0.02153034508228302,0.009763993322849274
UHD-LL down4,,869_UHD_LL.JPG,without_darkness_gate,13.628550362601956,0.9095460176467896,0.14329101145267487,0.09703313559293747
UHD-LL down4,,874_UHD_LL.JPG,full,24.753527933929817,0.9358161091804504,0.049535952508449554,0.01809682697057724
UHD-LL down4,,874_UHD_LL.JPG,retinex_base_only,11.955549441421859,0.6563697457313538,0.14480069279670715,0.09998557716608047
UHD-LL down4,,874_UHD_LL.JPG,without_residual_refinement,29.306471345406347,0.9078171849250793,0.04322931542992592,0.013129649683833122
UHD-LL down4,,874_UHD_LL.JPG,without_tapetum_update,14.775019711653208,0.8295808434486389,0.11753728240728378,0.0722537711262703
UHD-LL down4,,874_UHD_LL.JPG,without_attention_modulation,24.428089512626233,0.931544303894043,0.0500548891723156,0.01698889583349228
UHD-LL down4,,874_UHD_LL.JPG,without_spatial_amplification,11.6731470377104,0.6473414301872253,0.1836184859275818,0.1439705640077591
UHD-LL down4,,874_UHD_LL.JPG,without_high_frequency_cue,24.653502885255346,0.9327701330184937,0.0493214949965477,0.01718548685312271
UHD-LL down4,,874_UHD_LL.JPG,without_darkness_gate,15.783986493799755,0.8975738883018494,0.08993251621723175,0.04702439531683922
UHD-LL down4,,879_UHD_LL.JPG,full,25.235676926457597,0.9506457448005676,0.05349864810705185,0.018389791250228882
UHD-LL down4,,879_UHD_LL.JPG,retinex_base_only,12.448410892310168,0.7226273417472839,0.1710418164730072,0.11500537395477295
UHD-LL down4,,879_UHD_LL.JPG,without_residual_refinement,21.253386798722957,0.9154608845710754,0.06640157848596573,0.029124731197953224
UHD-LL down4,,879_UHD_LL.JPG,without_tapetum_update,12.875218559400976,0.768131673336029,0.16291849315166473,0.10942412167787552
UHD-LL down4,,879_UHD_LL.JPG,without_attention_modulation,27.128717706138232,0.9599524140357971,0.05381467193365097,0.022379685193300247
UHD-LL down4,,879_UHD_LL.JPG,without_spatial_amplification,12.073271596657468,0.6883410215377808,0.21090343594551086,0.1496124416589737
UHD-LL down4,,879_UHD_LL.JPG,without_high_frequency_cue,28.381198859055683,0.9573792815208435,0.05120470002293587,0.01654789410531521
UHD-LL down4,,879_UHD_LL.JPG,without_darkness_gate,19.756937612748683,0.9412334561347961,0.11482372134923935,0.0847225934267044
UHD-LL down4,,890_UHD_LL.JPG,full,25.81625629403865,0.9577480554580688,0.035731445997953415,0.015083584934473038
UHD-LL down4,,890_UHD_LL.JPG,retinex_base_only,10.895651326920255,0.6884636878967285,0.16911914944648743,0.12173909693956375
UHD-LL down4,,890_UHD_LL.JPG,without_residual_refinement,19.65756349067532,0.905720055103302,0.0525192990899086,0.027217408642172813
UHD-LL down4,,890_UHD_LL.JPG,without_tapetum_update,11.834108698739358,0.7777948975563049,0.16013063490390778,0.10765684396028519
UHD-LL down4,,890_UHD_LL.JPG,without_attention_modulation,31.717043987868156,0.9631301164627075,0.029753083363175392,0.011749896220862865
UHD-LL down4,,890_UHD_LL.JPG,without_spatial_amplification,10.554317752093985,0.667488157749176,0.22132278978824615,0.16163818538188934
UHD-LL down4,,890_UHD_LL.JPG,without_high_frequency_cue,29.25889411201236,0.9605991244316101,0.032868627458810806,0.014071118086576462
UHD-LL down4,,890_UHD_LL.JPG,without_darkness_gate,23.13235939622862,0.9511818289756775,0.053559936583042145,0.028744276612997055
UHD-LL down4,,895_UHD_LL.JPG,full,24.94625989752405,0.9457606673240662,0.04443337768316269,0.016390785574913025
UHD-LL down4,,895_UHD_LL.JPG,retinex_base_only,11.962178288553623,0.6610841155052185,0.14304731786251068,0.10077822208404541
UHD-LL down4,,895_UHD_LL.JPG,without_residual_refinement,29.566231597259996,0.9180439114570618,0.038435161113739014,0.011743709444999695
UHD-LL down4,,895_UHD_LL.JPG,without_tapetum_update,14.798270423271516,0.8356972336769104,0.1143101155757904,0.07170460373163223
UHD-LL down4,,895_UHD_LL.JPG,without_attention_modulation,24.615941241337165,0.9413921236991882,0.04492267221212387,0.015440527349710464
UHD-LL down4,,895_UHD_LL.JPG,without_spatial_amplification,11.68252654783129,0.6518070697784424,0.18336555361747742,0.14524045586585999
UHD-LL down4,,895_UHD_LL.JPG,without_high_frequency_cue,24.84247937138256,0.9425876140594482,0.044190242886543274,0.01569361612200737
UHD-LL down4,,895_UHD_LL.JPG,without_darkness_gate,15.813684021089243,0.9083887934684753,0.08578948676586151,0.04613085091114044
UHD-LL down4,,8_UHD_LL.JPG,full,11.986164401205517,0.7913244366645813,0.31446364521980286,0.14619845151901245
UHD-LL down4,,8_UHD_LL.JPG,retinex_base_only,5.157606684389322,0.4070296287536621,0.5073849558830261,0.3473310172557831
UHD-LL down4,,8_UHD_LL.JPG,without_residual_refinement,9.66213621595813,0.730912983417511,0.35873860120773315,0.1858542114496231
UHD-LL down4,,8_UHD_LL.JPG,without_tapetum_update,6.492405016656152,0.5265329480171204,0.4699925482273102,0.3031264841556549
UHD-LL down4,,8_UHD_LL.JPG,without_attention_modulation,11.996945177231812,0.7915034890174866,0.3153810501098633,0.14638382196426392
UHD-LL down4,,8_UHD_LL.JPG,without_spatial_amplification,4.986655087125863,0.3830595016479492,0.5125731825828552,0.35928359627723694
UHD-LL down4,,8_UHD_LL.JPG,without_high_frequency_cue,11.987273846962207,0.7913413643836975,0.3143734931945801,0.1461341828107834
UHD-LL down4,,8_UHD_LL.JPG,without_darkness_gate,14.2835625705529,0.8303984999656677,0.27290910482406616,0.11639106273651123
UHD-LL down4,,914_UHD_LL.JPG,full,27.375459901335173,0.9507112503051758,0.05056989565491676,0.021266575902700424
UHD-LL down4,,914_UHD_LL.JPG,retinex_base_only,9.491110306435079,0.5856194496154785,0.21828502416610718,0.16217373311519623
UHD-LL down4,,914_UHD_LL.JPG,without_residual_refinement,18.954832223766378,0.885345458984375,0.06958106905221939,0.034873686730861664
UHD-LL down4,,914_UHD_LL.JPG,without_tapetum_update,11.5525641693689,0.7711448073387146,0.19271665811538696,0.13655203580856323
UHD-LL down4,,914_UHD_LL.JPG,without_attention_modulation,27.59957567980487,0.9490289092063904,0.04925014078617096,0.020633526146411896
UHD-LL down4,,914_UHD_LL.JPG,without_spatial_amplification,9.308201650874802,0.5726873278617859,0.2453479915857315,0.19309809803962708
UHD-LL down4,,914_UHD_LL.JPG,without_high_frequency_cue,27.340636550495496,0.9469433426856995,0.049418602138757706,0.021237073466181755
UHD-LL down4,,914_UHD_LL.JPG,without_darkness_gate,25.015660682537625,0.9427170157432556,0.06150093302130699,0.0284129548817873
UHD-LL down4,,920_UHD_LL.JPG,full,24.398696737420273,0.9162319898605347,0.0760970413684845,0.025793803855776787
UHD-LL down4,,920_UHD_LL.JPG,retinex_base_only,11.926659238505328,0.631868302822113,0.16206121444702148,0.1011141985654831
UHD-LL down4,,920_UHD_LL.JPG,without_residual_refinement,28.066337266361742,0.8659053444862366,0.07145334035158157,0.022700615227222443
UHD-LL down4,,920_UHD_LL.JPG,without_tapetum_update,14.783777570395028,0.8184304237365723,0.13791905343532562,0.07685434818267822
UHD-LL down4,,920_UHD_LL.JPG,without_attention_modulation,24.345154657404233,0.9148892164230347,0.07589516043663025,0.02464868128299713
UHD-LL down4,,920_UHD_LL.JPG,without_spatial_amplification,14.137148145971521,0.7611714005470276,0.152299702167511,0.0897139310836792
UHD-LL down4,,920_UHD_LL.JPG,without_high_frequency_cue,24.391671306286238,0.916135847568512,0.07609040290117264,0.025461677461862564
UHD-LL down4,,920_UHD_LL.JPG,without_darkness_gate,15.657248156180803,0.8736041188240051,0.1209869533777237,0.05729116126894951
UHD-LL down4,,945_UHD_LL.JPG,full,24.657562556381425,0.8509125709533691,0.1719602644443512,0.05279375612735748
UHD-LL down4,,945_UHD_LL.JPG,retinex_base_only,10.016850697155546,0.46026450395584106,0.29297322034835815,0.1775628626346588
UHD-LL down4,,945_UHD_LL.JPG,without_residual_refinement,17.869138115600688,0.7416655421257019,0.18798895180225372,0.0665690079331398
UHD-LL down4,,945_UHD_LL.JPG,without_tapetum_update,12.231922136664524,0.6730518341064453,0.2638046443462372,0.14321091771125793
UHD-LL down4,,945_UHD_LL.JPG,without_attention_modulation,24.77172634934497,0.8507879972457886,0.17151093482971191,0.052552755922079086
UHD-LL down4,,945_UHD_LL.JPG,without_spatial_amplification,12.1847116225479,0.6359826922416687,0.27975884079933167,0.16488862037658691
UHD-LL down4,,945_UHD_LL.JPG,without_high_frequency_cue,24.668234617439317,0.8508733510971069,0.17196817696094513,0.05292272940278053
UHD-LL down4,,945_UHD_LL.JPG,without_darkness_gate,26.092802741847652,0.8539194464683533,0.1745036095380783,0.05377340316772461
UHD-LL down4,,94_UHD_LL.JPG,full,23.131406035343115,0.9277507662773132,0.08728007227182388,0.04884892329573631
UHD-LL down4,,94_UHD_LL.JPG,retinex_base_only,10.069214653233127,0.45898252725601196,0.23304137587547302,0.19370678067207336
UHD-LL down4,,94_UHD_LL.JPG,without_residual_refinement,17.393764239411517,0.749204695224762,0.10899247229099274,0.06337501108646393
UHD-LL down4,,94_UHD_LL.JPG,without_tapetum_update,12.039178602849052,0.7725222110748291,0.20340596139431,0.15979422628879547
UHD-LL down4,,94_UHD_LL.JPG,without_attention_modulation,23.145855324792027,0.9279528856277466,0.08696869760751724,0.04896676167845726
UHD-LL down4,,94_UHD_LL.JPG,without_spatial_amplification,11.839183026916285,0.6819129586219788,0.21870295703411102,0.17225605249404907
UHD-LL down4,,94_UHD_LL.JPG,without_high_frequency_cue,23.135309401918462,0.9282318353652954,0.08780018985271454,0.04880019649863243
UHD-LL down4,,94_UHD_LL.JPG,without_darkness_gate,26.28146078979754,0.9294028878211975,0.08665356040000916,0.051990408450365067
UHD-LL down4,,967_UHD_LL.JPG,full,17.752221641315003,0.8775366544723511,0.0927240327000618,0.040273621678352356
UHD-LL down4,,967_UHD_LL.JPG,retinex_base_only,10.469789938550909,0.6158807277679443,0.1899542510509491,0.12702134251594543
UHD-LL down4,,967_UHD_LL.JPG,without_residual_refinement,16.155225821412024,0.8301339149475098,0.10576754808425903,0.05457879230380058
UHD-LL down4,,967_UHD_LL.JPG,without_tapetum_update,11.308982486746885,0.6996368765830994,0.17266243696212769,0.10699887573719025
UHD-LL down4,,967_UHD_LL.JPG,without_attention_modulation,21.106118091868332,0.9031683206558228,0.11221180856227875,0.054809100925922394
UHD-LL down4,,967_UHD_LL.JPG,without_spatial_amplification,10.308033977730656,0.6481016874313354,0.22444236278533936,0.15489014983177185
UHD-LL down4,,967_UHD_LL.JPG,without_high_frequency_cue,18.918096811457843,0.8902333378791809,0.08785854279994965,0.03715173155069351
UHD-LL down4,,967_UHD_LL.JPG,without_darkness_gate,22.340268711884796,0.9012479186058044,0.08961731940507889,0.03758177533745766
UHD-LL down4,,999_UHD_LL.JPG,full,18.222438380258797,0.959408700466156,0.09707571566104889,0.06945160031318665
UHD-LL down4,,999_UHD_LL.JPG,retinex_base_only,8.077622281883146,0.6896532773971558,0.2599760890007019,0.22976994514465332
UHD-LL down4,,999_UHD_LL.JPG,without_residual_refinement,14.383476268245987,0.9219720959663391,0.13294142484664917,0.10496906191110611
UHD-LL down4,,999_UHD_LL.JPG,without_tapetum_update,8.426603720674406,0.7168954014778137,0.27130964398384094,0.23286087810993195
UHD-LL down4,,999_UHD_LL.JPG,without_attention_modulation,25.01180082364861,0.9740491509437561,0.06046999990940094,0.03963363915681839
UHD-LL down4,,999_UHD_LL.JPG,without_spatial_amplification,7.7460995355092805,0.660515308380127,0.33085763454437256,0.29196977615356445
UHD-LL down4,,999_UHD_LL.JPG,without_high_frequency_cue,18.953290408614414,0.9636456966400146,0.09161306917667389,0.06549512594938278
UHD-LL down4,,999_UHD_LL.JPG,without_darkness_gate,25.81132410136388,0.9664753675460815,0.06613432615995407,0.055471960455179214
