dataset,dataset_variant,file,ablation_variant,psnr,ssim,lpips,lpips_resize
LOL-v2,Real_captured,00690.png,full,20.560420769597307,0.8726377487182617,0.10164782404899597,0.04952630400657654
LOL-v2,Real_captured,00690.png,retinex_base_only,11.316819778884124,0.5626327991485596,0.23494204878807068,0.17536213994026184
LOL-v2,Real_captured,00690.png,without_residual_refinement,28.78418964746323,0.8856314420700073,0.09268462657928467,0.04160619154572487
LOL-v2,Real_captured,00690.png,without_tapetum_update,14.06302102074514,0.7538335919380188,0.19451619684696198,0.1372082680463791
LOL-v2,Real_captured,00690.png,without_attention_modulation,20.504018663129344,0.8711493015289307,0.1043337732553482,0.047661490738391876
LOL-v2,Real_captured,00690.png,without_spatial_amplification,14.062944740083887,0.7538120150566101,0.19451220333576202,0.13725215196609497
LOL-v2,Real_captured,00690.png,without_high_frequency_cue,20.560424451028517,0.8726382851600647,0.10164643079042435,0.04952564090490341
LOL-v2,Real_captured,00690.png,without_darkness_gate,15.227632272540765,0.821449339389801,0.14187763631343842,0.08677004277706146
LOL-v2,Real_captured,00691.png,full,20.278328368896,0.8354001641273499,0.10991957038640976,0.05613381415605545
LOL-v2,Real_captured,00691.png,retinex_base_only,11.295177992367035,0.5457531809806824,0.24025286734104156,0.18033885955810547
LOL-v2,Real_captured,00691.png,without_residual_refinement,27.10322853711589,0.8479459881782532,0.10055747628211975,0.04840768873691559
LOL-v2,Real_captured,00691.png,without_tapetum_update,14.024237627247869,0.7312396168708801,0.1994582861661911,0.14267855882644653
LOL-v2,Real_captured,00691.png,without_attention_modulation,20.22532065279803,0.8338285088539124,0.11358846724033356,0.05401018634438515
LOL-v2,Real_captured,00691.png,without_spatial_amplification,14.024167337315113,0.7312196493148804,0.1994471549987793,0.14272110164165497
LOL-v2,Real_captured,00691.png,without_high_frequency_cue,20.278330525087803,0.8354005217552185,0.10991840064525604,0.056133002042770386
LOL-v2,Real_captured,00691.png,without_darkness_gate,15.133935557776077,0.7863805890083313,0.1510596126317978,0.09383361041545868
LOL-v2,Real_captured,00692.png,full,26.75434365237671,0.907375156879425,0.07283256947994232,0.045356422662734985
LOL-v2,Real_captured,00692.png,retinex_base_only,10.43438540249203,0.43987518548965454,0.20080342888832092,0.17108309268951416
LOL-v2,Real_captured,00692.png,without_residual_refinement,23.63450139226301,0.8725973963737488,0.07649080455303192,0.05101924017071724
LOL-v2,Real_captured,00692.png,without_tapetum_update,12.870037080087787,0.6463233828544617,0.16745489835739136,0.1390809267759323
LOL-v2,Real_captured,00692.png,without_attention_modulation,26.741412570875866,0.9070427417755127,0.07319483160972595,0.04556060582399368
LOL-v2,Real_captured,00692.png,without_spatial_amplification,12.870625167410328,0.6462564468383789,0.1672273576259613,0.13870544731616974
LOL-v2,Real_captured,00692.png,without_high_frequency_cue,26.7547986458533,0.9073786735534668,0.07282344996929169,0.045349717140197754
LOL-v2,Real_captured,00692.png,without_darkness_gate,20.35850753996233,0.8866432309150696,0.08232471346855164,0.053616203367710114
LOL-v2,Real_captured,00693.png,full,28.686566359636053,0.9141106605529785,0.06294255703687668,0.038645729422569275
LOL-v2,Real_captured,00693.png,retinex_base_only,10.245762482649427,0.4208057224750519,0.20759212970733643,0.17659102380275726
LOL-v2,Real_captured,00693.png,without_residual_refinement,22.317263836308783,0.8691075444221497,0.06867381185293198,0.0448809452354908
LOL-v2,Real_captured,00693.png,without_tapetum_update,12.617276560811847,0.6312556266784668,0.17196619510650635,0.14471770823001862
LOL-v2,Real_captured,00693.png,without_attention_modulation,28.69194933485548,0.9137920141220093,0.06315134465694427,0.03871343284845352
LOL-v2,Real_captured,00693.png,without_spatial_amplification,12.61795200903751,0.6311324834823608,0.17216935753822327,0.14503346383571625
LOL-v2,Real_captured,00693.png,without_high_frequency_cue,28.687162726899228,0.9141166806221008,0.06293421983718872,0.038642801344394684
LOL-v2,Real_captured,00693.png,without_darkness_gate,22.211854864613912,0.8991125226020813,0.07074369490146637,0.04631102830171585
LOL-v2,Real_captured,00694.png,full,28.882899489303483,0.9087166786193848,0.056403983384370804,0.029540924355387688
LOL-v2,Real_captured,00694.png,retinex_base_only,9.747442662945856,0.4367905557155609,0.22012369334697723,0.19231784343719482
LOL-v2,Real_captured,00694.png,without_residual_refinement,22.283453305621723,0.8684597611427307,0.0663357600569725,0.03871336579322815
LOL-v2,Real_captured,00694.png,without_tapetum_update,11.987803617810576,0.6420693397521973,0.17636173963546753,0.1517573446035385
LOL-v2,Real_captured,00694.png,without_attention_modulation,28.88302302078857,0.9081960320472717,0.05776818096637726,0.02983039617538452
LOL-v2,Real_captured,00694.png,without_spatial_amplification,11.98824497240656,0.6420858502388,0.1764349341392517,0.15184363722801208
LOL-v2,Real_captured,00694.png,without_high_frequency_cue,28.88322044390614,0.9087180495262146,0.056391555815935135,0.02953185699880123
LOL-v2,Real_captured,00694.png,without_darkness_gate,21.10849915318342,0.8862404823303223,0.07379697263240814,0.0442461259663105
LOL-v2,Real_captured,00695.png,full,29.046036033487972,0.9087665677070618,0.05720524862408638,0.02882353588938713
LOL-v2,Real_captured,00695.png,retinex_base_only,9.744728223918951,0.43675607442855835,0.21751365065574646,0.1922909915447235
LOL-v2,Real_captured,00695.png,without_residual_refinement,22.289434552235775,0.8683300614356995,0.06716597080230713,0.03836363926529884
LOL-v2,Real_captured,00695.png,without_tapetum_update,11.984416959911787,0.6421830058097839,0.1744074821472168,0.15013638138771057
LOL-v2,Real_captured,00695.png,without_attention_modulation,29.04758068299103,0.9081733822822571,0.05883617699146271,0.029168259352445602
LOL-v2,Real_captured,00695.png,without_spatial_amplification,11.984852348947783,0.6421982049942017,0.17449748516082764,0.15021561086177826
LOL-v2,Real_captured,00695.png,without_high_frequency_cue,29.046316505886615,0.9087680578231812,0.057193391025066376,0.028818713501095772
LOL-v2,Real_captured,00695.png,without_darkness_gate,21.17243795718614,0.886231005191803,0.07450567185878754,0.04406825825572014
LOL-v2,Real_captured,00696.png,full,25.44243163443297,0.8883568048477173,0.13355563580989838,0.07519739121198654
LOL-v2,Real_captured,00696.png,retinex_base_only,11.06458312125204,0.46294888854026794,0.26343026757240295,0.21544764935970306
LOL-v2,Real_captured,00696.png,without_residual_refinement,23.747221983290405,0.8427029848098755,0.13974031805992126,0.08438057452440262
LOL-v2,Real_captured,00696.png,without_tapetum_update,13.604871239350175,0.7097587585449219,0.21602380275726318,0.1609657108783722
LOL-v2,Real_captured,00696.png,without_attention_modulation,25.319306877572963,0.884530246257782,0.14990118145942688,0.07955729961395264
LOL-v2,Real_captured,00696.png,without_spatial_amplification,13.607318998816178,0.7103881239891052,0.21529270708560944,0.1602555215358734
LOL-v2,Real_captured,00696.png,without_high_frequency_cue,25.44246987226674,0.88835608959198,0.13355396687984467,0.07519790530204773
LOL-v2,Real_captured,00696.png,without_darkness_gate,19.478125007732828,0.8592478632926941,0.15041135251522064,0.0883144661784172
LOL-v2,Real_captured,00697.png,full,25.34932717396085,0.882636308670044,0.13681966066360474,0.07840053737163544
LOL-v2,Real_captured,00697.png,retinex_base_only,11.05321630249626,0.45907992124557495,0.26502054929733276,0.21608492732048035
LOL-v2,Real_captured,00697.png,without_residual_refinement,23.577742283861465,0.836239218711853,0.14244982600212097,0.08755756914615631
LOL-v2,Real_captured,00697.png,without_tapetum_update,13.58854647968383,0.7056002020835876,0.2190479189157486,0.1629832684993744
LOL-v2,Real_captured,00697.png,without_attention_modulation,25.235916961000733,0.8787711262702942,0.1548215001821518,0.08228045701980591
LOL-v2,Real_captured,00697.png,without_spatial_amplification,13.591088246412873,0.7062711715698242,0.218229740858078,0.16220489144325256
LOL-v2,Real_captured,00697.png,without_high_frequency_cue,25.349355244036936,0.8826348781585693,0.13681839406490326,0.07840332388877869
LOL-v2,Real_captured,00697.png,without_darkness_gate,19.48031166128613,0.8544543385505676,0.15199118852615356,0.09044066816568375
LOL-v2,Real_captured,00698.png,full,19.653549225467117,0.8913493752479553,0.11880704760551453,0.06525588035583496
LOL-v2,Real_captured,00698.png,retinex_base_only,12.175156993685954,0.5972493290901184,0.23057737946510315,0.1876845508813858
LOL-v2,Real_captured,00698.png,without_residual_refinement,27.75472192582137,0.908568263053894,0.10775299370288849,0.055562280118465424
LOL-v2,Real_captured,00698.png,without_tapetum_update,15.295148309562164,0.8012447357177734,0.17781677842140198,0.140746608376503
LOL-v2,Real_captured,00698.png,without_attention_modulation,19.501735500273334,0.8870575428009033,0.1350913792848587,0.0774468183517456
LOL-v2,Real_captured,00698.png,without_spatial_amplification,15.295136536291325,0.8012509346008301,0.1777612864971161,0.14070528745651245
LOL-v2,Real_captured,00698.png,without_high_frequency_cue,19.65355258657182,0.8913494944572449,0.11880654096603394,0.06525532156229019
LOL-v2,Real_captured,00698.png,without_darkness_gate,15.55155598452501,0.8460257053375244,0.16198857128620148,0.10640445351600647
LOL-v2,Real_captured,00699.png,full,19.537055353950183,0.8712225556373596,0.1257927119731903,0.07169356197118759
LOL-v2,Real_captured,00699.png,retinex_base_only,12.15975834743325,0.5867218971252441,0.23754321038722992,0.19702661037445068
LOL-v2,Real_captured,00699.png,without_residual_refinement,26.897153592066367,0.8874015808105469,0.11356599628925323,0.06154599040746689
LOL-v2,Real_captured,00699.png,without_tapetum_update,15.268189736452202,0.7879626750946045,0.18411634862422943,0.15032336115837097
LOL-v2,Real_captured,00699.png,without_attention_modulation,19.39371099732898,0.8669732809066772,0.14293833076953888,0.08674278855323792
LOL-v2,Real_captured,00699.png,without_spatial_amplification,15.268169056669596,0.7879699468612671,0.1840744912624359,0.15024039149284363
LOL-v2,Real_captured,00699.png,without_high_frequency_cue,19.537057898952277,0.8712229132652283,0.12579195201396942,0.07169307768344879
LOL-v2,Real_captured,00699.png,without_darkness_gate,15.495785454820567,0.8272701501846313,0.17001034319400787,0.11127255856990814
LOL-v2,Real_captured,00700.png,full,17.53305827539828,0.8028566241264343,0.09188510477542877,0.05729185789823532
LOL-v2,Real_captured,00700.png,retinex_base_only,12.427881446581724,0.5779353976249695,0.211783304810524,0.17131447792053223
LOL-v2,Real_captured,00700.png,without_residual_refinement,22.93416601706919,0.8262222409248352,0.07579271495342255,0.04376601427793503
LOL-v2,Real_captured,00700.png,without_tapetum_update,15.61661849867683,0.7567046880722046,0.16450344026088715,0.12804612517356873
LOL-v2,Real_captured,00700.png,without_attention_modulation,17.52622699811766,0.8026225566864014,0.0928143635392189,0.05763070657849312
LOL-v2,Real_captured,00700.png,without_spatial_amplification,15.616503810102593,0.7566772699356079,0.16453145444393158,0.12809039652347565
LOL-v2,Real_captured,00700.png,without_high_frequency_cue,17.53305598352736,0.8028568029403687,0.09188102930784225,0.05728980526328087
LOL-v2,Real_captured,00700.png,without_darkness_gate,13.995781669849583,0.758590817451477,0.13789395987987518,0.10654328018426895
LOL-v2,Real_captured,00701.png,full,17.588478092929336,0.8125898241996765,0.08883638679981232,0.05496639013290405
LOL-v2,Real_captured,00701.png,retinex_base_only,12.43578363527827,0.5829789042472839,0.2094215303659439,0.17052336037158966
LOL-v2,Real_captured,00701.png,without_residual_refinement,23.12697598671173,0.836197555065155,0.07222660630941391,0.04139334335923195
LOL-v2,Real_captured,00701.png,without_tapetum_update,15.632960555120196,0.7636054754257202,0.16271145641803741,0.12790143489837646
LOL-v2,Real_captured,00701.png,without_attention_modulation,17.581759399899767,0.8123571276664734,0.08970636874437332,0.05526120588183403
LOL-v2,Real_captured,00701.png,without_spatial_amplification,15.632851648854702,0.7635778784751892,0.16273659467697144,0.1279560923576355
LOL-v2,Real_captured,00701.png,without_high_frequency_cue,17.58847577162472,0.8125898241996765,0.08883187919855118,0.05496234446763992
LOL-v2,Real_captured,00701.png,without_darkness_gate,14.021546171732158,0.7676541805267334,0.13524460792541504,0.10476019978523254
LOL-v2,Real_captured,00702.png,full,21.720135425113234,0.899069607257843,0.1323316991329193,0.0804729238152504
LOL-v2,Real_captured,00702.png,retinex_base_only,7.735857754334193,0.39890238642692566,0.35400041937828064,0.3148202896118164
LOL-v2,Real_captured,00702.png,without_residual_refinement,16.045537694533678,0.8435243368148804,0.1540801227092743,0.10057515650987625
LOL-v2,Real_captured,00702.png,without_tapetum_update,9.496411297684032,0.5862411260604858,0.2980203628540039,0.25349241495132446
LOL-v2,Real_captured,00702.png,without_attention_modulation,21.78651083734597,0.8986341953277588,0.13648152351379395,0.08153669536113739
LOL-v2,Real_captured,00702.png,without_spatial_amplification,9.496487369413266,0.5861875414848328,0.2982349693775177,0.2537664473056793
LOL-v2,Real_captured,00702.png,without_high_frequency_cue,21.720133622016,0.8990705013275146,0.1323309987783432,0.08047343790531158
LOL-v2,Real_captured,00702.png,without_darkness_gate,26.25568197103933,0.903282105922699,0.1289445161819458,0.0798947662115097
LOL-v2,Real_captured,00703.png,full,21.660645536498556,0.8982709050178528,0.13266287744045258,0.07882458716630936
LOL-v2,Real_captured,00703.png,retinex_base_only,7.732450979194436,0.39817261695861816,0.3547708988189697,0.31529274582862854
LOL-v2,Real_captured,00703.png,without_residual_refinement,16.01687677764562,0.842259407043457,0.15414804220199585,0.09904566407203674
LOL-v2,Real_captured,00703.png,without_tapetum_update,9.492219327813158,0.5856554508209229,0.2987094521522522,0.2528225779533386
LOL-v2,Real_captured,00703.png,without_attention_modulation,21.728172652240648,0.897836446762085,0.13685078918933868,0.0789315477013588
LOL-v2,Real_captured,00703.png,without_spatial_amplification,9.492306553289719,0.5856055617332458,0.29895201325416565,0.25307002663612366
LOL-v2,Real_captured,00703.png,without_high_frequency_cue,21.66064672221011,0.8982717394828796,0.13266214728355408,0.07882506400346756
LOL-v2,Real_captured,00703.png,without_darkness_gate,26.124683512223502,0.9024388790130615,0.12913784384727478,0.07825110107660294
LOL-v2,Real_captured,00704.png,full,21.629819983211,0.8979380130767822,0.1342339813709259,0.08272259682416916
LOL-v2,Real_captured,00704.png,retinex_base_only,7.728063749773546,0.39787769317626953,0.3542667627334595,0.31484922766685486
LOL-v2,Real_captured,00704.png,without_residual_refinement,15.997572018363876,0.8418614864349365,0.1558610051870346,0.10283195972442627
LOL-v2,Real_captured,00704.png,without_tapetum_update,9.486712126257567,0.5853658318519592,0.2980113923549652,0.2525901794433594
LOL-v2,Real_captured,00704.png,without_attention_modulation,21.69757815508494,0.8975109457969666,0.13796551525592804,0.0828864797949791
LOL-v2,Real_captured,00704.png,without_spatial_amplification,9.486801253771182,0.5853246450424194,0.29823073744773865,0.2528002858161926
LOL-v2,Real_captured,00704.png,without_high_frequency_cue,21.62981792289241,0.8979387283325195,0.1342339664697647,0.08272410929203033
LOL-v2,Real_captured,00704.png,without_darkness_gate,26.1572499760989,0.9020084142684937,0.13049323856830597,0.08331239223480225
LOL-v2,Real_captured,00705.png,full,29.340182172670236,0.9024645686149597,0.13781996071338654,0.07890605181455612
LOL-v2,Real_captured,00705.png,retinex_base_only,8.983798354814038,0.47358694672584534,0.335298627614975,0.2837637662887573
LOL-v2,Real_captured,00705.png,without_residual_refinement,21.37752517078691,0.8813331723213196,0.1436719000339508,0.08615931868553162
LOL-v2,Real_captured,00705.png,without_tapetum_update,11.066836231744631,0.6596361398696899,0.2830953001976013,0.22845526039600372
LOL-v2,Real_captured,00705.png,without_attention_modulation,29.307084220296915,0.8996875882148743,0.15410752594470978,0.08596957474946976
LOL-v2,Real_captured,00705.png,without_spatial_amplification,11.066731573525665,0.6596084237098694,0.28307610750198364,0.22859518229961395
LOL-v2,Real_captured,00705.png,without_high_frequency_cue,29.340184344284992,0.9024646878242493,0.13781976699829102,0.07890617847442627
LOL-v2,Real_captured,00705.png,without_darkness_gate,22.151840525087174,0.893156111240387,0.1465713381767273,0.08639292418956757
LOL-v2,Real_captured,00706.png,full,25.709287085477367,0.8995978236198425,0.15264983475208282,0.11358591169118881
LOL-v2,Real_captured,00706.png,retinex_base_only,8.618951533447717,0.43290242552757263,0.3719980716705322,0.3359529376029968
LOL-v2,Real_captured,00706.png,without_residual_refinement,18.454658063658545,0.8610422611236572,0.16597715020179749,0.12908856570720673
LOL-v2,Real_captured,00706.png,without_tapetum_update,10.605047868875337,0.6285634636878967,0.3104807734489441,0.27400216460227966
LOL-v2,Real_captured,00706.png,without_attention_modulation,25.87203547626364,0.8976562023162842,0.1666930615901947,0.12047495692968369
LOL-v2,Real_captured,00706.png,without_spatial_amplification,10.604935170875347,0.628521203994751,0.31045618653297424,0.27419590950012207
LOL-v2,Real_captured,00706.png,without_high_frequency_cue,25.70927390835606,0.8995977640151978,0.1526508778333664,0.11358654499053955
LOL-v2,Real_captured,00706.png,without_darkness_gate,25.670474020512827,0.8987590670585632,0.15688875317573547,0.11632049083709717
LOL-v2,Real_captured,00707.png,full,29.209308613372098,0.9023663401603699,0.14009204506874084,0.07754716277122498
LOL-v2,Real_captured,00707.png,retinex_base_only,8.965869214800993,0.4723033607006073,0.33696502447128296,0.2854844629764557
LOL-v2,Real_captured,00707.png,without_residual_refinement,21.2382051117237,0.8810735940933228,0.14626799523830414,0.0856219008564949
LOL-v2,Real_captured,00707.png,without_tapetum_update,11.043466255187212,0.6584960222244263,0.28488993644714355,0.23028001189231873
LOL-v2,Real_captured,00707.png,without_attention_modulation,29.181408317483054,0.899512767791748,0.15483665466308594,0.08274966478347778
LOL-v2,Real_captured,00707.png,without_spatial_amplification,11.04335763274835,0.6584671139717102,0.2848818898200989,0.23042795062065125
LOL-v2,Real_captured,00707.png,without_high_frequency_cue,29.20931072052197,0.9023663401603699,0.140092134475708,0.07754699885845184
LOL-v2,Real_captured,00707.png,without_darkness_gate,22.3434118130479,0.8933783173561096,0.1480553150177002,0.08493256568908691
LOL-v2,Real_captured,00708.png,full,18.104211938266793,0.8512732982635498,0.12328469753265381,0.07772014290094376
LOL-v2,Real_captured,00708.png,retinex_base_only,12.782910596291938,0.619631290435791,0.2426868975162506,0.19319362938404083
LOL-v2,Real_captured,00708.png,without_residual_refinement,25.20376407419576,0.9001839756965637,0.1016053557395935,0.05806022509932518
LOL-v2,Real_captured,00708.png,without_tapetum_update,15.896767617380668,0.8053746819496155,0.20009741187095642,0.14824824035167694
LOL-v2,Real_captured,00708.png,without_attention_modulation,18.019946166367625,0.8475749492645264,0.13456246256828308,0.07823227345943451
LOL-v2,Real_captured,00708.png,without_spatial_amplification,15.895986837023683,0.8051626682281494,0.20016638934612274,0.14829902350902557
LOL-v2,Real_captured,00708.png,without_high_frequency_cue,18.10421402946755,0.8512741327285767,0.12328387796878815,0.07772012054920197
LOL-v2,Real_captured,00708.png,without_darkness_gate,14.545268646011053,0.8104485273361206,0.16728881001472473,0.12051522731781006
LOL-v2,Real_captured,00709.png,full,17.976197070216074,0.8521918654441833,0.1194225549697876,0.07399167865514755
LOL-v2,Real_captured,00709.png,retinex_base_only,12.825083305762053,0.6225663423538208,0.24176569283008575,0.19014818966388702
LOL-v2,Real_captured,00709.png,without_residual_refinement,25.00410322447335,0.9019380211830139,0.09787772595882416,0.054245080798864365
LOL-v2,Real_captured,00709.png,without_tapetum_update,15.959301948660247,0.8082111477851868,0.19919630885124207,0.14596204459667206
LOL-v2,Real_captured,00709.png,without_attention_modulation,17.901181117049248,0.8489439487457275,0.1296159029006958,0.07481427490711212
LOL-v2,Real_captured,00709.png,without_spatial_amplification,15.958575875161669,0.8080013394355774,0.19922083616256714,0.14604832231998444
LOL-v2,Real_captured,00709.png,without_high_frequency_cue,17.97620062352005,0.8521926999092102,0.11942221224308014,0.07399190217256546
LOL-v2,Real_captured,00709.png,without_darkness_gate,14.419038598607338,0.8106504678726196,0.16469088196754456,0.11786670237779617
LOL-v2,Real_captured,00710.png,full,32.72631999400184,0.960114061832428,0.04717346280813217,0.020747914910316467
LOL-v2,Real_captured,00710.png,retinex_base_only,9.125278039985352,0.49595907330513,0.32999444007873535,0.25533926486968994
LOL-v2,Real_captured,00710.png,without_residual_refinement,21.256118714524483,0.9097153544425964,0.07041691243648529,0.03891928121447563
LOL-v2,Real_captured,00710.png,without_tapetum_update,11.200544685781464,0.7237353920936584,0.2506563067436218,0.1837797462940216
LOL-v2,Real_captured,00710.png,without_attention_modulation,32.962931363463746,0.9601787328720093,0.04901200532913208,0.021395280957221985
LOL-v2,Real_captured,00710.png,without_spatial_amplification,11.200376178928721,0.7236788868904114,0.25057393312454224,0.18373028934001923
LOL-v2,Real_captured,00710.png,without_high_frequency_cue,32.72636072236399,0.960114598274231,0.04717177152633667,0.02074562758207321
LOL-v2,Real_captured,00710.png,without_darkness_gate,23.785630039114732,0.9404829144477844,0.08954092860221863,0.06667893379926682
LOL-v2,Real_captured,00711.png,full,32.74678098217295,0.960266649723053,0.04828230291604996,0.02162448689341545
LOL-v2,Real_captured,00711.png,retinex_base_only,9.124470189720025,0.4959756135940552,0.3295159339904785,0.25473910570144653
LOL-v2,Real_captured,00711.png,without_residual_refinement,21.271246456711186,0.9098524451255798,0.07164933532476425,0.039864681661129
LOL-v2,Real_captured,00711.png,without_tapetum_update,11.199372951953027,0.7238357663154602,0.2504657208919525,0.18335968255996704
LOL-v2,Real_captured,00711.png,without_attention_modulation,32.95177495261503,0.9603081941604614,0.050269871950149536,0.022772377356886864
LOL-v2,Real_captured,00711.png,without_spatial_amplification,11.199204490556705,0.7237759828567505,0.25037795305252075,0.18330128490924835
LOL-v2,Real_captured,00711.png,without_high_frequency_cue,32.74682142704864,0.960267186164856,0.04827960953116417,0.021621644496917725
LOL-v2,Real_captured,00711.png,without_darkness_gate,23.76639606831855,0.9404918551445007,0.09112037718296051,0.06775602698326111
LOL-v2,Real_captured,00712.png,full,33.79372335522607,0.9625691175460815,0.028703385964035988,0.01676398515701294
LOL-v2,Real_captured,00712.png,retinex_base_only,8.091555998013964,0.5242089629173279,0.25562429428100586,0.2259387969970703
LOL-v2,Real_captured,00712.png,without_residual_refinement,20.82383967029644,0.9367393255233765,0.048105139285326004,0.03339417651295662
LOL-v2,Real_captured,00712.png,without_tapetum_update,10.004752609982999,0.6994596123695374,0.20997601747512817,0.17777001857757568
LOL-v2,Real_captured,00712.png,without_attention_modulation,33.88868994964589,0.9625603556632996,0.02912660874426365,0.016635194420814514
LOL-v2,Real_captured,00712.png,without_spatial_amplification,10.004737709279397,0.699430525302887,0.20999476313591003,0.17778965830802917
LOL-v2,Real_captured,00712.png,without_high_frequency_cue,33.793666132869184,0.9625693559646606,0.028701569885015488,0.016760103404521942
LOL-v2,Real_captured,00712.png,without_darkness_gate,21.760607324825468,0.947422206401825,0.054843153804540634,0.04306812956929207
LOL-v2,Real_captured,00713.png,full,33.801634256800675,0.9617424011230469,0.02971641719341278,0.016899172216653824
LOL-v2,Real_captured,00713.png,retinex_base_only,8.099524272850168,0.5248770713806152,0.2562093436717987,0.22628509998321533
LOL-v2,Real_captured,00713.png,without_residual_refinement,20.885365356543957,0.9364246726036072,0.048866935074329376,0.0331345796585083
LOL-v2,Real_captured,00713.png,without_tapetum_update,10.014580061877727,0.699694037437439,0.21068048477172852,0.17791034281253815
LOL-v2,Real_captured,00713.png,without_attention_modulation,33.90795436442616,0.9617451429367065,0.030127663165330887,0.01668447256088257
LOL-v2,Real_captured,00713.png,without_spatial_amplification,10.014561556141615,0.6996651291847229,0.21069613099098206,0.17792421579360962
LOL-v2,Real_captured,00713.png,without_high_frequency_cue,33.80159998202521,0.9617429971694946,0.029714610427618027,0.016894642263650894
LOL-v2,Real_captured,00713.png,without_darkness_gate,21.67651887432347,0.9464234709739685,0.05573457479476929,0.042920440435409546
LOL-v2,Real_captured,00714.png,full,21.793073348116128,0.8823736310005188,0.07158239930868149,0.0483882874250412
LOL-v2,Real_captured,00714.png,retinex_base_only,12.440692884976805,0.4542992115020752,0.20921014249324799,0.18309223651885986
LOL-v2,Real_captured,00714.png,without_residual_refinement,26.39023532190347,0.8741143941879272,0.0736711248755455,0.05138403922319412
LOL-v2,Real_captured,00714.png,without_tapetum_update,15.452383120780693,0.6777651906013489,0.16892927885055542,0.14206388592720032
LOL-v2,Real_captured,00714.png,without_attention_modulation,21.79099175383721,0.8823011517524719,0.07145684957504272,0.04845361411571503
LOL-v2,Real_captured,00714.png,without_spatial_amplification,15.45316247351774,0.677647590637207,0.1689821183681488,0.14221328496932983
LOL-v2,Real_captured,00714.png,without_high_frequency_cue,21.793108798548975,0.8823768496513367,0.07158713042736053,0.048394836485385895
LOL-v2,Real_captured,00714.png,without_darkness_gate,17.45865378994854,0.843500018119812,0.09359928965568542,0.06887774914503098
LOL-v2,Real_captured,00715.png,full,21.00084915409809,0.8807887434959412,0.06860391795635223,0.044442784041166306
LOL-v2,Real_captured,00715.png,retinex_base_only,12.588062276716798,0.47135573625564575,0.1992022544145584,0.17602863907814026
LOL-v2,Real_captured,00715.png,without_residual_refinement,26.41897474513303,0.8804537653923035,0.06916493922472,0.04596610367298126
LOL-v2,Real_captured,00715.png,without_tapetum_update,15.663538410490743,0.6909986734390259,0.15876361727714539,0.13262224197387695
LOL-v2,Real_captured,00715.png,without_attention_modulation,20.99838282987028,0.8807696104049683,0.06842589378356934,0.04449751600623131
LOL-v2,Real_captured,00715.png,without_spatial_amplification,15.664186686504198,0.6909087896347046,0.15861612558364868,0.13252869248390198
LOL-v2,Real_captured,00715.png,without_high_frequency_cue,21.00088633278746,0.880790114402771,0.068602055311203,0.04444058984518051
LOL-v2,Real_captured,00715.png,without_darkness_gate,16.7968453051948,0.8372513055801392,0.09357456862926483,0.06722397357225418
LOL-v2,Real_captured,00716.png,full,24.266465122380207,0.9291722178459167,0.07098549604415894,0.04146469011902809
LOL-v2,Real_captured,00716.png,retinex_base_only,10.636692692457132,0.5709700584411621,0.2411653846502304,0.1828143298625946
LOL-v2,Real_captured,00716.png,without_residual_refinement,28.877585490567135,0.92844557762146,0.07200651615858078,0.04204728454351425
LOL-v2,Real_captured,00716.png,without_tapetum_update,13.178351272852797,0.767314076423645,0.17675405740737915,0.12490859627723694
LOL-v2,Real_captured,00716.png,without_attention_modulation,22.575540844415862,0.9314414858818054,0.06199045851826668,0.033376749604940414
LOL-v2,Real_captured,00716.png,without_spatial_amplification,13.178303176383931,0.7673004269599915,0.17677822709083557,0.12492349743843079
LOL-v2,Real_captured,00716.png,without_high_frequency_cue,24.266443517101703,0.9291725754737854,0.07097893953323364,0.04146159440279007
LOL-v2,Real_captured,00716.png,without_darkness_gate,18.539448479895594,0.8809289336204529,0.11325529217720032,0.0808875560760498
LOL-v2,Real_captured,00717.png,full,27.75149240665776,0.9150655269622803,0.09934106469154358,0.05278098210692406
LOL-v2,Real_captured,00717.png,retinex_base_only,10.013394230838449,0.500844419002533,0.31370097398757935,0.2380140721797943
LOL-v2,Real_captured,00717.png,without_residual_refinement,23.999619730452146,0.8966501951217651,0.11025850474834442,0.06029587239027023
LOL-v2,Real_captured,00717.png,without_tapetum_update,12.3424060089948,0.7115339040756226,0.23635384440422058,0.16810239851474762
LOL-v2,Real_captured,00717.png,without_attention_modulation,27.658325172966034,0.9134349822998047,0.10958107560873032,0.05567184090614319
LOL-v2,Real_captured,00717.png,without_spatial_amplification,12.342507002039863,0.7114944458007812,0.23619191348552704,0.16797775030136108
LOL-v2,Real_captured,00717.png,without_high_frequency_cue,27.751477946127807,0.9150651097297668,0.09933801740407944,0.05278022587299347
LOL-v2,Real_captured,00717.png,without_darkness_gate,21.15042709668544,0.8834298849105835,0.12854966521263123,0.07703778147697449
LOL-v2,Real_captured,00718.png,full,19.665953710096083,0.8851177096366882,0.09033696353435516,0.059824276715517044
LOL-v2,Real_captured,00718.png,retinex_base_only,11.38139191917455,0.5457858443260193,0.2387944459915161,0.20306405425071716
LOL-v2,Real_captured,00718.png,without_residual_refinement,25.151066694687664,0.8819887042045593,0.08509120345115662,0.053081098943948746
LOL-v2,Real_captured,00718.png,without_tapetum_update,13.755971260873386,0.7682574987411499,0.1828087866306305,0.1445375233888626
LOL-v2,Real_captured,00718.png,without_attention_modulation,19.664882328701985,0.8850904703140259,0.09052658826112747,0.05991391837596893
LOL-v2,Real_captured,00718.png,without_spatial_amplification,13.755696192393373,0.7677403092384338,0.18264375627040863,0.1448194980621338
LOL-v2,Real_captured,00718.png,without_high_frequency_cue,19.66593311131738,0.8851048946380615,0.09034079313278198,0.05981314554810524
LOL-v2,Real_captured,00718.png,without_darkness_gate,16.531934653561486,0.8172036409378052,0.1632852554321289,0.11670689284801483
LOL-v2,Real_captured,00719.png,full,19.702363213013218,0.8890842795372009,0.09035500884056091,0.05897443741559982
LOL-v2,Real_captured,00719.png,retinex_base_only,11.3798089062335,0.5470331311225891,0.2361515611410141,0.20373345911502838
LOL-v2,Real_captured,00719.png,without_residual_refinement,25.230664890559176,0.8856551051139832,0.0849258303642273,0.05283695459365845
LOL-v2,Real_captured,00719.png,without_tapetum_update,13.755119219864651,0.7701147794723511,0.1806984841823578,0.14447404444217682
LOL-v2,Real_captured,00719.png,without_attention_modulation,19.70130697834925,0.8890568614006042,0.09051478654146194,0.059037212282419205
LOL-v2,Real_captured,00719.png,without_spatial_amplification,13.754855343861163,0.7696029543876648,0.18064068257808685,0.14465020596981049
LOL-v2,Real_captured,00719.png,without_high_frequency_cue,19.702341685466422,0.8890699744224548,0.09036639332771301,0.05896211788058281
LOL-v2,Real_captured,00719.png,without_darkness_gate,16.5623967447757,0.8207216858863831,0.1637992262840271,0.11550915986299515
LOL-v2,Real_captured,00720.png,full,16.71548070200639,0.8485568761825562,0.09369979053735733,0.0668746829032898
LOL-v2,Real_captured,00720.png,retinex_base_only,14.952650826412533,0.6147773265838623,0.1803032010793686,0.14208973944187164
LOL-v2,Real_captured,00720.png,without_residual_refinement,22.238226142917455,0.8902766704559326,0.08326338231563568,0.055210113525390625
LOL-v2,Real_captured,00720.png,without_tapetum_update,19.44928586182159,0.8231030702590942,0.13681238889694214,0.10527166724205017
LOL-v2,Real_captured,00720.png,without_attention_modulation,16.707213735395463,0.8485403656959534,0.09419532120227814,0.06643343716859818
LOL-v2,Real_captured,00720.png,without_spatial_amplification,19.449648944362103,0.8229968547821045,0.13683870434761047,0.10513590276241302
LOL-v2,Real_captured,00720.png,without_high_frequency_cue,16.71548867611599,0.8485565781593323,0.09369919449090958,0.06687922775745392
LOL-v2,Real_captured,00720.png,without_darkness_gate,13.991403172399613,0.792035698890686,0.11052834987640381,0.08519959449768066
LOL-v2,Real_captured,00721.png,full,15.754774320039077,0.8330669403076172,0.09664326161146164,0.07253137230873108
LOL-v2,Real_captured,00721.png,retinex_base_only,15.32817746155917,0.6462796330451965,0.1696842610836029,0.1333199441432953
LOL-v2,Real_captured,00721.png,without_residual_refinement,20.698443065684824,0.8825764060020447,0.0835561752319336,0.057809725403785706
LOL-v2,Real_captured,00721.png,without_tapetum_update,20.065906650678645,0.8398444652557373,0.12815570831298828,0.09682983160018921
LOL-v2,Real_captured,00721.png,without_attention_modulation,15.744619867380912,0.8330906629562378,0.09747559577226639,0.07227356731891632
LOL-v2,Real_captured,00721.png,without_spatial_amplification,20.06605038164229,0.8397623300552368,0.12801797688007355,0.09658152610063553
LOL-v2,Real_captured,00721.png,without_high_frequency_cue,15.75477797239672,0.8330663442611694,0.0966401919722557,0.07253241539001465
LOL-v2,Real_captured,00721.png,without_darkness_gate,13.076218598405552,0.7690842151641846,0.11750997602939606,0.09517046064138412
LOL-v2,Real_captured,00722.png,full,15.33669556271575,0.8068373203277588,0.1179371029138565,0.10521482676267624
LOL-v2,Real_captured,00722.png,retinex_base_only,15.98026198459134,0.6517006158828735,0.13425412774085999,0.12284143269062042
LOL-v2,Real_captured,00722.png,without_residual_refinement,20.149398533084373,0.8659853339195251,0.10131784528493881,0.08560197055339813
LOL-v2,Real_captured,00722.png,without_tapetum_update,21.04025892325388,0.8255030512809753,0.10686571896076202,0.09413705766201019
LOL-v2,Real_captured,00722.png,without_attention_modulation,15.336280109427136,0.8068291544914246,0.11794094741344452,0.10521189123392105
LOL-v2,Real_captured,00722.png,without_spatial_amplification,21.03994029367349,0.8254064321517944,0.10691183805465698,0.09425017237663269
LOL-v2,Real_captured,00722.png,without_high_frequency_cue,15.336696392003574,0.8068378567695618,0.11793725192546844,0.10521429777145386
LOL-v2,Real_captured,00722.png,without_darkness_gate,12.877192589182103,0.7252830266952515,0.1666172444820404,0.15466220676898956
LOL-v2,Real_captured,00723.png,full,15.223301034368486,0.8049395084381104,0.12132997810840607,0.11111846566200256
LOL-v2,Real_captured,00723.png,retinex_base_only,16.007484484936256,0.6541500091552734,0.1405583918094635,0.13156303763389587
LOL-v2,Real_captured,00723.png,without_residual_refinement,20.01630728635218,0.8660088777542114,0.10017422586679459,0.08922687917947769
LOL-v2,Real_captured,00723.png,without_tapetum_update,21.0390934693259,0.8219546675682068,0.11554281413555145,0.1058388352394104
LOL-v2,Real_captured,00723.png,without_attention_modulation,15.222576664125151,0.8049285411834717,0.12132415175437927,0.1111154854297638
LOL-v2,Real_captured,00723.png,without_spatial_amplification,21.0387893105953,0.821862518787384,0.11560796201229095,0.10597927868366241
LOL-v2,Real_captured,00723.png,without_high_frequency_cue,15.22330238089408,0.8049399256706238,0.12133027613162994,0.11111834645271301
LOL-v2,Real_captured,00723.png,without_darkness_gate,12.802867633250779,0.7243027687072754,0.17098630964756012,0.15963034331798553
LOL-v2,Real_captured,00724.png,full,14.061522454246347,0.7055397629737854,0.21943876147270203,0.15646252036094666
LOL-v2,Real_captured,00724.png,retinex_base_only,17.075759365730278,0.6250975131988525,0.23349471390247345,0.20970545709133148
LOL-v2,Real_captured,00724.png,without_residual_refinement,18.186085800946334,0.7705264091491699,0.19043849408626556,0.12647521495819092
LOL-v2,Real_captured,00724.png,without_tapetum_update,22.60547584329066,0.7520024180412292,0.18877501785755157,0.13501715660095215
LOL-v2,Real_captured,00724.png,without_attention_modulation,14.060157497917196,0.7055748105049133,0.21926511824131012,0.15658491849899292
LOL-v2,Real_captured,00724.png,without_spatial_amplification,22.605378936785105,0.7519920468330383,0.18878231942653656,0.135032519698143
LOL-v2,Real_captured,00724.png,without_high_frequency_cue,14.06152286643563,0.7055397629737854,0.219438374042511,0.15646207332611084
LOL-v2,Real_captured,00724.png,without_darkness_gate,11.832920738270364,0.6368778944015503,0.2664533257484436,0.20032021403312683
LOL-v2,Real_captured,00725.png,full,14.053404559015078,0.7232025265693665,0.21037468314170837,0.15171916782855988
LOL-v2,Real_captured,00725.png,retinex_base_only,17.11279793605101,0.6400249004364014,0.22382239997386932,0.2032129466533661
LOL-v2,Real_captured,00725.png,without_residual_refinement,18.195193906749537,0.7898946404457092,0.1804324835538864,0.12256669253110886
LOL-v2,Real_captured,00725.png,without_tapetum_update,22.70238966978812,0.769503116607666,0.17885728180408478,0.13001705706119537
LOL-v2,Real_captured,00725.png,without_attention_modulation,14.052133458743615,0.723237931728363,0.21018309891223907,0.15180125832557678
LOL-v2,Real_captured,00725.png,without_spatial_amplification,22.70229208361272,0.769493043422699,0.17886090278625488,0.13002240657806396
LOL-v2,Real_captured,00725.png,without_high_frequency_cue,14.0534057932738,0.7232025861740112,0.21037434041500092,0.1517186462879181
LOL-v2,Real_captured,00725.png,without_darkness_gate,11.819649246609458,0.6523176431655884,0.25989192724227905,0.19395318627357483
LOL-v2,Real_captured,00726.png,full,16.713916540791505,0.8415769338607788,0.12399779260158539,0.08848254382610321
LOL-v2,Real_captured,00726.png,retinex_base_only,14.764066880160254,0.5503600835800171,0.20590698719024658,0.22389769554138184
LOL-v2,Real_captured,00726.png,without_residual_refinement,22.84216134660514,0.8886944651603699,0.11004260182380676,0.07106785476207733
LOL-v2,Real_captured,00726.png,without_tapetum_update,19.213896614393168,0.7039591073989868,0.18532797694206238,0.17651037871837616
LOL-v2,Real_captured,00726.png,without_attention_modulation,16.69765534455136,0.8415935039520264,0.12354947626590729,0.08880063891410828
LOL-v2,Real_captured,00726.png,without_spatial_amplification,19.213754529110904,0.7039476037025452,0.1853604018688202,0.1765645444393158
LOL-v2,Real_captured,00726.png,without_high_frequency_cue,16.71391729995641,0.8415769338607788,0.12399759888648987,0.08848219364881516
LOL-v2,Real_captured,00726.png,without_darkness_gate,14.29737841534652,0.7821187376976013,0.17465700209140778,0.13501542806625366
LOL-v2,Real_captured,00727.png,full,16.699966161969165,0.8375054001808167,0.13421958684921265,0.09530855715274811
LOL-v2,Real_captured,00727.png,retinex_base_only,14.791814730757526,0.5514498949050903,0.2008548229932785,0.21216362714767456
LOL-v2,Real_captured,00727.png,without_residual_refinement,22.740592502876027,0.8839068412780762,0.12137888371944427,0.08159000426530838
LOL-v2,Real_captured,00727.png,without_tapetum_update,19.289349474869596,0.7073430418968201,0.17872631549835205,0.16046661138534546
LOL-v2,Real_captured,00727.png,without_attention_modulation,16.685221361024396,0.8375381231307983,0.13347168266773224,0.09534479677677155
LOL-v2,Real_captured,00727.png,without_spatial_amplification,19.28922275654592,0.7073315382003784,0.1787519007921219,0.1605055183172226
LOL-v2,Real_captured,00727.png,without_high_frequency_cue,16.69996729706457,0.8375054001808167,0.13421958684921265,0.09530851989984512
LOL-v2,Real_captured,00727.png,without_darkness_gate,14.240593414596962,0.7756021022796631,0.194574773311615,0.15254127979278564
LOL-v2,Real_captured,00728.png,full,16.560670554338866,0.7832091450691223,0.15586718916893005,0.10437541455030441
LOL-v2,Real_captured,00728.png,retinex_base_only,14.752490583083265,0.5214415788650513,0.21573181450366974,0.21443267166614532
LOL-v2,Real_captured,00728.png,without_residual_refinement,22.197347888250455,0.8265140652656555,0.14374646544456482,0.09031990170478821
LOL-v2,Real_captured,00728.png,without_tapetum_update,19.181333448995968,0.6691948175430298,0.19337023794651031,0.16528907418251038
LOL-v2,Real_captured,00728.png,without_attention_modulation,16.547021554399414,0.7831918597221375,0.15509344637393951,0.10423583537340164
LOL-v2,Real_captured,00728.png,without_spatial_amplification,19.181211518294198,0.6691834330558777,0.19339372217655182,0.1653195321559906
LOL-v2,Real_captured,00728.png,without_high_frequency_cue,16.560671653604885,0.7832091450691223,0.15586721897125244,0.10437518358230591
LOL-v2,Real_captured,00728.png,without_darkness_gate,14.141490995264823,0.7236207723617554,0.21618257462978363,0.16171327233314514
LOL-v2,Real_captured,00729.png,full,23.85252552858093,0.9385573863983154,0.08581851422786713,0.06281281262636185
LOL-v2,Real_captured,00729.png,retinex_base_only,13.50357141398902,0.7046396136283875,0.19837844371795654,0.15006157755851746
LOL-v2,Real_captured,00729.png,without_residual_refinement,26.447516027258157,0.9277005195617676,0.09319772571325302,0.06769342720508575
LOL-v2,Real_captured,00729.png,without_tapetum_update,17.091411714955285,0.8637246489524841,0.1274046152830124,0.08873298764228821
LOL-v2,Real_captured,00729.png,without_attention_modulation,15.540961426093531,0.8754460215568542,0.09767334163188934,0.06897667050361633
LOL-v2,Real_captured,00729.png,without_spatial_amplification,17.09056009208006,0.8636661767959595,0.1274246722459793,0.08891051262617111
LOL-v2,Real_captured,00729.png,without_high_frequency_cue,23.85306274735472,0.9385855793952942,0.08573722094297409,0.06274382770061493
LOL-v2,Real_captured,00729.png,without_darkness_gate,19.220126272435223,0.9026239514350891,0.12774260342121124,0.10224760323762894
LOL-v2,Real_captured,00730.png,full,24.075167443818977,0.9420467019081116,0.07812286913394928,0.056798361241817474
LOL-v2,Real_captured,00730.png,retinex_base_only,13.500397845853666,0.7030794620513916,0.19244804978370667,0.14477036893367767
LOL-v2,Real_captured,00730.png,without_residual_refinement,26.221967628287352,0.9269199967384338,0.08531773090362549,0.060913700610399246
LOL-v2,Real_captured,00730.png,without_tapetum_update,17.105635332489275,0.8660956025123596,0.12185211479663849,0.083646260201931
LOL-v2,Real_captured,00730.png,without_attention_modulation,15.646105870468418,0.8800724148750305,0.08890271186828613,0.06303688883781433
LOL-v2,Real_captured,00730.png,without_spatial_amplification,17.104614372318704,0.8659999966621399,0.12188112735748291,0.08381179720163345
LOL-v2,Real_captured,00730.png,without_high_frequency_cue,24.07568226483732,0.9420729875564575,0.07806076854467392,0.056738171726465225
LOL-v2,Real_captured,00730.png,without_darkness_gate,19.324282695586913,0.9056395888328552,0.12129276245832443,0.09688159078359604
LOL-v2,Real_captured,00731.png,full,16.247402640904113,0.8778517246246338,0.09231209754943848,0.05720790848135948
LOL-v2,Real_captured,00731.png,retinex_base_only,13.08175149849728,0.6408708095550537,0.1951727271080017,0.1536354124546051
LOL-v2,Real_captured,00731.png,without_residual_refinement,22.106921687273964,0.9196163415908813,0.07134687900543213,0.03685905411839485
LOL-v2,Real_captured,00731.png,without_tapetum_update,16.546799839847782,0.8005244731903076,0.14683839678764343,0.09927663207054138
LOL-v2,Real_captured,00731.png,without_attention_modulation,16.229669371665857,0.8774547576904297,0.09346964955329895,0.05665670335292816
LOL-v2,Real_captured,00731.png,without_spatial_amplification,16.546367401199355,0.8004588484764099,0.14690878987312317,0.09946058690547943
LOL-v2,Real_captured,00731.png,without_high_frequency_cue,16.247350480190555,0.8778349161148071,0.09230002015829086,0.0572148822247982
LOL-v2,Real_captured,00731.png,without_darkness_gate,12.651029677037332,0.8243024349212646,0.13262034952640533,0.09404419362545013
LOL-v2,Real_captured,00732.png,full,16.311368417601926,0.8786072134971619,0.08834139257669449,0.05171404778957367
LOL-v2,Real_captured,00732.png,retinex_base_only,13.082911174542826,0.6381560564041138,0.19036084413528442,0.14755520224571228
LOL-v2,Real_captured,00732.png,without_residual_refinement,22.147239510868708,0.9189625382423401,0.06653990596532822,0.03152953088283539
LOL-v2,Real_captured,00732.png,without_tapetum_update,16.56661688823607,0.8015606999397278,0.1423814743757248,0.09489835053682327
LOL-v2,Real_captured,00732.png,without_attention_modulation,16.29553895118426,0.8782104849815369,0.08921516686677933,0.05083716660737991
LOL-v2,Real_captured,00732.png,without_spatial_amplification,16.566181371279352,0.801497757434845,0.1424591839313507,0.0950939804315567
LOL-v2,Real_captured,00732.png,without_high_frequency_cue,16.31131098526406,0.878589391708374,0.08832499384880066,0.05172158032655716
LOL-v2,Real_captured,00732.png,without_darkness_gate,12.651831953160158,0.8239774107933044,0.13103170692920685,0.09117565304040909
LOL-v2,Real_captured,00733.png,full,17.26747344408435,0.8910951614379883,0.07178466767072678,0.04617396742105484
LOL-v2,Real_captured,00733.png,retinex_base_only,12.745445998806733,0.6229950785636902,0.18127226829528809,0.13629253208637238
LOL-v2,Real_captured,00733.png,without_residual_refinement,23.81153113716241,0.9200102686882019,0.06075829267501831,0.037168361246585846
LOL-v2,Real_captured,00733.png,without_tapetum_update,16.114316304239292,0.8071538209915161,0.1381508708000183,0.10315603762865067
LOL-v2,Real_captured,00733.png,without_attention_modulation,17.265851204907698,0.891045868396759,0.07189828902482986,0.04618482291698456
LOL-v2,Real_captured,00733.png,without_spatial_amplification,16.1141314843804,0.8070909976959229,0.13815723359584808,0.10322600603103638
LOL-v2,Real_captured,00733.png,without_high_frequency_cue,17.26748206775592,0.8910959959030151,0.07178448140621185,0.04617596045136452
LOL-v2,Real_captured,00733.png,without_darkness_gate,13.52134787008815,0.8397054672241211,0.09962501376867294,0.07023053616285324
LOL-v2,Real_captured,00734.png,full,17.324188747920367,0.8923128843307495,0.07113002240657806,0.044151969254016876
LOL-v2,Real_captured,00734.png,retinex_base_only,12.730311426671237,0.6215342283248901,0.18160276114940643,0.13704605400562286
LOL-v2,Real_captured,00734.png,without_residual_refinement,23.918398161086557,0.9211601614952087,0.060976337641477585,0.03566376864910126
LOL-v2,Real_captured,00734.png,without_tapetum_update,16.09288079758581,0.8061253428459167,0.13732220232486725,0.10298947244882584
LOL-v2,Real_captured,00734.png,without_attention_modulation,17.322617679157133,0.8922699689865112,0.07125221937894821,0.04417157918214798
LOL-v2,Real_captured,00734.png,without_spatial_amplification,16.092696558685883,0.8060626983642578,0.13731832802295685,0.10306171327829361
LOL-v2,Real_captured,00734.png,without_high_frequency_cue,17.324198358652506,0.892313539981842,0.07113064080476761,0.0441536009311676
LOL-v2,Real_captured,00734.png,without_darkness_gate,13.570921921027573,0.8415918350219727,0.0989050418138504,0.0683072879910469
LOL-v2,Real_captured,00735.png,full,19.85594458895514,0.8439218997955322,0.07574885338544846,0.05113217979669571
LOL-v2,Real_captured,00735.png,retinex_base_only,11.871526237372784,0.5131130218505859,0.21031825244426727,0.19779622554779053
LOL-v2,Real_captured,00735.png,without_residual_refinement,26.077716811482464,0.8602659702301025,0.07344283163547516,0.04938114434480667
LOL-v2,Real_captured,00735.png,without_tapetum_update,14.627415774722483,0.7119457721710205,0.15848544239997864,0.1463734656572342
LOL-v2,Real_captured,00735.png,without_attention_modulation,19.855218448614448,0.8439333438873291,0.07572358846664429,0.05108659714460373
LOL-v2,Real_captured,00735.png,without_spatial_amplification,14.627415774722483,0.7119068503379822,0.15851937234401703,0.14639480412006378
LOL-v2,Real_captured,00735.png,without_high_frequency_cue,19.855939111148952,0.8439222574234009,0.07574877887964249,0.05113248899579048
LOL-v2,Real_captured,00735.png,without_darkness_gate,15.146115787196878,0.7927215099334717,0.10653994232416153,0.07933992147445679
LOL-v2,Real_captured,00736.png,full,19.943899428318055,0.8541322946548462,0.07400848716497421,0.05032099783420563
LOL-v2,Real_captured,00736.png,retinex_base_only,11.876253716467648,0.5189262628555298,0.20715148746967316,0.1945241391658783
LOL-v2,Real_captured,00736.png,without_residual_refinement,26.42340182457555,0.870777428150177,0.0723661556839943,0.04772244393825531
LOL-v2,Real_captured,00736.png,without_tapetum_update,14.63719397757433,0.7198472023010254,0.155286505818367,0.1433345377445221
LOL-v2,Real_captured,00736.png,without_attention_modulation,19.943213125242217,0.8541423678398132,0.07399207353591919,0.05027196556329727
LOL-v2,Real_captured,00736.png,without_spatial_amplification,14.637191624510454,0.7198047637939453,0.15532265603542328,0.14335477352142334
LOL-v2,Real_captured,00736.png,without_high_frequency_cue,19.94389303988942,0.8541322946548462,0.07400834560394287,0.05032137408852577
LOL-v2,Real_captured,00736.png,without_darkness_gate,15.186023227575516,0.8018686771392822,0.10553281009197235,0.08043542504310608
LOL-v2,Real_captured,00737.png,full,17.638151969404788,0.8642618060112,0.12261411547660828,0.06755241006612778
LOL-v2,Real_captured,00737.png,retinex_base_only,12.627791164798193,0.5882349610328674,0.24249976873397827,0.18961426615715027
LOL-v2,Real_captured,00737.png,without_residual_refinement,24.57873911592877,0.8924333453178406,0.10997595638036728,0.056483782827854156
LOL-v2,Real_captured,00737.png,without_tapetum_update,16.009671288166565,0.7563310861587524,0.18499110639095306,0.1289532631635666
LOL-v2,Real_captured,00737.png,without_attention_modulation,17.634978152497027,0.8642194271087646,0.12319277971982956,0.06758967787027359
LOL-v2,Real_captured,00737.png,without_spatial_amplification,16.009621260440557,0.7562999129295349,0.18505780398845673,0.12904180586338043
LOL-v2,Real_captured,00737.png,without_high_frequency_cue,17.63812473259325,0.8642611503601074,0.12261887639760971,0.06756420433521271
LOL-v2,Real_captured,00737.png,without_darkness_gate,14.15928408525966,0.816601574420929,0.14801377058029175,0.09300210326910019
LOL-v2,Real_captured,00738.png,full,17.758362624392824,0.8725064992904663,0.11241598427295685,0.05801314488053322
LOL-v2,Real_captured,00738.png,retinex_base_only,12.629100687480431,0.587515115737915,0.229739710688591,0.17962238192558289
LOL-v2,Real_captured,00738.png,without_residual_refinement,24.7237186305551,0.8969319462776184,0.09815269708633423,0.045179612934589386
LOL-v2,Real_captured,00738.png,without_tapetum_update,16.031873894640803,0.7617380023002625,0.17570936679840088,0.12067120522260666
LOL-v2,Real_captured,00738.png,without_attention_modulation,17.756127920680118,0.8725153803825378,0.11279381811618805,0.05790651589632034
LOL-v2,Real_captured,00738.png,without_spatial_amplification,16.031836586998732,0.7616835832595825,0.17583751678466797,0.12082000821828842
LOL-v2,Real_captured,00738.png,without_high_frequency_cue,17.75834862374932,0.8725044131278992,0.11241309344768524,0.05801261216402054
LOL-v2,Real_captured,00738.png,without_darkness_gate,14.20470838533948,0.824242353439331,0.13928653299808502,0.08724908530712128
LOL-v2,Real_captured,00739.png,full,17.35807388728304,0.8441842198371887,0.16890893876552582,0.1320400983095169
LOL-v2,Real_captured,00739.png,retinex_base_only,12.538709535991313,0.6438094973564148,0.2594658136367798,0.23271775245666504
LOL-v2,Real_captured,00739.png,without_residual_refinement,23.943069732526517,0.882966160774231,0.13496772944927216,0.10681802034378052
LOL-v2,Real_captured,00739.png,without_tapetum_update,15.636022293681076,0.7881963849067688,0.22495320439338684,0.19754859805107117
LOL-v2,Real_captured,00739.png,without_attention_modulation,17.241751217736365,0.8406425714492798,0.1876562386751175,0.15125152468681335
LOL-v2,Real_captured,00739.png,without_spatial_amplification,15.635840163182849,0.7881876826286316,0.22492942214012146,0.19761180877685547
LOL-v2,Real_captured,00739.png,without_high_frequency_cue,17.358055395866078,0.8441842198371887,0.16890814900398254,0.13204257190227509
LOL-v2,Real_captured,00739.png,without_darkness_gate,13.5699865271579,0.7962670922279358,0.21924550831317902,0.17827533185482025
LOL-v2,Real_captured,00740.png,full,17.35905624692718,0.8426929116249084,0.17361173033714294,0.13506807386875153
LOL-v2,Real_captured,00740.png,retinex_base_only,12.538868321422196,0.6431233286857605,0.2618189752101898,0.23331287503242493
LOL-v2,Real_captured,00740.png,without_residual_refinement,23.95348018604132,0.881534218788147,0.14071346819400787,0.1098930835723877
LOL-v2,Real_captured,00740.png,without_tapetum_update,15.635523600053592,0.7871415019035339,0.22620262205600739,0.19773724675178528
LOL-v2,Real_captured,00740.png,without_attention_modulation,17.240402078341745,0.8391078114509583,0.19292785227298737,0.15511885285377502
LOL-v2,Real_captured,00740.png,without_spatial_amplification,15.635337937185662,0.7871310710906982,0.22617900371551514,0.19781170785427094
LOL-v2,Real_captured,00740.png,without_high_frequency_cue,17.35903819169757,0.8426927924156189,0.17361119389533997,0.1350703239440918
LOL-v2,Real_captured,00740.png,without_darkness_gate,13.570340267148524,0.7947657108306885,0.2251928150653839,0.18201544880867004
LOL-v2,Real_captured,00741.png,full,17.734112264393712,0.8677771687507629,0.10106077045202255,0.06838153302669525
LOL-v2,Real_captured,00741.png,retinex_base_only,13.028382268489654,0.6183351278305054,0.21758410334587097,0.178847998380661
LOL-v2,Real_captured,00741.png,without_residual_refinement,25.30509381008377,0.8978793621063232,0.08296427130699158,0.051933370530605316
LOL-v2,Real_captured,00741.png,without_tapetum_update,16.70084897743338,0.7937340140342712,0.16984769701957703,0.12854574620723724
LOL-v2,Real_captured,00741.png,without_attention_modulation,17.712156060325505,0.8675817847251892,0.10219597816467285,0.06742685288190842
LOL-v2,Real_captured,00741.png,without_spatial_amplification,16.70091558373703,0.7937331795692444,0.16990941762924194,0.12855982780456543
LOL-v2,Real_captured,00741.png,without_high_frequency_cue,17.73411082411399,0.8677771091461182,0.1010606586933136,0.06837907433509827
LOL-v2,Real_captured,00741.png,without_darkness_gate,14.575109062669211,0.8233281970024109,0.13021157681941986,0.0936463475227356
LOL-v2,Real_captured,00742.png,full,15.921945291238817,0.815798819065094,0.19705216586589813,0.12657299637794495
LOL-v2,Real_captured,00742.png,retinex_base_only,13.502185818086152,0.6377972364425659,0.26650598645210266,0.19902187585830688
LOL-v2,Real_captured,00742.png,without_residual_refinement,21.427391415238564,0.8517640829086304,0.1772526353597641,0.11036451160907745
LOL-v2,Real_captured,00742.png,without_tapetum_update,17.361467514538326,0.7860313653945923,0.2302098274230957,0.1573144495487213
LOL-v2,Real_captured,00742.png,without_attention_modulation,15.780643543825253,0.8133404850959778,0.21017535030841827,0.12129765003919601
LOL-v2,Real_captured,00742.png,without_spatial_amplification,17.361449449281423,0.7860385775566101,0.23022150993347168,0.15727448463439941
LOL-v2,Real_captured,00742.png,without_high_frequency_cue,15.921947189081944,0.8157989382743835,0.19705232977867126,0.12657430768013
LOL-v2,Real_captured,00742.png,without_darkness_gate,12.959899370431518,0.7656437754631042,0.22566388547420502,0.14913327991962433
LOL-v2,Real_captured,00743.png,full,16.895661054345517,0.8701897859573364,0.11201037466526031,0.08694543689489365
LOL-v2,Real_captured,00743.png,retinex_base_only,13.388113461944236,0.6253638863563538,0.2118145078420639,0.19634419679641724
LOL-v2,Real_captured,00743.png,without_residual_refinement,22.799738892292343,0.9019153714179993,0.10565195977687836,0.08105632662773132
LOL-v2,Real_captured,00743.png,without_tapetum_update,17.083486529060497,0.8086979389190674,0.1595722734928131,0.1412583589553833
LOL-v2,Real_captured,00743.png,without_attention_modulation,16.87779128513522,0.8702852725982666,0.11185035109519958,0.08520234376192093
LOL-v2,Real_captured,00743.png,without_spatial_amplification,17.083215827440497,0.80860435962677,0.1596268117427826,0.14138329029083252
LOL-v2,Real_captured,00743.png,without_high_frequency_cue,16.895656700500055,0.8701896667480469,0.1120108813047409,0.08694595843553543
LOL-v2,Real_captured,00743.png,without_darkness_gate,13.83162722567738,0.8238097429275513,0.14189189672470093,0.11112553626298904
LOL-v2,Real_captured,00744.png,full,17.656640980270733,0.8625344038009644,0.1360105276107788,0.10554534941911697
LOL-v2,Real_captured,00744.png,retinex_base_only,13.160656491193453,0.6028819680213928,0.24565863609313965,0.22687426209449768
LOL-v2,Real_captured,00744.png,without_residual_refinement,24.03367497416611,0.8845006823539734,0.1229000985622406,0.09511008113622665
LOL-v2,Real_captured,00744.png,without_tapetum_update,16.722566342747868,0.7861593961715698,0.1970760077238083,0.17366711795330048
LOL-v2,Real_captured,00744.png,without_attention_modulation,17.625620899822696,0.8618435859680176,0.13765381276607513,0.10570703446865082
LOL-v2,Real_captured,00744.png,without_spatial_amplification,16.722108818809186,0.786011815071106,0.19715529680252075,0.17371326684951782
LOL-v2,Real_captured,00744.png,without_high_frequency_cue,17.6566423950864,0.8625345826148987,0.1360110342502594,0.10554756969213486
LOL-v2,Real_captured,00744.png,without_darkness_gate,14.496351148212508,0.8192099332809448,0.16800928115844727,0.13211166858673096
LOL-v2,Real_captured,00745.png,full,22.38276735125487,0.8390256762504578,0.11925292015075684,0.07513106614351273
LOL-v2,Real_captured,00745.png,retinex_base_only,11.502675305433298,0.47773754596710205,0.29200518131256104,0.27161726355552673
LOL-v2,Real_captured,00745.png,without_residual_refinement,25.99159880216996,0.840863049030304,0.12184206396341324,0.0799003541469574
LOL-v2,Real_captured,00745.png,without_tapetum_update,14.093072391116424,0.6894005537033081,0.23413336277008057,0.19870135188102722
LOL-v2,Real_captured,00745.png,without_attention_modulation,22.365082431551777,0.838840126991272,0.11951357126235962,0.0747920423746109
LOL-v2,Real_captured,00745.png,without_spatial_amplification,14.093000147860996,0.6893327236175537,0.23417307436466217,0.19892282783985138
LOL-v2,Real_captured,00745.png,without_high_frequency_cue,22.382756149640972,0.8390255570411682,0.1192568987607956,0.07512621581554413
LOL-v2,Real_captured,00745.png,without_darkness_gate,17.18931922682198,0.8125495910644531,0.1497882753610611,0.10685262829065323
LOL-v2,Real_captured,00746.png,full,22.19004187633218,0.8256356120109558,0.12201164662837982,0.07669033855199814
LOL-v2,Real_captured,00746.png,retinex_base_only,11.484380843664962,0.4761306047439575,0.2923651933670044,0.2729353904724121
LOL-v2,Real_captured,00746.png,without_residual_refinement,25.610279865481825,0.8284485936164856,0.1252375692129135,0.08180127292871475
LOL-v2,Real_captured,00746.png,without_tapetum_update,14.060678784770264,0.6854179501533508,0.23399211466312408,0.20002512633800507
LOL-v2,Real_captured,00746.png,without_attention_modulation,22.17273252807322,0.8253939151763916,0.12206156551837921,0.07610555738210678
LOL-v2,Real_captured,00746.png,without_spatial_amplification,14.060614084107627,0.6853537559509277,0.23401451110839844,0.20024420320987701
LOL-v2,Real_captured,00746.png,without_high_frequency_cue,22.190025133543323,0.8256354331970215,0.12201535701751709,0.0766904205083847
LOL-v2,Real_captured,00746.png,without_darkness_gate,17.19572038199345,0.7984543442726135,0.15146218240261078,0.10681302845478058
LOL-v2,Real_captured,00747.png,full,17.682639477221958,0.873144268989563,0.09115278720855713,0.08123445510864258
LOL-v2,Real_captured,00747.png,retinex_base_only,13.546044942871276,0.6107637882232666,0.19785502552986145,0.16061605513095856
LOL-v2,Real_captured,00747.png,without_residual_refinement,24.559436141991917,0.9076547026634216,0.07787442207336426,0.06961337476968765
LOL-v2,Real_captured,00747.png,without_tapetum_update,17.369651308328542,0.7995453476905823,0.1509871482849121,0.11840271949768066
LOL-v2,Real_captured,00747.png,without_attention_modulation,17.66746222576633,0.8728396892547607,0.09220226854085922,0.0816815197467804
LOL-v2,Real_captured,00747.png,without_spatial_amplification,17.36947120127329,0.7994814515113831,0.15102176368236542,0.11843462288379669
LOL-v2,Real_captured,00747.png,without_high_frequency_cue,17.682634732856364,0.873145341873169,0.0911395326256752,0.08122622221708298
LOL-v2,Real_captured,00747.png,without_darkness_gate,14.671462849830618,0.8197759389877319,0.11987745761871338,0.10605350881814957
LOL-v2,Real_captured,00748.png,full,17.72623292343276,0.8835349082946777,0.08514606952667236,0.07762956619262695
LOL-v2,Real_captured,00748.png,retinex_base_only,13.556428477926438,0.6155490875244141,0.19413559138774872,0.1540345996618271
LOL-v2,Real_captured,00748.png,without_residual_refinement,24.70125224848324,0.9179390072822571,0.07189761847257614,0.06644787639379501
LOL-v2,Real_captured,00748.png,without_tapetum_update,17.398973490063806,0.806937575340271,0.1467525213956833,0.11175763607025146
LOL-v2,Real_captured,00748.png,without_attention_modulation,17.711794955091598,0.8832977414131165,0.08613456785678864,0.07816267758607864
LOL-v2,Real_captured,00748.png,without_spatial_amplification,17.398782385663814,0.8068698048591614,0.1468152403831482,0.1118028461933136
LOL-v2,Real_captured,00748.png,without_high_frequency_cue,17.72622765198204,0.8835362792015076,0.08513209968805313,0.07762067019939423
LOL-v2,Real_captured,00748.png,without_darkness_gate,14.670066614222154,0.828748345375061,0.11457406729459763,0.10471823811531067
LOL-v2,Real_captured,00749.png,full,18.341921308803876,0.8758862018585205,0.1724376380443573,0.13393822312355042
LOL-v2,Real_captured,00749.png,retinex_base_only,12.678298825283944,0.6051620841026306,0.2820497453212738,0.25251463055610657
LOL-v2,Real_captured,00749.png,without_residual_refinement,25.7002554582267,0.9064053297042847,0.167758047580719,0.13047850131988525
LOL-v2,Real_captured,00749.png,without_tapetum_update,16.064280675263426,0.7838521599769592,0.21918460726737976,0.19300363957881927
LOL-v2,Real_captured,00749.png,without_attention_modulation,18.29412563744006,0.8743472099304199,0.17921766638755798,0.14102397859096527
LOL-v2,Real_captured,00749.png,without_spatial_amplification,16.06417739331483,0.7838409543037415,0.21918582916259766,0.19304761290550232
LOL-v2,Real_captured,00749.png,without_high_frequency_cue,18.34189176551284,0.8758853673934937,0.17243288457393646,0.13393644988536835
LOL-v2,Real_captured,00749.png,without_darkness_gate,15.08072374411759,0.8320229053497314,0.19525766372680664,0.15704724192619324
LOL-v2,Real_captured,00750.png,full,17.921794521579834,0.8539604544639587,0.1388871818780899,0.1034451425075531
LOL-v2,Real_captured,00750.png,retinex_base_only,12.819349958949386,0.6102779507637024,0.2457127869129181,0.21340683102607727
LOL-v2,Real_captured,00750.png,without_residual_refinement,25.047791195969168,0.8862196207046509,0.12595991790294647,0.09175831079483032
LOL-v2,Real_captured,00750.png,without_tapetum_update,16.284249874652346,0.787068784236908,0.18820740282535553,0.15995553135871887
LOL-v2,Real_captured,00750.png,without_attention_modulation,17.87850901966295,0.85233473777771,0.143865168094635,0.11006850749254227
LOL-v2,Real_captured,00750.png,without_spatial_amplification,16.284154635738986,0.7870510220527649,0.18824473023414612,0.1600576490163803
LOL-v2,Real_captured,00750.png,without_high_frequency_cue,17.921779984031883,0.8539599180221558,0.13888223469257355,0.1034407764673233
LOL-v2,Real_captured,00750.png,without_darkness_gate,14.618501984425642,0.802623450756073,0.1691664606332779,0.13753831386566162
LOL-v2,Real_captured,00751.png,full,13.902663670631835,0.8069373369216919,0.13824434578418732,0.09663904458284378
LOL-v2,Real_captured,00751.png,retinex_base_only,15.716354575968492,0.7384929656982422,0.18805596232414246,0.14430832862854004
LOL-v2,Real_captured,00751.png,without_residual_refinement,18.07221423448833,0.8708339333534241,0.11322035640478134,0.0735723078250885
LOL-v2,Real_captured,00751.png,without_tapetum_update,20.609951388913252,0.8739320635795593,0.14677400887012482,0.10443420708179474
LOL-v2,Real_captured,00751.png,without_attention_modulation,13.836174251790354,0.8025338649749756,0.1549403816461563,0.11137688159942627
LOL-v2,Real_captured,00751.png,without_spatial_amplification,20.609801514340447,0.87392258644104,0.14674125611782074,0.10448257625102997
LOL-v2,Real_captured,00751.png,without_high_frequency_cue,13.902653338650065,0.8069371581077576,0.13823559880256653,0.0966281071305275
LOL-v2,Real_captured,00751.png,without_darkness_gate,11.252562836727783,0.742184579372406,0.17500434815883636,0.13435396552085876
LOL-v2,Real_captured,00752.png,full,14.809190006501371,0.8227144479751587,0.18034741282463074,0.143075630068779
LOL-v2,Real_captured,00752.png,retinex_base_only,15.089138304781395,0.7108463048934937,0.26678547263145447,0.22897908091545105
LOL-v2,Real_captured,00752.png,without_residual_refinement,19.587309182194193,0.8822870850563049,0.1584150344133377,0.12256152927875519
LOL-v2,Real_captured,00752.png,without_tapetum_update,19.451192473007488,0.8492390513420105,0.21499928832054138,0.17804986238479614
LOL-v2,Real_captured,00752.png,without_attention_modulation,14.741051100402595,0.818665623664856,0.20288407802581787,0.16613495349884033
LOL-v2,Real_captured,00752.png,without_spatial_amplification,19.451104073275257,0.8492349982261658,0.21494144201278687,0.1780436933040619
LOL-v2,Real_captured,00752.png,without_high_frequency_cue,14.809185110255836,0.8227142691612244,0.1803467571735382,0.14307557046413422
LOL-v2,Real_captured,00752.png,without_darkness_gate,12.310342382050592,0.7707871794700623,0.2133590430021286,0.17716430127620697
LOL-v2,Real_captured,00753.png,full,12.914721245107032,0.7444968819618225,0.1969217211008072,0.1366340070962906
LOL-v2,Real_captured,00753.png,retinex_base_only,17.94275959707604,0.760929524898529,0.19427336752414703,0.13622897863388062
LOL-v2,Real_captured,00753.png,without_residual_refinement,16.481934412405277,0.8157727718353271,0.1736963987350464,0.1141970306634903
LOL-v2,Real_captured,00753.png,without_tapetum_update,24.776027473447858,0.8857172131538391,0.16869251430034637,0.10857080668210983
LOL-v2,Real_captured,00753.png,without_attention_modulation,12.899565932085215,0.743793249130249,0.1984654814004898,0.13716162741184235
LOL-v2,Real_captured,00753.png,without_spatial_amplification,24.77563877059174,0.8856956958770752,0.16868643462657928,0.10862870514392853
LOL-v2,Real_captured,00753.png,without_high_frequency_cue,12.91472219470081,0.7444968819618225,0.19692182540893555,0.1366340070962906
LOL-v2,Real_captured,00753.png,without_darkness_gate,10.857522494900975,0.6751792430877686,0.2302241325378418,0.17107057571411133
LOL-v2,Real_captured,00754.png,full,12.92235825765406,0.7454422116279602,0.19893673062324524,0.13336123526096344
LOL-v2,Real_captured,00754.png,retinex_base_only,17.9382687249591,0.7604819536209106,0.19808177649974823,0.13859742879867554
LOL-v2,Real_captured,00754.png,without_residual_refinement,16.49167789160104,0.8166166543960571,0.17636391520500183,0.11113745719194412
LOL-v2,Real_captured,00754.png,without_tapetum_update,24.77545384527406,0.8860451579093933,0.1734931915998459,0.10937772691249847
LOL-v2,Real_captured,00754.png,without_attention_modulation,12.906782305905185,0.7446510791778564,0.2001591920852661,0.1342231184244156
LOL-v2,Real_captured,00754.png,without_spatial_amplification,24.77502359795556,0.8860185146331787,0.1735195815563202,0.10942703485488892
LOL-v2,Real_captured,00754.png,without_high_frequency_cue,12.922360160184457,0.7454422116279602,0.19893670082092285,0.13336127996444702
LOL-v2,Real_captured,00754.png,without_darkness_gate,10.865434378841076,0.6762508153915405,0.23183557391166687,0.1689755767583847
LOL-v2,Real_captured,00755.png,full,13.453035055017693,0.7331952452659607,0.22939154505729675,0.14401452243328094
LOL-v2,Real_captured,00755.png,retinex_base_only,17.61442593680149,0.7314241528511047,0.2360331118106842,0.15059593319892883
LOL-v2,Real_captured,00755.png,without_residual_refinement,17.24547895772146,0.7979504466056824,0.20989924669265747,0.12384781241416931
LOL-v2,Real_captured,00755.png,without_tapetum_update,24.294855027004616,0.8680833578109741,0.20347577333450317,0.11296196281909943
LOL-v2,Real_captured,00755.png,without_attention_modulation,13.376575615248443,0.7303009033203125,0.23672202229499817,0.1476110965013504
LOL-v2,Real_captured,00755.png,without_spatial_amplification,24.294799572433927,0.8680819272994995,0.2033858597278595,0.11287056654691696
LOL-v2,Real_captured,00755.png,without_high_frequency_cue,13.453036129920623,0.7331951260566711,0.22939208149909973,0.14401444792747498
LOL-v2,Real_captured,00755.png,without_darkness_gate,11.3974596491629,0.6685966849327087,0.25556865334510803,0.17431318759918213
LOL-v2,Real_captured,00756.png,full,13.477788457364426,0.7291303277015686,0.2335072159767151,0.14308048784732819
LOL-v2,Real_captured,00756.png,retinex_base_only,17.596048893198134,0.7273303866386414,0.23890180885791779,0.14948038756847382
LOL-v2,Real_captured,00756.png,without_residual_refinement,17.280393211141575,0.7935217022895813,0.2142210453748703,0.12274082005023956
LOL-v2,Real_captured,00756.png,without_tapetum_update,24.25947063021656,0.8640925288200378,0.20808424055576324,0.11261896044015884
LOL-v2,Real_captured,00756.png,without_attention_modulation,13.399477124361532,0.7256894111633301,0.24041755497455597,0.14598359167575836
LOL-v2,Real_captured,00756.png,without_spatial_amplification,24.25945445232371,0.8640896081924438,0.20805831253528595,0.11250955611467361
LOL-v2,Real_captured,00756.png,without_high_frequency_cue,13.477788817713405,0.729130208492279,0.23350754380226135,0.14308029413223267
LOL-v2,Real_captured,00756.png,without_darkness_gate,11.423409695235861,0.6646639108657837,0.2592991292476654,0.17630155384540558
LOL-v2,Real_captured,00757.png,full,19.678103774059178,0.8641392588615417,0.17738765478134155,0.11452855169773102
LOL-v2,Real_captured,00757.png,retinex_base_only,12.231372283749138,0.56878262758255,0.31240925192832947,0.2337186485528946
LOL-v2,Real_captured,00757.png,without_residual_refinement,28.06571734140863,0.8852747678756714,0.1708211600780487,0.10642904788255692
LOL-v2,Real_captured,00757.png,without_tapetum_update,15.44177682837369,0.7520319819450378,0.25215935707092285,0.18159158527851105
LOL-v2,Real_captured,00757.png,without_attention_modulation,19.620606824803268,0.8636824488639832,0.1782120019197464,0.11377409845590591
LOL-v2,Real_captured,00757.png,without_spatial_amplification,15.44181166202282,0.7520190477371216,0.25216546654701233,0.18164964020252228
LOL-v2,Real_captured,00757.png,without_high_frequency_cue,19.678057578777405,0.8641448020935059,0.1773780882358551,0.11452538520097733
LOL-v2,Real_captured,00757.png,without_darkness_gate,16.164387234370235,0.8291055560112,0.19395054876804352,0.13096462190151215
LOL-v2,Real_captured,00758.png,full,21.497611071206,0.875145673751831,0.14293870329856873,0.08873439580202103
LOL-v2,Real_captured,00758.png,retinex_base_only,11.936804357175742,0.5417203903198242,0.322965532541275,0.24979762732982635
LOL-v2,Real_captured,00758.png,without_residual_refinement,29.596967480500194,0.8879071474075317,0.13833802938461304,0.08380948007106781
LOL-v2,Real_captured,00758.png,without_tapetum_update,15.03592007591612,0.7386811971664429,0.2456582635641098,0.1801910400390625
LOL-v2,Real_captured,00758.png,without_attention_modulation,21.45854052004138,0.8749838471412659,0.14476847648620605,0.0894801914691925
LOL-v2,Real_captured,00758.png,without_spatial_amplification,15.036172857342041,0.7386568784713745,0.2456500232219696,0.18020093441009521
LOL-v2,Real_captured,00758.png,without_high_frequency_cue,21.497537982232288,0.8751614689826965,0.14291198551654816,0.08871468901634216
LOL-v2,Real_captured,00758.png,without_darkness_gate,17.697612390158127,0.8446821570396423,0.16097959876060486,0.105989471077919
LOL-v2,Real_captured,00759.png,full,15.979626314810684,0.7631878852844238,0.1532556414604187,0.12667584419250488
LOL-v2,Real_captured,00759.png,retinex_base_only,14.837233525203333,0.6113265752792358,0.18386687338352203,0.14720728993415833
LOL-v2,Real_captured,00759.png,without_residual_refinement,20.948954150505983,0.8142257332801819,0.12815465033054352,0.1021585613489151
LOL-v2,Real_captured,00759.png,without_tapetum_update,18.68256467217919,0.7880534529685974,0.14674529433250427,0.11051051318645477
LOL-v2,Real_captured,00759.png,without_attention_modulation,15.976599905241232,0.7630767226219177,0.15355637669563293,0.1269780695438385
LOL-v2,Real_captured,00759.png,without_spatial_amplification,18.682722055749405,0.7879641652107239,0.14662101864814758,0.11049218475818634
LOL-v2,Real_captured,00759.png,without_high_frequency_cue,15.979451626101257,0.7631929516792297,0.15321947634220123,0.12662963569164276
LOL-v2,Real_captured,00759.png,without_darkness_gate,13.15739072561258,0.7149072289466858,0.19551949203014374,0.1644149273633957
LOL-v2,Real_captured,00760.png,full,15.748110537193554,0.7885246872901917,0.14487718045711517,0.11615511775016785
LOL-v2,Real_captured,00760.png,retinex_base_only,15.011620248429809,0.6353381276130676,0.16640286147594452,0.1268351674079895
LOL-v2,Real_captured,00760.png,without_residual_refinement,20.584736912298315,0.8405911326408386,0.11832878738641739,0.0896824449300766
LOL-v2,Real_captured,00760.png,without_tapetum_update,18.99415812813047,0.8227348327636719,0.13276690244674683,0.09283694624900818
LOL-v2,Real_captured,00760.png,without_attention_modulation,15.7450055227903,0.7884231805801392,0.14503595232963562,0.11615520715713501
LOL-v2,Real_captured,00760.png,without_spatial_amplification,18.994086579464646,0.822554349899292,0.13260400295257568,0.0929691269993782
LOL-v2,Real_captured,00760.png,without_high_frequency_cue,15.748030309296928,0.7885397672653198,0.14481870830059052,0.11609834432601929
LOL-v2,Real_captured,00760.png,without_darkness_gate,12.903004202439528,0.7359429597854614,0.19049784541130066,0.15575355291366577
LOL-v2,Real_captured,00761.png,full,14.330241602974102,0.8227528929710388,0.1256558895111084,0.08810296654701233
LOL-v2,Real_captured,00761.png,retinex_base_only,15.41595911270684,0.7057467699050903,0.16289499402046204,0.12095760554075241
LOL-v2,Real_captured,00761.png,without_residual_refinement,18.262402317896555,0.879868745803833,0.10384147614240646,0.06896365433931351
LOL-v2,Real_captured,00761.png,without_tapetum_update,19.448805955326506,0.8984000086784363,0.12530075013637543,0.08973228931427002
LOL-v2,Real_captured,00761.png,without_attention_modulation,14.300756829635496,0.8196672201156616,0.13234135508537292,0.09022541344165802
LOL-v2,Real_captured,00761.png,without_spatial_amplification,19.447556024706966,0.8981302380561829,0.1252545416355133,0.08951321989297867
LOL-v2,Real_captured,00761.png,without_high_frequency_cue,14.330264404981207,0.8227555751800537,0.12565897405147552,0.08810260146856308
LOL-v2,Real_captured,00761.png,without_darkness_gate,11.47579918770111,0.7610716223716736,0.16539940237998962,0.12132999300956726
LOL-v2,Real_captured,00762.png,full,14.468504402603966,0.8246455192565918,0.1222522035241127,0.08745779097080231
LOL-v2,Real_captured,00762.png,retinex_base_only,15.350356598060909,0.7021895051002502,0.1617923080921173,0.12072769552469254
LOL-v2,Real_captured,00762.png,without_residual_refinement,18.478511882681968,0.8815513253211975,0.10051073133945465,0.06845451891422272
LOL-v2,Real_captured,00762.png,without_tapetum_update,19.359790269473702,0.8972617983818054,0.12361971288919449,0.08843272924423218
LOL-v2,Real_captured,00762.png,without_attention_modulation,14.437475849979261,0.821559488773346,0.12954004108905792,0.09013637900352478
LOL-v2,Real_captured,00762.png,without_spatial_amplification,19.358532545431206,0.8969835042953491,0.12357431650161743,0.08827157318592072
LOL-v2,Real_captured,00762.png,without_high_frequency_cue,14.468525678790767,0.8246479034423828,0.12225408107042313,0.0874575823545456
LOL-v2,Real_captured,00762.png,without_darkness_gate,11.617651612820598,0.7638992071151733,0.16087840497493744,0.11954963207244873
LOL-v2,Real_captured,00763.png,full,11.325013655186511,0.7101872563362122,0.1569102555513382,0.12056766450405121
LOL-v2,Real_captured,00763.png,retinex_base_only,21.08917732755995,0.8404057621955872,0.17834150791168213,0.13078422844409943
LOL-v2,Real_captured,00763.png,without_residual_refinement,14.304692337686031,0.7857977747917175,0.13653932511806488,0.09994862228631973
LOL-v2,Real_captured,00763.png,without_tapetum_update,31.417952206965914,0.9092835187911987,0.1502491682767868,0.1023298129439354
LOL-v2,Real_captured,00763.png,without_attention_modulation,11.288967608772912,0.7094055414199829,0.15904352068901062,0.11840211600065231
LOL-v2,Real_captured,00763.png,without_spatial_amplification,31.416839840751848,0.9092538952827454,0.15023621916770935,0.1023290604352951
LOL-v2,Real_captured,00763.png,without_high_frequency_cue,11.325015411232451,0.7101873755455017,0.15691018104553223,0.12056747078895569
LOL-v2,Real_captured,00763.png,without_darkness_gate,9.55432942870793,0.6424285769462585,0.1978045105934143,0.16255703568458557
LOL-v2,Real_captured,00764.png,full,11.549293703931834,0.7186288237571716,0.16075606644153595,0.12678520381450653
LOL-v2,Real_captured,00764.png,retinex_base_only,20.87029293207353,0.8339114785194397,0.16520220041275024,0.11630744487047195
LOL-v2,Real_captured,00764.png,without_residual_refinement,14.582549960972514,0.7951927185058594,0.14137274026870728,0.10654442012310028
LOL-v2,Real_captured,00764.png,without_tapetum_update,32.488208690806914,0.9156591892242432,0.13863258063793182,0.08877190202474594
LOL-v2,Real_captured,00764.png,without_attention_modulation,11.516813726073728,0.7174872756004333,0.16411419212818146,0.12661251425743103
LOL-v2,Real_captured,00764.png,without_spatial_amplification,32.48225105788545,0.9155600666999817,0.13863542675971985,0.08878909796476364
LOL-v2,Real_captured,00764.png,without_high_frequency_cue,11.549297402162289,0.7186298966407776,0.16075576841831207,0.12678499519824982
LOL-v2,Real_captured,00764.png,without_darkness_gate,9.757874570963137,0.6495211720466614,0.20339658856391907,0.17146903276443481
LOL-v2,Real_captured,00765.png,full,18.940130980548428,0.8106904625892639,0.13536272943019867,0.09631362557411194
LOL-v2,Real_captured,00765.png,retinex_base_only,12.930029688229169,0.473662406206131,0.21962988376617432,0.16964401304721832
LOL-v2,Real_captured,00765.png,without_residual_refinement,23.484634354607362,0.8297674655914307,0.13521921634674072,0.09723225235939026
LOL-v2,Real_captured,00765.png,without_tapetum_update,15.765986905708516,0.6884205341339111,0.18676328659057617,0.1311899870634079
LOL-v2,Real_captured,00765.png,without_attention_modulation,18.934141290268027,0.810661792755127,0.13471341133117676,0.09593991935253143
LOL-v2,Real_captured,00765.png,without_spatial_amplification,15.766432752489825,0.6882321238517761,0.18701721727848053,0.13148845732212067
LOL-v2,Real_captured,00765.png,without_high_frequency_cue,18.939841360078372,0.8106870651245117,0.13532641530036926,0.09625742584466934
LOL-v2,Real_captured,00765.png,without_darkness_gate,15.921191913030663,0.7705804705619812,0.15280485153198242,0.11653417348861694
LOL-v2,Real_captured,00766.png,full,19.114487570150864,0.8234832286834717,0.13014091551303864,0.09406851977109909
LOL-v2,Real_captured,00766.png,retinex_base_only,12.931547044574849,0.48004209995269775,0.21314096450805664,0.16548103094100952
LOL-v2,Real_captured,00766.png,without_residual_refinement,23.918142420981134,0.8442931771278381,0.13031303882598877,0.09390418976545334
LOL-v2,Real_captured,00766.png,without_tapetum_update,15.775663909976313,0.6970134377479553,0.18011195957660675,0.1285184621810913
LOL-v2,Real_captured,00766.png,without_attention_modulation,19.10814564471992,0.8234656453132629,0.12971678376197815,0.09358952939510345
LOL-v2,Real_captured,00766.png,without_spatial_amplification,15.77601134734814,0.6968017220497131,0.18020227551460266,0.12863114476203918
LOL-v2,Real_captured,00766.png,without_high_frequency_cue,19.11419499179894,0.823479950428009,0.13010717928409576,0.09400539845228195
LOL-v2,Real_captured,00766.png,without_darkness_gate,16.05467387972364,0.7829151153564453,0.14793661236763,0.11416858434677124
LOL-v2,Real_captured,00767.png,full,21.368862568221086,0.8162367343902588,0.1656888872385025,0.10483531653881073
LOL-v2,Real_captured,00767.png,retinex_base_only,12.483921596162899,0.44450947642326355,0.2424829751253128,0.2022259682416916
LOL-v2,Real_captured,00767.png,without_residual_refinement,20.905158849359232,0.7421829104423523,0.18202725052833557,0.119216687977314
LOL-v2,Real_captured,00767.png,without_tapetum_update,15.03288836138077,0.70839524269104,0.19478821754455566,0.1547936052083969
LOL-v2,Real_captured,00767.png,without_attention_modulation,21.301209576972084,0.8133630156517029,0.18303687870502472,0.11457045376300812
LOL-v2,Real_captured,00767.png,without_spatial_amplification,15.04213347504627,0.710347592830658,0.19429169595241547,0.1547108292579651
LOL-v2,Real_captured,00767.png,without_high_frequency_cue,21.36908985067986,0.816242516040802,0.16568441689014435,0.10483298450708389
LOL-v2,Real_captured,00767.png,without_darkness_gate,18.894798866928532,0.7876694798469543,0.18148967623710632,0.11595311015844345
LOL-v2,Real_captured,00768.png,full,23.996425933040793,0.8449333310127258,0.14355316758155823,0.08006913214921951
LOL-v2,Real_captured,00768.png,retinex_base_only,12.35703587850665,0.4092155992984772,0.25277066230773926,0.20517759025096893
LOL-v2,Real_captured,00768.png,without_residual_refinement,21.650444993029538,0.7514393925666809,0.16403129696846008,0.0998775064945221
LOL-v2,Real_captured,00768.png,without_tapetum_update,14.929016055416703,0.7000412344932556,0.1927666813135147,0.14553561806678772
LOL-v2,Real_captured,00768.png,without_attention_modulation,23.946607862386557,0.8431078195571899,0.15008856356143951,0.08284804970026016
LOL-v2,Real_captured,00768.png,without_spatial_amplification,14.932519079967502,0.7004568576812744,0.19403785467147827,0.14822617173194885
LOL-v2,Real_captured,00768.png,without_high_frequency_cue,23.99648988749277,0.8449451327323914,0.14354097843170166,0.08007844537496567
LOL-v2,Real_captured,00768.png,without_darkness_gate,20.969996419052833,0.8210476636886597,0.1602763533592224,0.09311416745185852
LOL-v2,Real_captured,00769.png,full,14.050029350945518,0.736453652381897,0.21666088700294495,0.19470247626304626
LOL-v2,Real_captured,00769.png,retinex_base_only,17.786564434432822,0.7534351348876953,0.21144911646842957,0.17268063127994537
LOL-v2,Real_captured,00769.png,without_residual_refinement,17.89660741478668,0.8382649421691895,0.1755686104297638,0.1580267697572708
LOL-v2,Real_captured,00769.png,without_tapetum_update,21.852083688875755,0.8972691297531128,0.16223618388175964,0.12127551436424255
LOL-v2,Real_captured,00769.png,without_attention_modulation,14.009805900298533,0.7325156331062317,0.23559078574180603,0.20970571041107178
LOL-v2,Real_captured,00769.png,without_spatial_amplification,21.851773293661715,0.8972361087799072,0.16223245859146118,0.12131132185459137
LOL-v2,Real_captured,00769.png,without_high_frequency_cue,14.050024006650148,0.7364537119865417,0.21666017174720764,0.1946973204612732
LOL-v2,Real_captured,00769.png,without_darkness_gate,12.219604069143218,0.6774705052375793,0.2589324712753296,0.23817454278469086
LOL-v2,Real_captured,00770.png,full,14.018379678850765,0.734692394733429,0.2219788134098053,0.19377540051937103
LOL-v2,Real_captured,00770.png,retinex_base_only,17.796238828736396,0.7540254592895508,0.21769669651985168,0.17925837635993958
LOL-v2,Real_captured,00770.png,without_residual_refinement,17.85181454487147,0.8365416526794434,0.18071898818016052,0.1593356728553772
LOL-v2,Real_captured,00770.png,without_tapetum_update,21.844684852885802,0.896148681640625,0.16875681281089783,0.1283540427684784
LOL-v2,Real_captured,00770.png,without_attention_modulation,13.978440891025038,0.7307648658752441,0.23972707986831665,0.20968568325042725
LOL-v2,Real_captured,00770.png,without_spatial_amplification,21.84434066079565,0.8961126208305359,0.16873987019062042,0.12839891016483307
LOL-v2,Real_captured,00770.png,without_high_frequency_cue,14.018374373360917,0.7346925139427185,0.22197820246219635,0.19377218186855316
LOL-v2,Real_captured,00770.png,without_darkness_gate,12.194829009278097,0.6760023832321167,0.26464319229125977,0.23584455251693726
LOL-v2,Real_captured,00771.png,full,15.411142994133009,0.6141014099121094,0.11262590438127518,0.09939395636320114
LOL-v2,Real_captured,00771.png,retinex_base_only,15.059140790857413,0.5101581811904907,0.16316960752010345,0.14393813908100128
LOL-v2,Real_captured,00771.png,without_residual_refinement,19.934884330944755,0.6571680903434753,0.1005382314324379,0.08358503133058548
LOL-v2,Real_captured,00771.png,without_tapetum_update,19.3814004227468,0.6612021923065186,0.11739455163478851,0.10223102569580078
LOL-v2,Real_captured,00771.png,without_attention_modulation,15.407745073108408,0.6140151023864746,0.11268464475870132,0.09939317405223846
LOL-v2,Real_captured,00771.png,without_spatial_amplification,19.38154248758796,0.661197304725647,0.11737428605556488,0.10220061987638474
LOL-v2,Real_captured,00771.png,without_high_frequency_cue,15.411142994133009,0.6141018867492676,0.11262421309947968,0.09939228743314743
LOL-v2,Real_captured,00771.png,without_darkness_gate,13.08821673308473,0.5547090172767639,0.1411740630865097,0.13512587547302246
LOL-v2,Real_captured,00772.png,full,15.666277626102483,0.7164269089698792,0.11933482438325882,0.10239449888467789
LOL-v2,Real_captured,00772.png,retinex_base_only,15.094675598247466,0.5751049518585205,0.16947215795516968,0.14840146899223328
LOL-v2,Real_captured,00772.png,without_residual_refinement,20.574828909373245,0.7630612850189209,0.11029709130525589,0.0894300788640976
LOL-v2,Real_captured,00772.png,without_tapetum_update,19.524035031427495,0.7405624985694885,0.125019371509552,0.10613830387592316
LOL-v2,Real_captured,00772.png,without_attention_modulation,15.656727974957514,0.7162521481513977,0.11947771906852722,0.10242393612861633
LOL-v2,Real_captured,00772.png,without_spatial_amplification,19.524319227594958,0.7405850887298584,0.12493354082107544,0.10607288777828217
LOL-v2,Real_captured,00772.png,without_high_frequency_cue,15.66627106518535,0.716428279876709,0.11933004856109619,0.10238846391439438
LOL-v2,Real_captured,00772.png,without_darkness_gate,13.337839468972666,0.6527306437492371,0.14510227739810944,0.13311363756656647
LOL-v2,Real_captured,00773.png,full,22.55708410524125,0.9094699621200562,0.1275600790977478,0.07826921343803406
LOL-v2,Real_captured,00773.png,retinex_base_only,12.016921543480208,0.54715496301651,0.286396861076355,0.21668417751789093
LOL-v2,Real_captured,00773.png,without_residual_refinement,28.788431855479928,0.9124633073806763,0.12831246852874756,0.07855314016342163
LOL-v2,Real_captured,00773.png,without_tapetum_update,15.107097651951255,0.7693636417388916,0.20834475755691528,0.14879557490348816
LOL-v2,Real_captured,00773.png,without_attention_modulation,22.467861229783686,0.9073632955551147,0.14079055190086365,0.08422379195690155
LOL-v2,Real_captured,00773.png,without_spatial_amplification,15.107203055570984,0.7692917585372925,0.20852531492710114,0.14914144575595856
LOL-v2,Real_captured,00773.png,without_high_frequency_cue,22.557035642042692,0.9094687700271606,0.1275598406791687,0.0782758817076683
LOL-v2,Real_captured,00773.png,without_darkness_gate,18.13095297874531,0.8768053650856018,0.14390838146209717,0.0919048935174942
LOL-v2,Real_captured,00774.png,full,19.149262335779934,0.8881008625030518,0.1483018398284912,0.09266188740730286
LOL-v2,Real_captured,00774.png,retinex_base_only,12.565188924979466,0.6025575399398804,0.26513710618019104,0.19783605635166168
LOL-v2,Real_captured,00774.png,without_residual_refinement,27.381439552281485,0.9118569493293762,0.14050503075122833,0.08423427492380142
LOL-v2,Real_captured,00774.png,without_tapetum_update,15.8615008981665,0.7957248091697693,0.20009541511535645,0.14093905687332153
LOL-v2,Real_captured,00774.png,without_attention_modulation,19.056051794629436,0.8853743076324463,0.1607934683561325,0.09463213384151459
LOL-v2,Real_captured,00774.png,without_spatial_amplification,15.861479686617772,0.7956819534301758,0.20018483698368073,0.14106552302837372
LOL-v2,Real_captured,00774.png,without_high_frequency_cue,19.1492523603544,0.8881003856658936,0.14830221235752106,0.09266441315412521
LOL-v2,Real_captured,00774.png,without_darkness_gate,15.529787159400392,0.8455788493156433,0.16698327660560608,0.11033593863248825
LOL-v2,Real_captured,00775.png,full,19.871909628247238,0.8449184894561768,0.09318436682224274,0.06740200519561768
LOL-v2,Real_captured,00775.png,retinex_base_only,12.66364998528033,0.474538117647171,0.20607736706733704,0.18657270073890686
LOL-v2,Real_captured,00775.png,without_residual_refinement,25.400740547001064,0.8369672894477844,0.08967031538486481,0.06466589868068695
LOL-v2,Real_captured,00775.png,without_tapetum_update,15.648472047064224,0.699497640132904,0.16871246695518494,0.14413487911224365
LOL-v2,Real_captured,00775.png,without_attention_modulation,19.859564973367544,0.8440635800361633,0.09357628971338272,0.0686582699418068
LOL-v2,Real_captured,00775.png,without_spatial_amplification,15.648787773315052,0.6992237567901611,0.16886022686958313,0.14450767636299133
LOL-v2,Real_captured,00775.png,without_high_frequency_cue,19.871937510967847,0.8449280261993408,0.09316761046648026,0.06738420575857162
LOL-v2,Real_captured,00775.png,without_darkness_gate,15.85291806267601,0.8089222311973572,0.11340917646884918,0.08644024282693863
LOL-v2,Real_captured,00776.png,full,18.71133740795055,0.836017370223999,0.09810899198055267,0.07433312386274338
LOL-v2,Real_captured,00776.png,retinex_base_only,12.903740426844568,0.49816450476646423,0.19879299402236938,0.17737990617752075
LOL-v2,Real_captured,00776.png,without_residual_refinement,24.2770714276279,0.8430344462394714,0.09231880307197571,0.07007376849651337
LOL-v2,Real_captured,00776.png,without_tapetum_update,15.974429046752935,0.7113882303237915,0.1634589433670044,0.13898566365242004
LOL-v2,Real_captured,00776.png,without_attention_modulation,18.697315093178602,0.8352340459823608,0.09807188808917999,0.0749698132276535
LOL-v2,Real_captured,00776.png,without_spatial_amplification,15.97490001709841,0.7112223505973816,0.16343998908996582,0.13905516266822815
LOL-v2,Real_captured,00776.png,without_high_frequency_cue,18.711336506089996,0.8360203504562378,0.09809842705726624,0.07432552427053452
LOL-v2,Real_captured,00776.png,without_darkness_gate,14.87166783344329,0.7960798740386963,0.12035392224788666,0.09496797621250153
LOL-v2,Real_captured,00777.png,full,20.67761514978583,0.8073747754096985,0.14275668561458588,0.09993574023246765
LOL-v2,Real_captured,00777.png,retinex_base_only,12.401307056618869,0.444593220949173,0.25714603066444397,0.21721844375133514
LOL-v2,Real_captured,00777.png,without_residual_refinement,24.448827821638133,0.790472686290741,0.14144667983055115,0.10119915008544922
LOL-v2,Real_captured,00777.png,without_tapetum_update,15.278945400444988,0.6634154915809631,0.21763905882835388,0.1712380200624466
LOL-v2,Real_captured,00777.png,without_attention_modulation,20.615703590747145,0.8057844042778015,0.1445680409669876,0.10252542793750763
LOL-v2,Real_captured,00777.png,without_spatial_amplification,15.28042847360975,0.6635385751724243,0.21720129251480103,0.17095880210399628
LOL-v2,Real_captured,00777.png,without_high_frequency_cue,20.677655335055892,0.8073760271072388,0.14275483787059784,0.09993109107017517
LOL-v2,Real_captured,00777.png,without_darkness_gate,16.604959320360607,0.7759941220283508,0.16076168417930603,0.11960520595312119
LOL-v2,Real_captured,00778.png,full,20.928888873640304,0.8244369626045227,0.13216906785964966,0.09479939192533493
LOL-v2,Real_captured,00778.png,retinex_base_only,12.365059143241057,0.44168251752853394,0.25822263956069946,0.21994608640670776
LOL-v2,Real_captured,00778.png,without_residual_refinement,24.59683915911794,0.8017033338546753,0.13379161059856415,0.09698206186294556
LOL-v2,Real_captured,00778.png,without_tapetum_update,15.23033613044947,0.6635133624076843,0.2180936634540558,0.1738075613975525
LOL-v2,Real_captured,00778.png,without_attention_modulation,20.85885266163393,0.8224554657936096,0.13457126915454865,0.09788795560598373
LOL-v2,Real_captured,00778.png,without_spatial_amplification,15.23207091585322,0.6636679768562317,0.21761876344680786,0.17345303297042847
LOL-v2,Real_captured,00778.png,without_high_frequency_cue,20.928936461844174,0.8244391679763794,0.1321648508310318,0.09479492902755737
LOL-v2,Real_captured,00778.png,without_darkness_gate,16.888123173375355,0.7969182133674622,0.14735282957553864,0.10978056490421295
LOL-v2,Real_captured,00779.png,full,15.351201059097798,0.763708233833313,0.14952096343040466,0.11603201925754547
LOL-v2,Real_captured,00779.png,retinex_base_only,16.451663648894623,0.711243748664856,0.18533870577812195,0.13710597157478333
LOL-v2,Real_captured,00779.png,without_residual_refinement,20.025445168668853,0.8406163454055786,0.12579979002475739,0.09444116801023483
LOL-v2,Real_captured,00779.png,without_tapetum_update,20.726091669053282,0.8532981276512146,0.13631801307201385,0.09299097955226898
LOL-v2,Real_captured,00779.png,without_attention_modulation,15.32494664035108,0.7619208693504333,0.16096632182598114,0.12627699971199036
LOL-v2,Real_captured,00779.png,without_spatial_amplification,20.720262144710965,0.8529407382011414,0.1367761641740799,0.09330376237630844
LOL-v2,Real_captured,00779.png,without_high_frequency_cue,15.350952556961005,0.7637053728103638,0.14946815371513367,0.1159839928150177
LOL-v2,Real_captured,00779.png,without_darkness_gate,13.504131141761505,0.7168564796447754,0.18010792136192322,0.14574024081230164
LOL-v2,Real_captured,00780.png,full,15.385344634621262,0.7652171850204468,0.14998507499694824,0.11529326438903809
LOL-v2,Real_captured,00780.png,retinex_base_only,16.43628066682318,0.7102391719818115,0.18666204810142517,0.1393439769744873
LOL-v2,Real_captured,00780.png,without_residual_refinement,20.080954792296808,0.8418223857879639,0.1265670210123062,0.09359222650527954
LOL-v2,Real_captured,00780.png,without_tapetum_update,20.705624931260648,0.8531743288040161,0.13720153272151947,0.09438125789165497
LOL-v2,Real_captured,00780.png,without_attention_modulation,15.357467122788126,0.7633062601089478,0.16316944360733032,0.12685304880142212
LOL-v2,Real_captured,00780.png,without_spatial_amplification,20.69994302101439,0.8528211712837219,0.13759282231330872,0.09482089430093765
LOL-v2,Real_captured,00780.png,without_high_frequency_cue,15.38510115933692,0.765214741230011,0.14993837475776672,0.11525368690490723
LOL-v2,Real_captured,00780.png,without_darkness_gate,13.535366649370612,0.7184610366821289,0.1814395636320114,0.1451105773448944
LOL-v2,Real_captured,00781.png,full,23.725825704481835,0.8575530648231506,0.10753832012414932,0.0655185803771019
LOL-v2,Real_captured,00781.png,retinex_base_only,10.821573566546597,0.4197879433631897,0.2630145847797394,0.2596389651298523
LOL-v2,Real_captured,00781.png,without_residual_refinement,23.923821601204637,0.8474768996238708,0.1141081377863884,0.07357677817344666
LOL-v2,Real_captured,00781.png,without_tapetum_update,13.289733729845617,0.6057961583137512,0.21365264058113098,0.20024466514587402
LOL-v2,Real_captured,00781.png,without_attention_modulation,23.72401715902725,0.857538104057312,0.10758959501981735,0.0655345544219017
LOL-v2,Real_captured,00781.png,without_spatial_amplification,13.289866932159914,0.6057637333869934,0.21357960999011993,0.2002914547920227
LOL-v2,Real_captured,00781.png,without_high_frequency_cue,23.72582856594665,0.8575534224510193,0.10753819346427917,0.0655183494091034
LOL-v2,Real_captured,00781.png,without_darkness_gate,19.02046509779817,0.8296869993209839,0.13499341905117035,0.09810579568147659
LOL-v2,Real_captured,00782.png,full,24.173760923350223,0.8778684139251709,0.1012352854013443,0.06385686993598938
LOL-v2,Real_captured,00782.png,retinex_base_only,10.82305242718714,0.42662951350212097,0.25985482335090637,0.25790899991989136
LOL-v2,Real_captured,00782.png,without_residual_refinement,24.317786540689447,0.867396891117096,0.10753073543310165,0.07175541669130325
LOL-v2,Real_captured,00782.png,without_tapetum_update,13.29520805194453,0.6160650849342346,0.21062017977237701,0.19744734466075897
LOL-v2,Real_captured,00782.png,without_attention_modulation,24.171867175964508,0.8778640627861023,0.10118870437145233,0.0639004185795784
LOL-v2,Real_captured,00782.png,without_spatial_amplification,13.295334857313602,0.6160281896591187,0.21057415008544922,0.19749407470226288
LOL-v2,Real_captured,00782.png,without_high_frequency_cue,24.17376488879586,0.8778687715530396,0.10123535990715027,0.06385602802038193
LOL-v2,Real_captured,00782.png,without_darkness_gate,19.22665055790249,0.8506098985671997,0.12831389904022217,0.09612986445426941
LOL-v2,Real_captured,00783.png,full,24.120652355582624,0.8769291043281555,0.09978820383548737,0.06018900126218796
LOL-v2,Real_captured,00783.png,retinex_base_only,10.821936001137962,0.42642778158187866,0.25911498069763184,0.25689804553985596
LOL-v2,Real_captured,00783.png,without_residual_refinement,24.250717763053046,0.866346538066864,0.10654529929161072,0.06944233179092407
LOL-v2,Real_captured,00783.png,without_tapetum_update,13.293526762381694,0.6158841252326965,0.20936039090156555,0.1969883143901825
LOL-v2,Real_captured,00783.png,without_attention_modulation,24.118823908539873,0.8769272565841675,0.0998181626200676,0.060213059186935425
LOL-v2,Real_captured,00783.png,without_spatial_amplification,13.293659390303539,0.6158474683761597,0.20927640795707703,0.19704365730285645
LOL-v2,Real_captured,00783.png,without_high_frequency_cue,24.12065444478147,0.8769293427467346,0.09978748857975006,0.06018824502825737
LOL-v2,Real_captured,00783.png,without_darkness_gate,19.198177334887625,0.8495644927024841,0.12651383876800537,0.09314350038766861
LOL-v2,Real_captured,00784.png,full,23.876996017321453,0.8099237680435181,0.17861540615558624,0.08692680299282074
LOL-v2,Real_captured,00784.png,retinex_base_only,10.654917892540347,0.38962551951408386,0.3251669704914093,0.28947341442108154
LOL-v2,Real_captured,00784.png,without_residual_refinement,22.806664481358027,0.7992739677429199,0.1848735809326172,0.09529799968004227
LOL-v2,Real_captured,00784.png,without_tapetum_update,13.050410745580468,0.5639035701751709,0.2805962860584259,0.230084627866745
LOL-v2,Real_captured,00784.png,without_attention_modulation,23.833905424066863,0.8098947405815125,0.1791594922542572,0.08579546958208084
LOL-v2,Real_captured,00784.png,without_spatial_amplification,13.050554441808604,0.5638744235038757,0.2803945243358612,0.22978785634040833
LOL-v2,Real_captured,00784.png,without_high_frequency_cue,23.876996511124847,0.8099239468574524,0.17861546576023102,0.08692719042301178
LOL-v2,Real_captured,00784.png,without_darkness_gate,19.75710092329934,0.7922908663749695,0.19569796323776245,0.10474284738302231
LOL-v2,Real_captured,00785.png,full,23.752792708725877,0.8015609383583069,0.1782459020614624,0.09479216486215591
LOL-v2,Real_captured,00785.png,retinex_base_only,10.654180146438426,0.38718143105506897,0.3231421709060669,0.2944501042366028
LOL-v2,Real_captured,00785.png,without_residual_refinement,22.75174261949048,0.7916151285171509,0.18367807567119598,0.10474145412445068
LOL-v2,Real_captured,00785.png,without_tapetum_update,13.047823394252374,0.559901237487793,0.27657487988471985,0.23648753762245178
LOL-v2,Real_captured,00785.png,without_attention_modulation,23.70850978471699,0.8013811111450195,0.17833584547042847,0.09303835779428482
LOL-v2,Real_captured,00785.png,without_spatial_amplification,13.047952643618094,0.5598707795143127,0.27635520696640015,0.23627668619155884
LOL-v2,Real_captured,00785.png,without_high_frequency_cue,23.752793668488337,0.8015611171722412,0.1782459318637848,0.09479209780693054
LOL-v2,Real_captured,00785.png,without_darkness_gate,19.699774252314906,0.7835936546325684,0.1974218785762787,0.11279528588056564
LOL-v2,Real_captured,00786.png,full,24.006250928822972,0.8136677145957947,0.1790369600057602,0.09285125136375427
LOL-v2,Real_captured,00786.png,retinex_base_only,10.652188368916933,0.39072102308273315,0.32640141248703003,0.28141528367996216
LOL-v2,Real_captured,00786.png,without_residual_refinement,22.837896090202467,0.8024178147315979,0.18530656397342682,0.10144197195768356
LOL-v2,Real_captured,00786.png,without_tapetum_update,13.048198750267737,0.5661221146583557,0.2822211980819702,0.2234889417886734
LOL-v2,Real_captured,00786.png,without_attention_modulation,23.963827996519875,0.8135486245155334,0.17994455993175507,0.0901913195848465
LOL-v2,Real_captured,00786.png,without_spatial_amplification,13.048351513134197,0.5660945177078247,0.28195786476135254,0.22326162457466125
LOL-v2,Real_captured,00786.png,without_high_frequency_cue,24.006251437543852,0.813667893409729,0.1790376901626587,0.09285182505846024
LOL-v2,Real_captured,00786.png,without_darkness_gate,19.832154009322455,0.7958158254623413,0.19664247334003448,0.11138410866260529
LOL-v2,Real_captured,00787.png,full,21.094736590103857,0.8082461953163147,0.17164742946624756,0.10269968956708908
LOL-v2,Real_captured,00787.png,retinex_base_only,13.594635302230504,0.46200481057167053,0.29438167810440063,0.22336845099925995
LOL-v2,Real_captured,00787.png,without_residual_refinement,24.806202914871037,0.7960492968559265,0.1770172119140625,0.1078348457813263
LOL-v2,Real_captured,00787.png,without_tapetum_update,17.360937925269365,0.697637140750885,0.23355960845947266,0.16212715208530426
LOL-v2,Real_captured,00787.png,without_attention_modulation,20.981603334158798,0.8074848055839539,0.1745423972606659,0.10172242671251297
LOL-v2,Real_captured,00787.png,without_spatial_amplification,17.362916504727174,0.6977406144142151,0.23317044973373413,0.16153724491596222
LOL-v2,Real_captured,00787.png,without_high_frequency_cue,21.09475480501494,0.8082455992698669,0.17164483666419983,0.10268902778625488
LOL-v2,Real_captured,00787.png,without_darkness_gate,17.95330924414817,0.7768728137016296,0.18083518743515015,0.11379454284906387
LOL-v2,Real_captured,00788.png,full,22.015202147786162,0.8129698038101196,0.1693550944328308,0.10281301289796829
LOL-v2,Real_captured,00788.png,retinex_base_only,13.408493827122657,0.44323936104774475,0.30128440260887146,0.2288532555103302
LOL-v2,Real_captured,00788.png,without_residual_refinement,24.369151455164957,0.7893272042274475,0.1768077164888382,0.10851489007472992
LOL-v2,Real_captured,00788.png,without_tapetum_update,17.07925353012733,0.6872400045394897,0.23655840754508972,0.16415342688560486
LOL-v2,Real_captured,00788.png,without_attention_modulation,21.9161204872982,0.8124920129776001,0.17368365824222565,0.10206171870231628
LOL-v2,Real_captured,00788.png,without_spatial_amplification,17.08155892268454,0.6873879432678223,0.23615524172782898,0.16361837089061737
LOL-v2,Real_captured,00788.png,without_high_frequency_cue,22.015220481499345,0.8129690289497375,0.16934992372989655,0.10279756784439087
LOL-v2,Real_captured,00788.png,without_darkness_gate,18.772644596011713,0.7844923734664917,0.17821377515792847,0.11298885196447372
LOL-v2,Real_captured,00789.png,full,21.935367804012902,0.8125859498977661,0.16925761103630066,0.10465173423290253
LOL-v2,Real_captured,00789.png,retinex_base_only,13.423251890302272,0.44555655121803284,0.2998237609863281,0.23023797571659088
LOL-v2,Real_captured,00789.png,without_residual_refinement,24.433803396542363,0.7904431223869324,0.1766422688961029,0.11119644343852997
LOL-v2,Real_captured,00789.png,without_tapetum_update,17.101493168524954,0.6891700625419617,0.23642495274543762,0.16606281697750092
LOL-v2,Real_captured,00789.png,without_attention_modulation,21.837639147283223,0.8123899102210999,0.17262843251228333,0.1042666956782341
LOL-v2,Real_captured,00789.png,without_spatial_amplification,17.103814137255497,0.6893061995506287,0.23609858751296997,0.16547667980194092
LOL-v2,Real_captured,00789.png,without_high_frequency_cue,21.935382014352292,0.8125848174095154,0.16925188899040222,0.1046406701207161
LOL-v2,Real_captured,00789.png,without_darkness_gate,18.71009061428046,0.7836315035820007,0.17779098451137543,0.11551064252853394
